Workbook
Name \0: #REF!
Name \C: #REF!
Name \E: #REF!
Name \F: #REF!
Name \I: #REF!
Name \J: #REF!
Name \M: #REF!
Name \N: #REF!
Name \p: #N/A
Name \pp: #REF!
Name \S: #REF!
Name \T: #REF!
Name \X: #REF!
Name \Z: #REF!
Name __material_he_tubes_alternative: #REF!
Name __sf400: #REF!
Name __sf404: #REF!
Name _1: #REF!
Name _1000A01: #N/A
Name _2: #REF!
Name _6: #REF!
Name _8: #REF!
Name _APP1: #REF!
Name _APP2: #REF!
Name _APP3: #REF!
Name _APP4: #REF!
Name _bal11: #REF!
Name _bal12: #REF!
Name _bal6: #REF!
Name _BTM150: #REF!
Name _BTM200: #REF!
Name _BTM50: #REF!
Name _BYE1: #REF!
Name _BYE2: #REF!
Name _BYE3: #REF!
Name _BYE4: #REF!
Name _C: #REF!
Name _CAL1: #REF!
Name _CAL2: #REF!
Name _CAL3: #REF!
Name _CAL4: #REF!
Name _CHK1: #REF!
Name _CHK2: #REF!
Name _CHK3: #REF!
Name _CHK4: #REF!
Name _CON1: #REF!
Name _CON2: #REF!
Name _cs805: #REF!
Name _DAT1: #REF!
Name _DAT2: #REF!
Name _DAT3: #REF!
Name _DAT4: #REF!
Name _DCS1: #REF!
Name _DCS2: #REF!
Name _ddn400: #REF!
Name _ddn600: #REF!
Name _DESIGN_MAT_SHELL: #REF!
Name _DESIGN_MAT_TUBES: #REF!
Name _DESIGN_TEMP_MAX_1: #REF!
Name _DESIGN_TEMP_MAX_2: #REF!

Sheet Chart1

Sheet MDR-Detailed Design-A10
B2: ENGINEERING, PROCUREMENT, CONSTRUCTION, AND INSTALLATION OF WELLHEAD PLATFORMS, ASSOCIATED PIPELINES AND BROWNFIELD MODIFICATIONS FOR ZAWTIKA DEVELOPMENT PROJECT PHASE 1F
B3: MASTER DOCUMENT REGISTER
C4: COMPANY: | D4: PTTEPI | AI4: Document No:
C5: CONTRACT NO.: | D5: MM25-5001 | AI5: Date:
C6: Project Field | D6: ZTK | AI6: Rev.: | BB6: PLAN | FT6: PLAN | KL6: PLAN
C7: Phase Code | D7: 1F | AP7: MM-ZTK-1F-GEN-PJM-MDR-0001 | AV7: =AZ7-7 -> 46269 | AZ7: 46276 | BB7: 2026 | CW7: 2027 | EX7: 2028 | FT7: 2026 | HO7: 2027 | JP7: 2028 | KL7: 2026 | MG7: 2027 | OH7: 2028
AP8: Updated on : | AR8: =AZ7 -> 46276 | AU8: Progress | BB8: =TEXT(BB10,"mmmm")&"-"&TEXT(BB10,"YYYY") -> February-2026 | BF8: =TEXT(BF10,"mmmm")&"-"&TEXT(BF10,"YYYY") -> March-2026 | BJ8: =TEXT(BK10,"mmmm")&"-"&TEXT(BK10,"YYYY") -> April-2026 | BN8: =TEXT(BO10,"mmmm")&"-"&TEXT(BO10,"YYYY") -> May-2026 | BS8: =TEXT(BT10,"mmmm")&"-"&TEXT(BT10,"YYYY") -> June-2026 | BW8: =TEXT(BX10,"mmmm")&"-"&TEXT(BX10,"YYYY") -> July-2026 | CB8: =TEXT(CB10,"mmmm")&"-"&TEXT(CB10,"YYYY") -> August-2026 | CF8: =TEXT(CG10,"mmmm")&"-"&TEXT(CG10,"YYYY") -> September-2026 | CJ8: =TEXT(CK10,"mmmm")&"-"&TEXT(CK10,"YYYY") -> October-2026 | CO8: =TEXT(CO10,"mmmm")&"-"&TEXT(CO10,"YYYY") -> November-2026 | CS8: =TEXT(CT10,"mmmm")&"-"&TEXT(CT10,"YYYY") -> December-2026 | CW8: =TEXT(CX10,"mmmm")&"-"&TEXT(CX10,"YYYY") -> January-2027 | DB8: =TEXT(DC10,"mmmm")&"-"&TEXT(DC10,"YYYY") -> February-2027 | DF8: =TEXT(DG10,"mmmm")&"-"&TEXT(DG10,"YYYY") -> March-2027 | DJ8: =TEXT(DK10,"mmmm")&"-"&TEXT(DK10,"YYYY") -> April-2027 | DO8: =TEXT(DO10,"mmmm")&"-"&TEXT(DO10,"YYYY") -> May-2027 | DS8: =TEXT(DT10,"mmmm")&"-"&TEXT(DT10,"YYYY") -> June-2027 | DW8: =TEXT(DX10,"mmmm")&"-"&TEXT(DX10,"YYYY") -> July-2027 | EB8: =TEXT(EB10,"mmmm")&"-"&TEXT(EB10,"YYYY") -> August-2027 | EF8: =TEXT(EG10,"mmmm")&"-"&TEXT(EG10,"YYYY") -> September-2027 | EJ8: =TEXT(EK10,"mmmm")&"-"&TEXT(EK10,"YYYY") -> October-2027 | EO8: =TEXT(EP10,"mmmm")&"-"&TEXT(EP10,"YYYY") -> November-2027 | ES8: =TEXT(ET10,"mmmm")&"-"&TEXT(ET10,"YYYY") -> December-2027 | EX8: =TEXT(EX10,"mmmm")&"-"&TEXT(EX10,"YYYY") -> January-2028 | FB8: =TEXT(FC10,"mmmm")&"-"&TEXT(FC10,"YYYY") -> February-2028 | FF8: =TEXT(FG10,"mmmm")&"-"&TEXT(FG10,"YYYY") -> March-2028 | FK8: =TEXT(FK10,"mmmm")&"-"&TEXT(FK10,"YYYY") -> April-2028 | FO8: =TEXT(FP10,"mmmm")&"-"&TEXT(FP10,"YYYY") -> May-2028 | FT8: =TEXT(FT10,"mmmm")&"-"&TEXT(FT10,"YYYY") -> February-2026 | FX8: =TEXT(FX10,"mmmm")&"-"&TEXT(FX10,"YYYY") -> March-2026 | GB8: =TEXT(GC10,"mmmm")&"-"&TEXT(GC10,"YYYY") -> April-2026 | GF8: =TEXT(GG10,"mmmm")&"-"&TEXT(GG10,"YYYY") -> May-2026 | GK8: =TEXT(GL10,"mmmm")&"-"&TEXT(GL10,"YYYY") -> June-2026 | GO8: =TEXT(GP10,"mmmm")&"-"&TEXT(GP10,"YYYY") -> July-2026 | GT8: =TEXT(GT10,"mmmm")&"-"&TEXT(GT10,"YYYY") -> August-2026 | GX8: =TEXT(GY10,"mmmm")&"-"&TEXT(GY10,"YYYY") -> September-2026 | HB8: =TEXT(HC10,"mmmm")&"-"&TEXT(HC10,"YYYY") -> October-2026 | HG8: =TEXT(HG10,"mmmm")&"-"&TEXT(HG10,"YYYY") -> November-2026 | HK8: =TEXT(HL10,"mmmm")&"-"&TEXT(HL10,"YYYY") -> December-2026 | HO8: =TEXT(HP10,"mmmm")&"-"&TEXT(HP10,"YYYY") -> January-2027 | HT8: =TEXT(HU10,"mmmm")&"-"&TEXT(HU10,"YYYY") -> February-2027 | HX8: =TEXT(HY10,"mmmm")&"-"&TEXT(HY10,"YYYY") -> March-2027 | IB8: =TEXT(IC10,"mmmm")&"-"&TEXT(IC10,"YYYY") -> April-2027 | IG8: =TEXT(IG10,"mmmm")&"-"&TEXT(IG10,"YYYY") -> May-2027 | IK8: =TEXT(IL10,"mmmm")&"-"&TEXT(IL10,"YYYY") -> June-2027 | IO8: =TEXT(IP10,"mmmm")&"-"&TEXT(IP10,"YYYY") -> July-2027 | IT8: =TEXT(IT10,"mmmm")&"-"&TEXT(IT10,"YYYY") -> August-2027 | IX8: =TEXT(IY10,"mmmm")&"-"&TEXT(IY10,"YYYY") -> September-2027 | JB8: =TEXT(JC10,"mmmm")&"-"&TEXT(JC10,"YYYY") -> October-2027 | JG8: =TEXT(JH10,"mmmm")&"-"&TEXT(JH10,"YYYY") -> November-2027 | JK8: =TEXT(JL10,"mmmm")&"-"&TEXT(JL10,"YYYY") -> December-2027 | JP8: =TEXT(JP10,"mmmm")&"-"&TEXT(JP10,"YYYY") -> January-2028 | JT8: =TEXT(JU10,"mmmm")&"-"&TEXT(JU10,"YYYY") -> February-2028 | JX8: =TEXT(JY10,"mmmm")&"-"&TEXT(JY10,"YYYY") -> March-2028 | KC8: =TEXT(KC10,"mmmm")&"-"&TEXT(KC10,"YYYY") -> April-2028 | KG8: =TEXT(KH10,"mmmm")&"-"&TEXT(KH10,"YYYY") -> May-2028 | KL8: =TEXT(KL10,"mmmm")&"-"&TEXT(KL10,"YYYY") -> February-2026 | KP8: =TEXT(KP10,"mmmm")&"-"&TEXT(KP10,"YYYY") -> March-2026 | KT8: =TEXT(KU10,"mmmm")&"-"&TEXT(KU10,"YYYY") -> April-2026 | KX8: =TEXT(KY10,"mmmm")&"-"&TEXT(KY10,"YYYY") -> May-2026 | LC8: =TEXT(LD10,"mmmm")&"-"&TEXT(LD10,"YYYY") -> June-2026 | LG8: =TEXT(LH10,"mmmm")&"-"&TEXT(LH10,"YYYY") -> July-2026 | LL8: =TEXT(LL10,"mmmm")&"-"&TEXT(LL10,"YYYY") -> August-2026 | LP8: =TEXT(LQ10,"mmmm")&"-"&TEXT(LQ10,"YYYY") -> September-2026 | LT8: =TEXT(LU10,"mmmm")&"-"&TEXT(LU10,"YYYY") -> October-2026 | LY8: =TEXT(LY10,"mmmm")&"-"&TEXT(LY10,"YYYY") -> November-2026 | MC8: =TEXT(MD10,"mmmm")&"-"&TEXT(MD10,"YYYY") -> December-2026 | MG8: =TEXT(MH10,"mmmm")&"-"&TEXT(MH10,"YYYY") -> January-2027 | ML8: =TEXT(MM10,"mmmm")&"-"&TEXT(MM10,"YYYY") -> February-2027 | MP8: =TEXT(MQ10,"mmmm")&"-"&TEXT(MQ10,"YYYY") -> March-2027 | MT8: =TEXT(MU10,"mmmm")&"-"&TEXT(MU10,"YYYY") -> April-2027 | MY8: =TEXT(MY10,"mmmm")&"-"&TEXT(MY10,"YYYY") -> May-2027 | NC8: =TEXT(ND10,"mmmm")&"-"&TEXT(ND10,"YYYY") -> June-2027 | NG8: =TEXT(NH10,"mmmm")&"-"&TEXT(NH10,"YYYY") -> July-2027 | NL8: =TEXT(NL10,"mmmm")&"-"&TEXT(NL10,"YYYY") -> August-2027 | NP8: =TEXT(NQ10,"mmmm")&"-"&TEXT(NQ10,"YYYY") -> September-2027 | NT8: =TEXT(NU10,"mmmm")&"-"&TEXT(NU10,"YYYY") -> October-2027 | NY8: =TEXT(NZ10,"mmmm")&"-"&TEXT(NZ10,"YYYY") -> November-2027 | OC8: =TEXT(OD10,"mmmm")&"-"&TEXT(OD10,"YYYY") -> December-2027 | OH8: =TEXT(OH10,"mmmm")&"-"&TEXT(OH10,"YYYY") -> January-2028 | OL8: =TEXT(OM10,"mmmm")&"-"&TEXT(OM10,"YYYY") -> February-2028 | OP8: =TEXT(OQ10,"mmmm")&"-"&TEXT(OQ10,"YYYY") -> March-2028 | OU8: =TEXT(OU10,"mmmm")&"-"&TEXT(OU10,"YYYY") -> April-2028 | OY8: =TEXT(OZ10,"mmmm")&"-"&TEXT(OZ10,"YYYY") -> May-2028
M9: IDC | Q9: IFR | Z9: IFA | AI9: AFC | AP9: AP | AS9: Qty | AT9: % | AU9: Cummulative Last Week | AX9: Cummulative This Week | BB9: =TEXT(BB10,"dd") -> 06 | BC9: =TEXT(BC10,"dd") -> 13 | BD9: =TEXT(BD10,"dd") -> 20 | BE9: =TEXT(BE10,"dd") -> 27 | BF9: =TEXT(BF10,"dd") -> 06 | BG9: =TEXT(BG10,"dd") -> 13 | BH9: =TEXT(BH10,"dd") -> 20 | BI9: =TEXT(BI10,"dd") -> 27 | ... FR9: =TEXT(FR10,"dd") -> 26 | FT9: =TEXT(FT10,"dd") -> 06 | FU9: =TEXT(FU10,"dd") -> 13 | FV9: =TEXT(FV10,"dd") -> 20 | FW9: =TEXT(FW10,"dd") -> 27 | FX9: =TEXT(FX10,"dd") -> 06 | FY9: =TEXT(FY10,"dd") -> 13 | FZ9: =TEXT(FZ10,"dd") -> 20 | GA9: =TEXT(GA10,"dd") -> 27 | ... KJ9: =TEXT(KJ10,"dd") -> 26 | KL9: =TEXT(KL10,"dd") -> 06 | KM9: =TEXT(KM10,"dd") -> 13 | KN9: =TEXT(KN10,"dd") -> 20 | KO9: =TEXT(KO10,"dd") -> 27 | KP9: =TEXT(KP10,"dd") -> 06 | KQ9: =TEXT(KQ10,"dd") -> 13 | KR9: =TEXT(KR10,"dd") -> 20 | KS9: =TEXT(KS10,"dd") -> 27 | ... PB9: =TEXT(PB10,"dd") -> 26
B10: No. | C10: Area | D10: Disc | E10: Type | F10: Seq.no | G10: Format | I10: Document No. | J10: Document Title | K10: Class | L10: Remarks | M10: REV | N10: Issue To TJE | O10: TJE Return Comment | P10: CRS submission Date | Q10: REV | R10: Issue To TJE | S10: TJE Return Comment | T10: Re-Issue To TJE | U10: PLAN | V10: ACTUAL | W10: Forecast | X10: PTTEPI Return Comment | Y10: CRS submission Date | Z10: REV | AA10: Issue To TJE | AB10: TJE Return Comment | AC10: Re-Issue To TJE | AD10: PLAN | AE10: ACTUAL | AF10: Forecast | AG10: PTTEPI Return Comment | AH10: CRS submission Date | AI10: REV | AJ10: Issue To TJE | AK10: PLAN | AL10: ACTUAL | AM10: PTTEPI return | AN10: Forecast | AO10: Forecast | AP10: PLAN | AQ10: ACTUAL | AR10: Forecast | AU10: Plan | AV10: Actual | AW10: Deviation | AX10: Plan | AY10: Actual | AZ10: Deviation | BB10: 46059 | BC10: =BB10+7 -> 46066 | BD10: =BC10+7 -> 46073 | BE10: =BD10+7 -> 46080 | BF10: =BE10+7 -> 46087 | BG10: =BF10+7 -> 46094 | BH10: =BG10+7 -> 46101 | BI10: =BH10+7 -> 46108 | BJ10: =BI10+7 -> 46115 | ... FR10: =FQ10+7 -> 46899 | FT10: 46059 | FU10: =FT10+7 -> 46066 | FV10: =FU10+7 -> 46073 | FW10: =FV10+7 -> 46080 | FX10: =FW10+7 -> 46087 | FY10: =FX10+7 -> 46094 | FZ10: =FY10+7 -> 46101 | GA10: =FZ10+7 -> 46108 | GB10: =GA10+7 -> 46115 | ... KJ10: =KI10+7 -> 46899 | KL10: 46059 | KM10: =KL10+7 -> 46066 | KN10: =KM10+7 -> 46073 | KO10: =KN10+7 -> 46080 | KP10: =KO10+7 -> 46087 | KQ10: =KP10+7 -> 46094 | KR10: =KQ10+7 -> 46101 | KS10: =KR10+7 -> 46108 | KT10: =KS10+7 -> 46115 | ... PB10: =PA10+7 -> 46899 | PD10: IFR | PF10: IFA | PH10: IFC | PJ10: APP
A11: 1 | B11: Engineering - Pipeline Detailed Design | U11: 0.5 | AD11: 0.2 | AK11: 0.1 | AP11: 0.2 | AS11: =SUM(AS12:AS213) -> 122
A12: 2 | B12: General
A13: 3 | B13: Basis of Design
A14: 4 | B14: 1 | C14: IPX | D14: PLR | E14: BOD | F14: 9001 | G14: docx | I14: =CONCATENATE("MM-",$D$6,"-",$D$7,"-",C14,"-",D14,"-",E14,"-",F14) -> MM-ZTK-1F-IPX-PLR-BOD-9001 | J14: Pipeline and Riser Design Basis and Design Criteria | M14: R1 | N14: =VLOOKUP(I14,'MS Project'!$B$6:$F$189,5,FALSE) -> 46123 | O14: =N14+7 -> 46130 | P14: =O14+3 -> 46133 | Q14: A1 | R14: =P14+2 -> 46135 | S14: =R14+2 -> 46137 | T14: =S14+3 -> 46140 | U14: =T14+1 -> 46141 | V14: 46141 | W14: =V14 -> 46141 | X14: =U14+14 -> 46155 | Y14: =X14+2 -> 46157 | Z14: B1 | AA14: =Y14+4 -> 46161 | AB14: =AA14+3 -> 46164 | AC14: =AB14+4 -> 46168 | AD14: =AC14+1 -> 46169 | AE14: 46192 | AF14: =AE14 -> 46192 | AG14: =AD14+14 -> 46183 | AH14: =AG14+2 -> 46185 | AI14: C1 | AJ14: =AH14+4 -> 46189 | AK14: =AJ14+1 -> 46190 | AL14: 46223 | AM14: =AK14+14 -> 46204 | AO14: =AF14+14 -> 46206 | AP14: =AM14 -> 46204 | AR14: =AP14 -> 46204 | AS14: 1 | AT14: =AS14/$AS$11 -> 0.0081967213 | AU14: =IF($U14>0,IF($U14<=$AV$7,$AT14*$U$11,0))+IF($AD14>0,IF($AD14<=$AV$7,$AT14*$AD$11,0))+IF($AK14>0,IF($AK14<=$AV$7,$AT14*$AK$11,0))+IF($AP14>0,IF($AP14<=$AV$7,$AT14*$AP$11,0)) -> 0.0081967213 | AV14: =IF($V14>0,IF($V14<=$AV$7,$AT14*$U$11,0))+IF($AE14>0,IF($AE14<=$AV$7,$AT14*$AD$11,0))+IF($AL14>0,IF($AL14<=$AV$7,$AT14*$AK$11,0))+IF($AQ14>0,IF($AQ14<=$AV$7,$AT14*$AP$11,0)) -> 0.006557377 | AW14: =AV14-AU14 -> -0.0016393443 | AX14: =IF($U14>0,IF($U14<=$AZ$7,$AT14*$U$11,0))+IF($AD14>0,IF($AD14<=$AZ$7,$AT14*$AD$11,0))+IF($AK14>0,IF($AK14<=$AZ$7,$AT14*$AK$11,0))+IF($AP14>0,IF($AP14<=$AZ$7,$AT14*$AP$11,0)) -> 0.0081967213 | AY14: =IF($V14>0,IF($V14<=$AZ$7,$AT14*$U$11,0))+IF($AE14>0,IF($AE14<=$AZ$7,$AT14*$AD$11,0))+IF($AL14>0,IF($AL14<=$AZ$7,$AT14*$AK$11,0))+IF($AQ14>0,IF($AQ14<=$AZ$7,$AT14*$AP$11,0)) -> 0.006557377 | AZ14: =AY14-AX14 -> -0.0016393443 | BB14: =IF(AND($U14>BA$10,$U14<=BB$10),$AT14*$U$11,0)+IF(AND($AD14>BA$10,$AD14<=BB$10),$AT14*$AD$11,0)+IF(AND($AK14>BA$10,$AK14<=BB$10),$AT14*$AK$11,0)+IF(AND($AP14>BA$10,$AP14<=BB$10),$AT14*$AP$11,0) -> 0 | BC14: =IF(AND($U14>BB$10,$U14<=BC$10),$AT14*$U$11,0)+IF(AND($AD14>BB$10,$AD14<=BC$10),$AT14*$AD$11,0)+IF(AND($AK14>BB$10,$AK14<=BC$10),$AT14*$AK$11,0)+IF(AND($AP14>BB$10,$AP14<=BC$10),$AT14*$AP$11,0) -> 0 | BD14: =IF(AND($U14>BC$10,$U14<=BD$10),$AT14*$U$11,0)+IF(AND($AD14>BC$10,$AD14<=BD$10),$AT14*$AD$11,0)+IF(AND($AK14>BC$10,$AK14<=BD$10),$AT14*$AK$11,0)+IF(AND($AP14>BC$10,$AP14<=BD$10),$AT14*$AP$11,0) -> 0 | BE14: =IF(AND($U14>BD$10,$U14<=BE$10),$AT14*$U$11,0)+IF(AND($AD14>BD$10,$AD14<=BE$10),$AT14*$AD$11,0)+IF(AND($AK14>BD$10,$AK14<=BE$10),$AT14*$AK$11,0)+IF(AND($AP14>BD$10,$AP14<=BE$10),$AT14*$AP$11,0) -> 0 | BF14: =IF(AND($U14>BE$10,$U14<=BF$10),$AT14*$U$11,0)+IF(AND($AD14>BE$10,$AD14<=BF$10),$AT14*$AD$11,0)+IF(AND($AK14>BE$10,$AK14<=BF$10),$AT14*$AK$11,0)+IF(AND($AP14>BE$10,$AP14<=BF$10),$AT14*$AP$11,0) -> 0 | BG14: =IF(AND($U14>BF$10,$U14<=BG$10),$AT14*$U$11,0)+IF(AND($AD14>BF$10,$AD14<=BG$10),$AT14*$AD$11,0)+IF(AND($AK14>BF$10,$AK14<=BG$10),$AT14*$AK$11,0)+IF(AND($AP14>BF$10,$AP14<=BG$10),$AT14*$AP$11,0) -> 0 | BH14: =IF(AND($U14>BG$10,$U14<=BH$10),$AT14*$U$11,0)+IF(AND($AD14>BG$10,$AD14<=BH$10),$AT14*$AD$11,0)+IF(AND($AK14>BG$10,$AK14<=BH$10),$AT14*$AK$11,0)+IF(AND($AP14>BG$10,$AP14<=BH$10),$AT14*$AP$11,0) -> 0 | BI14: =IF(AND($U14>BH$10,$U14<=BI$10),$AT14*$U$11,0)+IF(AND($AD14>BH$10,$AD14<=BI$10),$AT14*$AD$11,0)+IF(AND($AK14>BH$10,$AK14<=BI$10),$AT14*$AK$11,0)+IF(AND($AP14>BH$10,$AP14<=BI$10),$AT14*$AP$11,0) -> 0 | ... FR14: =IF(AND($U14>FQ$10,$U14<=FR$10),$AT14*$U$11,0)+IF(AND($AD14>FQ$10,$AD14<=FR$10),$AT14*$AD$11,0)+IF(AND($AK14>FQ$10,$AK14<=FR$10),$AT14*$AK$11,0)+IF(AND($AP14>FQ$10,$AP14<=FR$10),$AT14*$AP$11,0) -> 0 | FT14: =IF(AND($V14>FS$10,$V14<=FT$10),$AT14*$U$11,0)+IF(AND($AE14>FS$10,$AE14<=FT$10),$AT14*$AD$11,0)+IF(AND($AL14>FS$10,$AL14<=FT$10),$AT14*$AK$11,0)+IF(AND($AQ14>FS$10,$AQ14<=FT$10),$AT14*$AP$11,0) -> 0 | FU14: =IF(AND($V14>FT$10,$V14<=FU$10),$AT14*$U$11,0)+IF(AND($AE14>FT$10,$AE14<=FU$10),$AT14*$AD$11,0)+IF(AND($AL14>FT$10,$AL14<=FU$10),$AT14*$AK$11,0)+IF(AND($AQ14>FT$10,$AQ14<=FU$10),$AT14*$AP$11,0) -> 0 | FV14: =IF(AND($V14>FU$10,$V14<=FV$10),$AT14*$U$11,0)+IF(AND($AE14>FU$10,$AE14<=FV$10),$AT14*$AD$11,0)+IF(AND($AL14>FU$10,$AL14<=FV$10),$AT14*$AK$11,0)+IF(AND($AQ14>FU$10,$AQ14<=FV$10),$AT14*$AP$11,0) -> 0 | FW14: =IF(AND($V14>FV$10,$V14<=FW$10),$AT14*$U$11,0)+IF(AND($AE14>FV$10,$AE14<=FW$10),$AT14*$AD$11,0)+IF(AND($AL14>FV$10,$AL14<=FW$10),$AT14*$AK$11,0)+IF(AND($AQ14>FV$10,$AQ14<=FW$10),$AT14*$AP$11,0) -> 0 | FX14: =IF(AND($V14>FW$10,$V14<=FX$10),$AT14*$U$11,0)+IF(AND($AE14>FW$10,$AE14<=FX$10),$AT14*$AD$11,0)+IF(AND($AL14>FW$10,$AL14<=FX$10),$AT14*$AK$11,0)+IF(AND($AQ14>FW$10,$AQ14<=FX$10),$AT14*$AP$11,0) -> 0 | FY14: =IF(AND($V14>FX$10,$V14<=FY$10),$AT14*$U$11,0)+IF(AND($AE14>FX$10,$AE14<=FY$10),$AT14*$AD$11,0)+IF(AND($AL14>FX$10,$AL14<=FY$10),$AT14*$AK$11,0)+IF(AND($AQ14>FX$10,$AQ14<=FY$10),$AT14*$AP$11,0) -> 0 | FZ14: =IF(AND($V14>FY$10,$V14<=FZ$10),$AT14*$U$11,0)+IF(AND($AE14>FY$10,$AE14<=FZ$10),$AT14*$AD$11,0)+IF(AND($AL14>FY$10,$AL14<=FZ$10),$AT14*$AK$11,0)+IF(AND($AQ14>FY$10,$AQ14<=FZ$10),$AT14*$AP$11,0) -> 0 | GA14: =IF(AND($V14>FZ$10,$V14<=GA$10),$AT14*$U$11,0)+IF(AND($AE14>FZ$10,$AE14<=GA$10),$AT14*$AD$11,0)+IF(AND($AL14>FZ$10,$AL14<=GA$10),$AT14*$AK$11,0)+IF(AND($AQ14>FZ$10,$AQ14<=GA$10),$AT14*$AP$11,0) -> 0 | ... KB14: =IF(AND($V14>KA$10,$V14<=KB$10),$AT14*$U$11,0)+IF(AND($AE14>KA$10,$AE14<=KB$10),$AT14*$AD$11,0)+IF(AND($AL14>KA$10,$AL14<=KB$10),$AT14*$AK$11,0)+IF(AND($AQ14>KA$10,$AQ14<=KB$10),$AT14*$AP$11,0) -> 0 | KC14: =IF(AND($U14>KB$10,$U14<=KC$10),$AT14*$U$11,0)+IF(AND($AD14>KB$10,$AD14<=KC$10),$AT14*$AD$11,0)+IF(AND($AK14>KB$10,$AK14<=KC$10),$AT14*$AK$11,0)+IF(AND($AP14>KB$10,$AP14<=KC$10),$AT14*$AP$11,0) -> 0 | KD14: =IF(AND($U14>KC$10,$U14<=KD$10),$AT14*$U$11,0)+IF(AND($AD14>KC$10,$AD14<=KD$10),$AT14*$AD$11,0)+IF(AND($AK14>KC$10,$AK14<=KD$10),$AT14*$AK$11,0)+IF(AND($AP14>KC$10,$AP14<=KD$10),$AT14*$AP$11,0) -> 0 | KE14: =IF(AND($U14>KD$10,$U14<=KE$10),$AT14*$U$11,0)+IF(AND($AD14>KD$10,$AD14<=KE$10),$AT14*$AD$11,0)+IF(AND($AK14>KD$10,$AK14<=KE$10),$AT14*$AK$11,0)+IF(AND($AP14>KD$10,$AP14<=KE$10),$AT14*$AP$11,0) -> 0 | KF14: =IF(AND($U14>KE$10,$U14<=KF$10),$AT14*$U$11,0)+IF(AND($AD14>KE$10,$AD14<=KF$10),$AT14*$AD$11,0)+IF(AND($AK14>KE$10,$AK14<=KF$10),$AT14*$AK$11,0)+IF(AND($AP14>KE$10,$AP14<=KF$10),$AT14*$AP$11,0) -> 0 | KG14: =IF(AND($U14>KF$10,$U14<=KG$10),$AT14*$U$11,0)+IF(AND($AD14>KF$10,$AD14<=KG$10),$AT14*$AD$11,0)+IF(AND($AK14>KF$10,$AK14<=KG$10),$AT14*$AK$11,0)+IF(AND($AP14>KF$10,$AP14<=KG$10),$AT14*$AP$11,0) -> 0 | KH14: =IF(AND($U14>KG$10,$U14<=KH$10),$AT14*$U$11,0)+IF(AND($AD14>KG$10,$AD14<=KH$10),$AT14*$AD$11,0)+IF(AND($AK14>KG$10,$AK14<=KH$10),$AT14*$AK$11,0)+IF(AND($AP14>KG$10,$AP14<=KH$10),$AT14*$AP$11,0) -> 0 | KI14: =IF(AND($U14>KH$10,$U14<=KI$10),$AT14*$U$11,0)+IF(AND($AD14>KH$10,$AD14<=KI$10),$AT14*$AD$11,0)+IF(AND($AK14>KH$10,$AK14<=KI$10),$AT14*$AK$11,0)+IF(AND($AP14>KH$10,$AP14<=KI$10),$AT14*$AP$11,0) -> 0 | KJ14: =IF(AND($U14>KI$10,$U14<=KJ$10),$AT14*$U$11,0)+IF(AND($AD14>KI$10,$AD14<=KJ$10),$AT14*$AD$11,0)+IF(AND($AK14>KI$10,$AK14<=KJ$10),$AT14*$AK$11,0)+IF(AND($AP14>KI$10,$AP14<=KJ$10),$AT14*$AP$11,0) -> 0 | KL14: =IF(AND($W14>KK$10,$W14<=KL$10),$AT14*$U$11,0)+IF(AND($AF14>KK$10,$AF14<=KL$10),$AT14*$AD$11,0)+IF(AND($AO14>KK$10,$AO14<=KL$10),$AT14*$AK$11,0)+IF(AND($AR14>KK$10,$AR14<=KL$10),$AT14*$AP$11,0) -> 0 | KM14: =IF(AND($W14>KL$10,$W14<=KM$10),$AT14*$U$11,0)+IF(AND($AF14>KL$10,$AF14<=KM$10),$AT14*$AD$11,0)+IF(AND($AO14>KL$10,$AO14<=KM$10),$AT14*$AK$11,0)+IF(AND($AR14>KL$10,$AR14<=KM$10),$AT14*$AP$11,0) -> 0 | KN14: =IF(AND($W14>KM$10,$W14<=KN$10),$AT14*$U$11,0)+IF(AND($AF14>KM$10,$AF14<=KN$10),$AT14*$AD$11,0)+IF(AND($AO14>KM$10,$AO14<=KN$10),$AT14*$AK$11,0)+IF(AND($AR14>KM$10,$AR14<=KN$10),$AT14*$AP$11,0) -> 0 | KO14: =IF(AND($W14>KN$10,$W14<=KO$10),$AT14*$U$11,0)+IF(AND($AF14>KN$10,$AF14<=KO$10),$AT14*$AD$11,0)+IF(AND($AO14>KN$10,$AO14<=KO$10),$AT14*$AK$11,0)+IF(AND($AR14>KN$10,$AR14<=KO$10),$AT14*$AP$11,0) -> 0 | KP14: =IF(AND($W14>KO$10,$W14<=KP$10),$AT14*$U$11,0)+IF(AND($AF14>KO$10,$AF14<=KP$10),$AT14*$AD$11,0)+IF(AND($AO14>KO$10,$AO14<=KP$10),$AT14*$AK$11,0)+IF(AND($AR14>KO$10,$AR14<=KP$10),$AT14*$AP$11,0) -> 0 | KQ14: =IF(AND($W14>KP$10,$W14<=KQ$10),$AT14*$U$11,0)+IF(AND($AF14>KP$10,$AF14<=KQ$10),$AT14*$AD$11,0)+IF(AND($AO14>KP$10,$AO14<=KQ$10),$AT14*$AK$11,0)+IF(AND($AR14>KP$10,$AR14<=KQ$10),$AT14*$AP$11,0) -> 0 | KR14: =IF(AND($W14>KQ$10,$W14<=KR$10),$AT14*$U$11,0)+IF(AND($AF14>KQ$10,$AF14<=KR$10),$AT14*$AD$11,0)+IF(AND($AO14>KQ$10,$AO14<=KR$10),$AT14*$AK$11,0)+IF(AND($AR14>KQ$10,$AR14<=KR$10),$AT14*$AP$11,0) -> 0 | KS14: =IF(AND($W14>KR$10,$W14<=KS$10),$AT14*$U$11,0)+IF(AND($AF14>KR$10,$AF14<=KS$10),$AT14*$AD$11,0)+IF(AND($AO14>KR$10,$AO14<=KS$10),$AT14*$AK$11,0)+IF(AND($AR14>KR$10,$AR14<=KS$10),$AT14*$AP$11,0) -> 0 | ... PB14: =IF(AND($W14>PA$10,$W14<=PB$10),$AT14*$U$11,0)+IF(AND($AF14>PA$10,$AF14<=PB$10),$AT14*$AD$11,0)+IF(AND($AO14>PA$10,$AO14<=PB$10),$AT14*$AK$11,0)+IF(AND($AR14>PA$10,$AR14<=PB$10),$AT14*$AP$11,0) -> 0 | PD14: =VLOOKUP($I14,[1]IFR!$B$10:$AQ$1616,1,0) -> MM-ZTK-1F-IPX-PLR-BOD-9001 | PE14: =INT(VLOOKUP($I14,[1]IFR!$B$10:$AQ$1616,20,0)) -> 46141 | PF14: =VLOOKUP($I14,[1]IFA!$B$10:$AQ$694,1,0) -> MM-ZTK-1F-IPX-PLR-BOD-9001 | PG14: =INT(VLOOKUP($I14,[1]IFA!$B$10:$AQ$694,20,0)) -> 46192 | PH14: =VLOOKUP($I14,[1]IFC!$B$10:$AQ$702,1,0) -> MM-ZTK-1F-IPX-PLR-BOD-9001 | PI14: =INT(VLOOKUP($I14,[1]IFC!$B$10:$AQ$702,20,0)) -> 46223 | PJ14: =VLOOKUP($I14,[1]IFC!$B$10:$AQ$702,17,0) -> AFC | PK14: =VLOOKUP($I14,[1]IFC!$B$10:$AQ$702,33,0) -> Approved with Comment | PL14: =VLOOKUP($I14,[1]IFC!$B$10:$AQ$702,32,0) -> AWC | PM14: =INT(VLOOKUP($I14,[1]IFC!$B$10:$AQ$702,37,0)) -> 46230
A15: 5 | B15: =B14+1 -> 2 | C15: IPX | D15: PLR | E15: BOD | F15: 9002 | G15: docx | I15: =CONCATENATE("MM-",$D$6,"-",$D$7,"-",C15,"-",D15,"-",E15,"-",F15) -> MM-ZTK-1F-IPX-PLR-BOD-9002 | J15: Seismic Consideration for Subsea Pipeline in Seismic Hazardous Area | M15: R1 | N15: =VLOOKUP(I15,'MS Project'!$B$6:$F$189,5,FALSE) -> 46123 | O15: =N15+7 -> 46130 | P15: =O15+3 -> 46133 | Q15: A1 | R15: =P15+2 -> 46135 | S15: =R15+2 -> 46137 | T15: =S15+3 -> 46140 | U15: =T15+1 -> 46141 | V15: 46141 | W15: =V15 -> 46141 | X15: =U15+14 -> 46155 | Y15: =X15+2 -> 46157 | Z15: B1 | AA15: =Y15+4 -> 46161 | AB15: =AA15+3 -> 46164 | AC15: =AB15+4 -> 46168 | AD15: =AC15+1 -> 46169 | AE15: 46199 | AF15: =AE15 -> 46199 | AG15: =AD15+14 -> 46183 | AH15: =AG15+2 -> 46185 | AI15: C1 | AJ15: =AH15+4 -> 46189 | AK15: =AJ15+1 -> 46190 | AL15: 46226 | AM15: =AK15+14 -> 46204 | AO15: =AF15+14 -> 46213 | AP15: =AM15 -> 46204 | AQ15: 46227 | AR15: =AP15 -> 46204 | AS15: 1 | AT15: =AS15/$AS$11 -> 0.0081967213 | AU15: =IF($U15>0,IF($U15<=$AV$7,$AT15*$U$11,0))+IF($AD15>0,IF($AD15<=$AV$7,$AT15*$AD$11,0))+IF($AK15>0,IF($AK15<=$AV$7,$AT15*$AK$11,0))+IF($AP15>0,IF($AP15<=$AV$7,$AT15*$AP$11,0)) -> 0.0081967213 | AV15: =IF($V15>0,IF($V15<=$AV$7,$AT15*$U$11,0))+IF($AE15>0,IF($AE15<=$AV$7,$AT15*$AD$11,0))+IF($AL15>0,IF($AL15<=$AV$7,$AT15*$AK$11,0))+IF($AQ15>0,IF($AQ15<=$AV$7,$AT15*$AP$11,0)) -> 0.0081967213 | AW15: =AV15-AU15 -> 0 | AX15: =IF($U15>0,IF($U15<=$AZ$7,$AT15*$U$11,0))+IF($AD15>0,IF($AD15<=$AZ$7,$AT15*$AD$11,0))+IF($AK15>0,IF($AK15<=$AZ$7,$AT15*$AK$11,0))+IF($AP15>0,IF($AP15<=$AZ$7,$AT15*$AP$11,0)) -> 0.0081967213 | AY15: =IF($V15>0,IF($V15<=$AZ$7,$AT15*$U$11,0))+IF($AE15>0,IF($AE15<=$AZ$7,$AT15*$AD$11,0))+IF($AL15>0,IF($AL15<=$AZ$7,$AT15*$AK$11,0))+IF($AQ15>0,IF($AQ15<=$AZ$7,$AT15*$AP$11,0)) -> 0.0081967213 | AZ15: =AY15-AX15 -> 0 | BB15: =IF(AND($U15>BA$10,$U15<=BB$10),$AT15*$U$11,0)+IF(AND($AD15>BA$10,$AD15<=BB$10),$AT15*$AD$11,0)+IF(AND($AK15>BA$10,$AK15<=BB$10),$AT15*$AK$11,0)+IF(AND($AP15>BA$10,$AP15<=BB$10),$AT15*$AP$11,0) -> 0 | BC15: =IF(AND($U15>BB$10,$U15<=BC$10),$AT15*$U$11,0)+IF(AND($AD15>BB$10,$AD15<=BC$10),$AT15*$AD$11,0)+IF(AND($AK15>BB$10,$AK15<=BC$10),$AT15*$AK$11,0)+IF(AND($AP15>BB$10,$AP15<=BC$10),$AT15*$AP$11,0) -> 0 | BD15: =IF(AND($U15>BC$10,$U15<=BD$10),$AT15*$U$11,0)+IF(AND($AD15>BC$10,$AD15<=BD$10),$AT15*$AD$11,0)+IF(AND($AK15>BC$10,$AK15<=BD$10),$AT15*$AK$11,0)+IF(AND($AP15>BC$10,$AP15<=BD$10),$AT15*$AP$11,0) -> 0 | BE15: =IF(AND($U15>BD$10,$U15<=BE$10),$AT15*$U$11,0)+IF(AND($AD15>BD$10,$AD15<=BE$10),$AT15*$AD$11,0)+IF(AND($AK15>BD$10,$AK15<=BE$10),$AT15*$AK$11,0)+IF(AND($AP15>BD$10,$AP15<=BE$10),$AT15*$AP$11,0) -> 0 | BF15: =IF(AND($U15>BE$10,$U15<=BF$10),$AT15*$U$11,0)+IF(AND($AD15>BE$10,$AD15<=BF$10),$AT15*$AD$11,0)+IF(AND($AK15>BE$10,$AK15<=BF$10),$AT15*$AK$11,0)+IF(AND($AP15>BE$10,$AP15<=BF$10),$AT15*$AP$11,0) -> 0 | BG15: =IF(AND($U15>BF$10,$U15<=BG$10),$AT15*$U$11,0)+IF(AND($AD15>BF$10,$AD15<=BG$10),$AT15*$AD$11,0)+IF(AND($AK15>BF$10,$AK15<=BG$10),$AT15*$AK$11,0)+IF(AND($AP15>BF$10,$AP15<=BG$10),$AT15*$AP$11,0) -> 0 | BH15: =IF(AND($U15>BG$10,$U15<=BH$10),$AT15*$U$11,0)+IF(AND($AD15>BG$10,$AD15<=BH$10),$AT15*$AD$11,0)+IF(AND($AK15>BG$10,$AK15<=BH$10),$AT15*$AK$11,0)+IF(AND($AP15>BG$10,$AP15<=BH$10),$AT15*$AP$11,0) -> 0 | BI15: =IF(AND($U15>BH$10,$U15<=BI$10),$AT15*$U$11,0)+IF(AND($AD15>BH$10,$AD15<=BI$10),$AT15*$AD$11,0)+IF(AND($AK15>BH$10,$AK15<=BI$10),$AT15*$AK$11,0)+IF(AND($AP15>BH$10,$AP15<=BI$10),$AT15*$AP$11,0) -> 0 | ... FR15: =IF(AND($U15>FQ$10,$U15<=FR$10),$AT15*$U$11,0)+IF(AND($AD15>FQ$10,$AD15<=FR$10),$AT15*$AD$11,0)+IF(AND($AK15>FQ$10,$AK15<=FR$10),$AT15*$AK$11,0)+IF(AND($AP15>FQ$10,$AP15<=FR$10),$AT15*$AP$11,0) -> 0 | FT15: =IF(AND($V15>FS$10,$V15<=FT$10),$AT15*$U$11,0)+IF(AND($AE15>FS$10,$AE15<=FT$10),$AT15*$AD$11,0)+IF(AND($AL15>FS$10,$AL15<=FT$10),$AT15*$AK$11,0)+IF(AND($AQ15>FS$10,$AQ15<=FT$10),$AT15*$AP$11,0) -> 0 | FU15: =IF(AND($V15>FT$10,$V15<=FU$10),$AT15*$U$11,0)+IF(AND($AE15>FT$10,$AE15<=FU$10),$AT15*$AD$11,0)+IF(AND($AL15>FT$10,$AL15<=FU$10),$AT15*$AK$11,0)+IF(AND($AQ15>FT$10,$AQ15<=FU$10),$AT15*$AP$11,0) -> 0 | FV15: =IF(AND($V15>FU$10,$V15<=FV$10),$AT15*$U$11,0)+IF(AND($AE15>FU$10,$AE15<=FV$10),$AT15*$AD$11,0)+IF(AND($AL15>FU$10,$AL15<=FV$10),$AT15*$AK$11,0)+IF(AND($AQ15>FU$10,$AQ15<=FV$10),$AT15*$AP$11,0) -> 0 | FW15: =IF(AND($V15>FV$10,$V15<=FW$10),$AT15*$U$11,0)+IF(AND($AE15>FV$10,$AE15<=FW$10),$AT15*$AD$11,0)+IF(AND($AL15>FV$10,$AL15<=FW$10),$AT15*$AK$11,0)+IF(AND($AQ15>FV$10,$AQ15<=FW$10),$AT15*$AP$11,0) -> 0 | FX15: =IF(AND($V15>FW$10,$V15<=FX$10),$AT15*$U$11,0)+IF(AND($AE15>FW$10,$AE15<=FX$10),$AT15*$AD$11,0)+IF(AND($AL15>FW$10,$AL15<=FX$10),$AT15*$AK$11,0)+IF(AND($AQ15>FW$10,$AQ15<=FX$10),$AT15*$AP$11,0) -> 0 | FY15: =IF(AND($V15>FX$10,$V15<=FY$10),$AT15*$U$11,0)+IF(AND($AE15>FX$10,$AE15<=FY$10),$AT15*$AD$11,0)+IF(AND($AL15>FX$10,$AL15<=FY$10),$AT15*$AK$11,0)+IF(AND($AQ15>FX$10,$AQ15<=FY$10),$AT15*$AP$11,0) -> 0 | FZ15: =IF(AND($V15>FY$10,$V15<=FZ$10),$AT15*$U$11,0)+IF(AND($AE15>FY$10,$AE15<=FZ$10),$AT15*$AD$11,0)+IF(AND($AL15>FY$10,$AL15<=FZ$10),$AT15*$AK$11,0)+IF(AND($AQ15>FY$10,$AQ15<=FZ$10),$AT15*$AP$11,0) -> 0 | GA15: =IF(AND($V15>FZ$10,$V15<=GA$10),$AT15*$U$11,0)+IF(AND($AE15>FZ$10,$AE15<=GA$10),$AT15*$AD$11,0)+IF(AND($AL15>FZ$10,$AL15<=GA$10),$AT15*$AK$11,0)+IF(AND($AQ15>FZ$10,$AQ15<=GA$10),$AT15*$AP$11,0) -> 0 | ... KB15: =IF(AND($V15>KA$10,$V15<=KB$10),$AT15*$U$11,0)+IF(AND($AE15>KA$10,$AE15<=KB$10),$AT15*$AD$11,0)+IF(AND($AL15>KA$10,$AL15<=KB$10),$AT15*$AK$11,0)+IF(AND($AQ15>KA$10,$AQ15<=KB$10),$AT15*$AP$11,0) -> 0 | KC15: =IF(AND($U15>KB$10,$U15<=KC$10),$AT15*$U$11,0)+IF(AND($AD15>KB$10,$AD15<=KC$10),$AT15*$AD$11,0)+IF(AND($AK15>KB$10,$AK15<=KC$10),$AT15*$AK$11,0)+IF(AND($AP15>KB$10,$AP15<=KC$10),$AT15*$AP$11,0) -> 0 | KD15: =IF(AND($U15>KC$10,$U15<=KD$10),$AT15*$U$11,0)+IF(AND($AD15>KC$10,$AD15<=KD$10),$AT15*$AD$11,0)+IF(AND($AK15>KC$10,$AK15<=KD$10),$AT15*$AK$11,0)+IF(AND($AP15>KC$10,$AP15<=KD$10),$AT15*$AP$11,0) -> 0 | KE15: =IF(AND($U15>KD$10,$U15<=KE$10),$AT15*$U$11,0)+IF(AND($AD15>KD$10,$AD15<=KE$10),$AT15*$AD$11,0)+IF(AND($AK15>KD$10,$AK15<=KE$10),$AT15*$AK$11,0)+IF(AND($AP15>KD$10,$AP15<=KE$10),$AT15*$AP$11,0) -> 0 | KF15: =IF(AND($U15>KE$10,$U15<=KF$10),$AT15*$U$11,0)+IF(AND($AD15>KE$10,$AD15<=KF$10),$AT15*$AD$11,0)+IF(AND($AK15>KE$10,$AK15<=KF$10),$AT15*$AK$11,0)+IF(AND($AP15>KE$10,$AP15<=KF$10),$AT15*$AP$11,0) -> 0 | KG15: =IF(AND($U15>KF$10,$U15<=KG$10),$AT15*$U$11,0)+IF(AND($AD15>KF$10,$AD15<=KG$10),$AT15*$AD$11,0)+IF(AND($AK15>KF$10,$AK15<=KG$10),$AT15*$AK$11,0)+IF(AND($AP15>KF$10,$AP15<=KG$10),$AT15*$AP$11,0) -> 0 | KH15: =IF(AND($U15>KG$10,$U15<=KH$10),$AT15*$U$11,0)+IF(AND($AD15>KG$10,$AD15<=KH$10),$AT15*$AD$11,0)+IF(AND($AK15>KG$10,$AK15<=KH$10),$AT15*$AK$11,0)+IF(AND($AP15>KG$10,$AP15<=KH$10),$AT15*$AP$11,0) -> 0 | KI15: =IF(AND($U15>KH$10,$U15<=KI$10),$AT15*$U$11,0)+IF(AND($AD15>KH$10,$AD15<=KI$10),$AT15*$AD$11,0)+IF(AND($AK15>KH$10,$AK15<=KI$10),$AT15*$AK$11,0)+IF(AND($AP15>KH$10,$AP15<=KI$10),$AT15*$AP$11,0) -> 0 | KJ15: =IF(AND($U15>KI$10,$U15<=KJ$10),$AT15*$U$11,0)+IF(AND($AD15>KI$10,$AD15<=KJ$10),$AT15*$AD$11,0)+IF(AND($AK15>KI$10,$AK15<=KJ$10),$AT15*$AK$11,0)+IF(AND($AP15>KI$10,$AP15<=KJ$10),$AT15*$AP$11,0) -> 0 | KL15: =IF(AND($W15>KK$10,$W15<=KL$10),$AT15*$U$11,0)+IF(AND($AF15>KK$10,$AF15<=KL$10),$AT15*$AD$11,0)+IF(AND($AO15>KK$10,$AO15<=KL$10),$AT15*$AK$11,0)+IF(AND($AR15>KK$10,$AR15<=KL$10),$AT15*$AP$11,0) -> 0 | KM15: =IF(AND($W15>KL$10,$W15<=KM$10),$AT15*$U$11,0)+IF(AND($AF15>KL$10,$AF15<=KM$10),$AT15*$AD$11,0)+IF(AND($AO15>KL$10,$AO15<=KM$10),$AT15*$AK$11,0)+IF(AND($AR15>KL$10,$AR15<=KM$10),$AT15*$AP$11,0) -> 0 | KN15: =IF(AND($W15>KM$10,$W15<=KN$10),$AT15*$U$11,0)+IF(AND($AF15>KM$10,$AF15<=KN$10),$AT15*$AD$11,0)+IF(AND($AO15>KM$10,$AO15<=KN$10),$AT15*$AK$11,0)+IF(AND($AR15>KM$10,$AR15<=KN$10),$AT15*$AP$11,0) -> 0 | KO15: =IF(AND($W15>KN$10,$W15<=KO$10),$AT15*$U$11,0)+IF(AND($AF15>KN$10,$AF15<=KO$10),$AT15*$AD$11,0)+IF(AND($AO15>KN$10,$AO15<=KO$10),$AT15*$AK$11,0)+IF(AND($AR15>KN$10,$AR15<=KO$10),$AT15*$AP$11,0) -> 0 | KP15: =IF(AND($W15>KO$10,$W15<=KP$10),$AT15*$U$11,0)+IF(AND($AF15>KO$10,$AF15<=KP$10),$AT15*$AD$11,0)+IF(AND($AO15>KO$10,$AO15<=KP$10),$AT15*$AK$11,0)+IF(AND($AR15>KO$10,$AR15<=KP$10),$AT15*$AP$11,0) -> 0 | KQ15: =IF(AND($W15>KP$10,$W15<=KQ$10),$AT15*$U$11,0)+IF(AND($AF15>KP$10,$AF15<=KQ$10),$AT15*$AD$11,0)+IF(AND($AO15>KP$10,$AO15<=KQ$10),$AT15*$AK$11,0)+IF(AND($AR15>KP$10,$AR15<=KQ$10),$AT15*$AP$11,0) -> 0 | KR15: =IF(AND($W15>KQ$10,$W15<=KR$10),$AT15*$U$11,0)+IF(AND($AF15>KQ$10,$AF15<=KR$10),$AT15*$AD$11,0)+IF(AND($AO15>KQ$10,$AO15<=KR$10),$AT15*$AK$11,0)+IF(AND($AR15>KQ$10,$AR15<=KR$10),$AT15*$AP$11,0) -> 0 | KS15: =IF(AND($W15>KR$10,$W15<=KS$10),$AT15*$U$11,0)+IF(AND($AF15>KR$10,$AF15<=KS$10),$AT15*$AD$11,0)+IF(AND($AO15>KR$10,$AO15<=KS$10),$AT15*$AK$11,0)+IF(AND($AR15>KR$10,$AR15<=KS$10),$AT15*$AP$11,0) -> 0 | ... PB15: =IF(AND($W15>PA$10,$W15<=PB$10),$AT15*$U$11,0)+IF(AND($AF15>PA$10,$AF15<=PB$10),$AT15*$AD$11,0)+IF(AND($AO15>PA$10,$AO15<=PB$10),$AT15*$AK$11,0)+IF(AND($AR15>PA$10,$AR15<=PB$10),$AT15*$AP$11,0) -> 0 | PD15: =VLOOKUP($I15,[1]IFR!$B$10:$AQ$1616,1,0) -> MM-ZTK-1F-IPX-PLR-BOD-9002 | PE15: =INT(VLOOKUP($I15,[1]IFR!$B$10:$AQ$1616,20,0)) -> 46141 | PF15: =VLOOKUP($I15,[1]IFA!$B$10:$AQ$694,1,0) -> MM-ZTK-1F-IPX-PLR-BOD-9002 | PG15: =INT(VLOOKUP($I15,[1]IFA!$B$10:$AQ$694,20,0)) -> 46202 | PH15: =VLOOKUP($I15,[1]IFC!$B$10:$AQ$702,1,0) -> MM-ZTK-1F-IPX-PLR-BOD-9002 | PI15: =INT(VLOOKUP($I15,[1]IFC!$B$10:$AQ$702,20,0)) -> 46226 | PJ15: =VLOOKUP($I15,[1]IFC!$B$10:$AQ$702,17,0) -> AFC | PK15: =VLOOKUP($I15,[1]IFC!$B$10:$AQ$702,33,0) -> Approved with Comment | PL15: =VLOOKUP($I15,[1]IFC!$B$10:$AQ$702,32,0) -> AWC | PM15: =INT(VLOOKUP($I15,[1]IFC!$B$10:$AQ$702,37,0)) -> 46233
A16: 6 | B16: =B15+1 -> 3 | C16: IPX | D16: PRO | E16: BOD | F16: 9001 | G16: docx | I16: =CONCATENATE("MM-",$D$6,"-",$D$7,"-",C16,"-",D16,"-",E16,"-",F16) -> MM-ZTK-1F-IPX-PRO-BOD-9001 | J16: Design Basis for Pipeline and Riser Flow Assurance Studies | M16: R1 | N16: =VLOOKUP(I16,'MS Project'!$B$6:$F$189,5,FALSE)+7 -> 46153 | O16: =N16+7 -> 46160 | P16: =O16+3 -> 46163 | Q16: A1 | R16: =P16+2 -> 46165 | S16: =R16+2 -> 46167 | T16: =S16+3 -> 46170 | U16: =T16+1 -> 46171 | V16: 46164 | W16: =V16 -> 46164 | X16: =U16+14 -> 46185 | Y16: =X16+2 -> 46187 | Z16: B1 | AA16: =Y16+4 -> 46191 | AB16: =AA16+3 -> 46194 | AC16: =AB16+4 -> 46198 | AD16: =AC16+1 -> 46199 | AE16: 46198 | AF16: =AE16 -> 46198 | AG16: =AD16+14 -> 46213 | AH16: =AG16+2 -> 46215 | AI16: C1 | AJ16: =AH16+4 -> 46219 | AK16: =AJ16+1 -> 46220 | AL16: 46220 | AM16: =AK16+14 -> 46234 | AO16: =AK16 -> 46220 | AP16: =AM16 -> 46234 | AQ16: 46227 | AR16: =AP16 -> 46234 | AS16: 1 | AT16: =AS16/$AS$11 -> 0.0081967213 | AU16: =IF($U16>0,IF($U16<=$AV$7,$AT16*$U$11,0))+IF($AD16>0,IF($AD16<=$AV$7,$AT16*$AD$11,0))+IF($AK16>0,IF($AK16<=$AV$7,$AT16*$AK$11,0))+IF($AP16>0,IF($AP16<=$AV$7,$AT16*$AP$11,0)) -> 0.0081967213 | AV16: =IF($V16>0,IF($V16<=$AV$7,$AT16*$U$11,0))+IF($AE16>0,IF($AE16<=$AV$7,$AT16*$AD$11,0))+IF($AL16>0,IF($AL16<=$AV$7,$AT16*$AK$11,0))+IF($AQ16>0,IF($AQ16<=$AV$7,$AT16*$AP$11,0)) -> 0.0081967213 | AW16: =AV16-AU16 -> 0 | AX16: =IF($U16>0,IF($U16<=$AZ$7,$AT16*$U$11,0))+IF($AD16>0,IF($AD16<=$AZ$7,$AT16*$AD$11,0))+IF($AK16>0,IF($AK16<=$AZ$7,$AT16*$AK$11,0))+IF($AP16>0,IF($AP16<=$AZ$7,$AT16*$AP$11,0)) -> 0.0081967213 | AY16: =IF($V16>0,IF($V16<=$AZ$7,$AT16*$U$11,0))+IF($AE16>0,IF($AE16<=$AZ$7,$AT16*$AD$11,0))+IF($AL16>0,IF($AL16<=$AZ$7,$AT16*$AK$11,0))+IF($AQ16>0,IF($AQ16<=$AZ$7,$AT16*$AP$11,0)) -> 0.0081967213 | AZ16: =AY16-AX16 -> 0 | BB16: =IF(AND($U16>BA$10,$U16<=BB$10),$AT16*$U$11,0)+IF(AND($AD16>BA$10,$AD16<=BB$10),$AT16*$AD$11,0)+IF(AND($AK16>BA$10,$AK16<=BB$10),$AT16*$AK$11,0)+IF(AND($AP16>BA$10,$AP16<=BB$10),$AT16*$AP$11,0) -> 0 | BC16: =IF(AND($U16>BB$10,$U16<=BC$10),$AT16*$U$11,0)+IF(AND($AD16>BB$10,$AD16<=BC$10),$AT16*$AD$11,0)+IF(AND($AK16>BB$10,$AK16<=BC$10),$AT16*$AK$11,0)+IF(AND($AP16>BB$10,$AP16<=BC$10),$AT16*$AP$11,0) -> 0 | BD16: =IF(AND($U16>BC$10,$U16<=BD$10),$AT16*$U$11,0)+IF(AND($AD16>BC$10,$AD16<=BD$10),$AT16*$AD$11,0)+IF(AND($AK16>BC$10,$AK16<=BD$10),$AT16*$AK$11,0)+IF(AND($AP16>BC$10,$AP16<=BD$10),$AT16*$AP$11,0) -> 0 | BE16: =IF(AND($U16>BD$10,$U16<=BE$10),$AT16*$U$11,0)+IF(AND($AD16>BD$10,$AD16<=BE$10),$AT16*$AD$11,0)+IF(AND($AK16>BD$10,$AK16<=BE$10),$AT16*$AK$11,0)+IF(AND($AP16>BD$10,$AP16<=BE$10),$AT16*$AP$11,0) -> 0 | BF16: =IF(AND($U16>BE$10,$U16<=BF$10),$AT16*$U$11,0)+IF(AND($AD16>BE$10,$AD16<=BF$10),$AT16*$AD$11,0)+IF(AND($AK16>BE$10,$AK16<=BF$10),$AT16*$AK$11,0)+IF(AND($AP16>BE$10,$AP16<=BF$10),$AT16*$AP$11,0) -> 0 | BG16: =IF(AND($U16>BF$10,$U16<=BG$10),$AT16*$U$11,0)+IF(AND($AD16>BF$10,$AD16<=BG$10),$AT16*$AD$11,0)+IF(AND($AK16>BF$10,$AK16<=BG$10),$AT16*$AK$11,0)+IF(AND($AP16>BF$10,$AP16<=BG$10),$AT16*$AP$11,0) -> 0 | BH16: =IF(AND($U16>BG$10,$U16<=BH$10),$AT16*$U$11,0)+IF(AND($AD16>BG$10,$AD16<=BH$10),$AT16*$AD$11,0)+IF(AND($AK16>BG$10,$AK16<=BH$10),$AT16*$AK$11,0)+IF(AND($AP16>BG$10,$AP16<=BH$10),$AT16*$AP$11,0) -> 0 | BI16: =IF(AND($U16>BH$10,$U16<=BI$10),$AT16*$U$11,0)+IF(AND($AD16>BH$10,$AD16<=BI$10),$AT16*$AD$11,0)+IF(AND($AK16>BH$10,$AK16<=BI$10),$AT16*$AK$11,0)+IF(AND($AP16>BH$10,$AP16<=BI$10),$AT16*$AP$11,0) -> 0 | ... FR16: =IF(AND($U16>FQ$10,$U16<=FR$10),$AT16*$U$11,0)+IF(AND($AD16>FQ$10,$AD16<=FR$10),$AT16*$AD$11,0)+IF(AND($AK16>FQ$10,$AK16<=FR$10),$AT16*$AK$11,0)+IF(AND($AP16>FQ$10,$AP16<=FR$10),$AT16*$AP$11,0) -> 0 | FT16: =IF(AND($V16>FS$10,$V16<=FT$10),$AT16*$U$11,0)+IF(AND($AE16>FS$10,$AE16<=FT$10),$AT16*$AD$11,0)+IF(AND($AL16>FS$10,$AL16<=FT$10),$AT16*$AK$11,0)+IF(AND($AQ16>FS$10,$AQ16<=FT$10),$AT16*$AP$11,0) -> 0 | FU16: =IF(AND($V16>FT$10,$V16<=FU$10),$AT16*$U$11,0)+IF(AND($AE16>FT$10,$AE16<=FU$10),$AT16*$AD$11,0)+IF(AND($AL16>FT$10,$AL16<=FU$10),$AT16*$AK$11,0)+IF(AND($AQ16>FT$10,$AQ16<=FU$10),$AT16*$AP$11,0) -> 0 | FV16: =IF(AND($V16>FU$10,$V16<=FV$10),$AT16*$U$11,0)+IF(AND($AE16>FU$10,$AE16<=FV$10),$AT16*$AD$11,0)+IF(AND($AL16>FU$10,$AL16<=FV$10),$AT16*$AK$11,0)+IF(AND($AQ16>FU$10,$AQ16<=FV$10),$AT16*$AP$11,0) -> 0 | FW16: =IF(AND($V16>FV$10,$V16<=FW$10),$AT16*$U$11,0)+IF(AND($AE16>FV$10,$AE16<=FW$10),$AT16*$AD$11,0)+IF(AND($AL16>FV$10,$AL16<=FW$10),$AT16*$AK$11,0)+IF(AND($AQ16>FV$10,$AQ16<=FW$10),$AT16*$AP$11,0) -> 0 | FX16: =IF(AND($V16>FW$10,$V16<=FX$10),$AT16*$U$11,0)+IF(AND($AE16>FW$10,$AE16<=FX$10),$AT16*$AD$11,0)+IF(AND($AL16>FW$10,$AL16<=FX$10),$AT16*$AK$11,0)+IF(AND($AQ16>FW$10,$AQ16<=FX$10),$AT16*$AP$11,0) -> 0 | FY16: =IF(AND($V16>FX$10,$V16<=FY$10),$AT16*$U$11,0)+IF(AND($AE16>FX$10,$AE16<=FY$10),$AT16*$AD$11,0)+IF(AND($AL16>FX$10,$AL16<=FY$10),$AT16*$AK$11,0)+IF(AND($AQ16>FX$10,$AQ16<=FY$10),$AT16*$AP$11,0) -> 0 | FZ16: =IF(AND($V16>FY$10,$V16<=FZ$10),$AT16*$U$11,0)+IF(AND($AE16>FY$10,$AE16<=FZ$10),$AT16*$AD$11,0)+IF(AND($AL16>FY$10,$AL16<=FZ$10),$AT16*$AK$11,0)+IF(AND($AQ16>FY$10,$AQ16<=FZ$10),$AT16*$AP$11,0) -> 0 | GA16: =IF(AND($V16>FZ$10,$V16<=GA$10),$AT16*$U$11,0)+IF(AND($AE16>FZ$10,$AE16<=GA$10),$AT16*$AD$11,0)+IF(AND($AL16>FZ$10,$AL16<=GA$10),$AT16*$AK$11,0)+IF(AND($AQ16>FZ$10,$AQ16<=GA$10),$AT16*$AP$11,0) -> 0 | ... KB16: =IF(AND($V16>KA$10,$V16<=KB$10),$AT16*$U$11,0)+IF(AND($AE16>KA$10,$AE16<=KB$10),$AT16*$AD$11,0)+IF(AND($AL16>KA$10,$AL16<=KB$10),$AT16*$AK$11,0)+IF(AND($AQ16>KA$10,$AQ16<=KB$10),$AT16*$AP$11,0) -> 0 | KC16: =IF(AND($U16>KB$10,$U16<=KC$10),$AT16*$U$11,0)+IF(AND($AD16>KB$10,$AD16<=KC$10),$AT16*$AD$11,0)+IF(AND($AK16>KB$10,$AK16<=KC$10),$AT16*$AK$11,0)+IF(AND($AP16>KB$10,$AP16<=KC$10),$AT16*$AP$11,0) -> 0 | KD16: =IF(AND($U16>KC$10,$U16<=KD$10),$AT16*$U$11,0)+IF(AND($AD16>KC$10,$AD16<=KD$10),$AT16*$AD$11,0)+IF(AND($AK16>KC$10,$AK16<=KD$10),$AT16*$AK$11,0)+IF(AND($AP16>KC$10,$AP16<=KD$10),$AT16*$AP$11,0) -> 0 | KE16: =IF(AND($U16>KD$10,$U16<=KE$10),$AT16*$U$11,0)+IF(AND($AD16>KD$10,$AD16<=KE$10),$AT16*$AD$11,0)+IF(AND($AK16>KD$10,$AK16<=KE$10),$AT16*$AK$11,0)+IF(AND($AP16>KD$10,$AP16<=KE$10),$AT16*$AP$11,0) -> 0 | KF16: =IF(AND($U16>KE$10,$U16<=KF$10),$AT16*$U$11,0)+IF(AND($AD16>KE$10,$AD16<=KF$10),$AT16*$AD$11,0)+IF(AND($AK16>KE$10,$AK16<=KF$10),$AT16*$AK$11,0)+IF(AND($AP16>KE$10,$AP16<=KF$10),$AT16*$AP$11,0) -> 0 | KG16: =IF(AND($U16>KF$10,$U16<=KG$10),$AT16*$U$11,0)+IF(AND($AD16>KF$10,$AD16<=KG$10),$AT16*$AD$11,0)+IF(AND($AK16>KF$10,$AK16<=KG$10),$AT16*$AK$11,0)+IF(AND($AP16>KF$10,$AP16<=KG$10),$AT16*$AP$11,0) -> 0 | KH16: =IF(AND($U16>KG$10,$U16<=KH$10),$AT16*$U$11,0)+IF(AND($AD16>KG$10,$AD16<=KH$10),$AT16*$AD$11,0)+IF(AND($AK16>KG$10,$AK16<=KH$10),$AT16*$AK$11,0)+IF(AND($AP16>KG$10,$AP16<=KH$10),$AT16*$AP$11,0) -> 0 | KI16: =IF(AND($U16>KH$10,$U16<=KI$10),$AT16*$U$11,0)+IF(AND($AD16>KH$10,$AD16<=KI$10),$AT16*$AD$11,0)+IF(AND($AK16>KH$10,$AK16<=KI$10),$AT16*$AK$11,0)+IF(AND($AP16>KH$10,$AP16<=KI$10),$AT16*$AP$11,0) -> 0 | KJ16: =IF(AND($U16>KI$10,$U16<=KJ$10),$AT16*$U$11,0)+IF(AND($AD16>KI$10,$AD16<=KJ$10),$AT16*$AD$11,0)+IF(AND($AK16>KI$10,$AK16<=KJ$10),$AT16*$AK$11,0)+IF(AND($AP16>KI$10,$AP16<=KJ$10),$AT16*$AP$11,0) -> 0 | KL16: =IF(AND($W16>KK$10,$W16<=KL$10),$AT16*$U$11,0)+IF(AND($AF16>KK$10,$AF16<=KL$10),$AT16*$AD$11,0)+IF(AND($AO16>KK$10,$AO16<=KL$10),$AT16*$AK$11,0)+IF(AND($AR16>KK$10,$AR16<=KL$10),$AT16*$AP$11,0) -> 0 | KM16: =IF(AND($W16>KL$10,$W16<=KM$10),$AT16*$U$11,0)+IF(AND($AF16>KL$10,$AF16<=KM$10),$AT16*$AD$11,0)+IF(AND($AO16>KL$10,$AO16<=KM$10),$AT16*$AK$11,0)+IF(AND($AR16>KL$10,$AR16<=KM$10),$AT16*$AP$11,0) -> 0 | KN16: =IF(AND($W16>KM$10,$W16<=KN$10),$AT16*$U$11,0)+IF(AND($AF16>KM$10,$AF16<=KN$10),$AT16*$AD$11,0)+IF(AND($AO16>KM$10,$AO16<=KN$10),$AT16*$AK$11,0)+IF(AND($AR16>KM$10,$AR16<=KN$10),$AT16*$AP$11,0) -> 0 | KO16: =IF(AND($W16>KN$10,$W16<=KO$10),$AT16*$U$11,0)+IF(AND($AF16>KN$10,$AF16<=KO$10),$AT16*$AD$11,0)+IF(AND($AO16>KN$10,$AO16<=KO$10),$AT16*$AK$11,0)+IF(AND($AR16>KN$10,$AR16<=KO$10),$AT16*$AP$11,0) -> 0 | KP16: =IF(AND($W16>KO$10,$W16<=KP$10),$AT16*$U$11,0)+IF(AND($AF16>KO$10,$AF16<=KP$10),$AT16*$AD$11,0)+IF(AND($AO16>KO$10,$AO16<=KP$10),$AT16*$AK$11,0)+IF(AND($AR16>KO$10,$AR16<=KP$10),$AT16*$AP$11,0) -> 0 | KQ16: =IF(AND($W16>KP$10,$W16<=KQ$10),$AT16*$U$11,0)+IF(AND($AF16>KP$10,$AF16<=KQ$10),$AT16*$AD$11,0)+IF(AND($AO16>KP$10,$AO16<=KQ$10),$AT16*$AK$11,0)+IF(AND($AR16>KP$10,$AR16<=KQ$10),$AT16*$AP$11,0) -> 0 | KR16: =IF(AND($W16>KQ$10,$W16<=KR$10),$AT16*$U$11,0)+IF(AND($AF16>KQ$10,$AF16<=KR$10),$AT16*$AD$11,0)+IF(AND($AO16>KQ$10,$AO16<=KR$10),$AT16*$AK$11,0)+IF(AND($AR16>KQ$10,$AR16<=KR$10),$AT16*$AP$11,0) -> 0 | KS16: =IF(AND($W16>KR$10,$W16<=KS$10),$AT16*$U$11,0)+IF(AND($AF16>KR$10,$AF16<=KS$10),$AT16*$AD$11,0)+IF(AND($AO16>KR$10,$AO16<=KS$10),$AT16*$AK$11,0)+IF(AND($AR16>KR$10,$AR16<=KS$10),$AT16*$AP$11,0) -> 0 | ... PB16: =IF(AND($W16>PA$10,$W16<=PB$10),$AT16*$U$11,0)+IF(AND($AF16>PA$10,$AF16<=PB$10),$AT16*$AD$11,0)+IF(AND($AO16>PA$10,$AO16<=PB$10),$AT16*$AK$11,0)+IF(AND($AR16>PA$10,$AR16<=PB$10),$AT16*$AP$11,0) -> 0 | PD16: =VLOOKUP($I16,[1]IFR!$B$10:$AQ$1616,1,0) -> MM-ZTK-1F-IPX-PRO-BOD-9001 | PE16: =INT(VLOOKUP($I16,[1]IFR!$B$10:$AQ$1616,20,0)) -> 46164 | PF16: =VLOOKUP($I16,[1]IFA!$B$10:$AQ$694,1,0) -> MM-ZTK-1F-IPX-PRO-BOD-9001 | PG16: =INT(VLOOKUP($I16,[1]IFA!$B$10:$AQ$694,20,0)) -> 46198 | PH16: =VLOOKUP($I16,[1]IFC!$B$10:$AQ$702,1,0) -> MM-ZTK-1F-IPX-PRO-BOD-9001 | PI16: =INT(VLOOKUP($I16,[1]IFC!$B$10:$AQ$702,20,0)) -> 46219 | PJ16: =VLOOKUP($I16,[1]IFC!$B$10:$AQ$702,17,0) -> AFC | PK16: =VLOOKUP($I16,[1]IFC!$B$10:$AQ$702,33,0) -> Approved | PL16: =VLOOKUP($I16,[1]IFC!$B$10:$AQ$702,32,0) -> APPR | PM16: =INT(VLOOKUP($I16,[1]IFC!$B$10:$AQ$702,37,0)) -> 46230
A17: 7 | AT17: =AS17/$AS$11 -> 0 | AU17: =IF($U17>0,IF($U17<=$AV$7,$AT17*$U$11,0))+IF($AD17>0,IF($AD17<=$AV$7,$AT17*$AD$11,0))+IF($AK17>0,IF($AK17<=$AV$7,$AT17*$AK$11,0))+IF($AP17>0,IF($AP17<=$AV$7,$AT17*$AP$11,0)) -> 0 | AV17: =IF($V17>0,IF($V17<=$AV$7,$AT17*$U$11,0))+IF($AE17>0,IF($AE17<=$AV$7,$AT17*$AD$11,0))+IF($AL17>0,IF($AL17<=$AV$7,$AT17*$AK$11,0))+IF($AQ17>0,IF($AQ17<=$AV$7,$AT17*$AP$11,0)) -> 0 | AW17: =AV17-AU17 -> 0 | AX17: =IF($U17>0,IF($U17<=$AZ$7,$AT17*$U$11,0))+IF($AD17>0,IF($AD17<=$AZ$7,$AT17*$AD$11,0))+IF($AK17>0,IF($AK17<=$AZ$7,$AT17*$AK$11,0))+IF($AP17>0,IF($AP17<=$AZ$7,$AT17*$AP$11,0)) -> 0 | AY17: =IF($V17>0,IF($V17<=$AZ$7,$AT17*$U$11,0))+IF($AE17>0,IF($AE17<=$AZ$7,$AT17*$AD$11,0))+IF($AL17>0,IF($AL17<=$AZ$7,$AT17*$AK$11,0))+IF($AQ17>0,IF($AQ17<=$AZ$7,$AT17*$AP$11,0)) -> 0 | AZ17: =AY17-AX17 -> 0 | BB17: =IF(AND($U17>BA$10,$U17<=BB$10),$AT17*$U$11,0)+IF(AND($AD17>BA$10,$AD17<=BB$10),$AT17*$AD$11,0)+IF(AND($AK17>BA$10,$AK17<=BB$10),$AT17*$AK$11,0)+IF(AND($AP17>BA$10,$AP17<=BB$10),$AT17*$AP$11,0) -> 0 | BC17: =IF(AND($U17>BB$10,$U17<=BC$10),$AT17*$U$11,0)+IF(AND($AD17>BB$10,$AD17<=BC$10),$AT17*$AD$11,0)+IF(AND($AK17>BB$10,$AK17<=BC$10),$AT17*$AK$11,0)+IF(AND($AP17>BB$10,$AP17<=BC$10),$AT17*$AP$11,0) -> 0 | BD17: =IF(AND($U17>BC$10,$U17<=BD$10),$AT17*$U$11,0)+IF(AND($AD17>BC$10,$AD17<=BD$10),$AT17*$AD$11,0)+IF(AND($AK17>BC$10,$AK17<=BD$10),$AT17*$AK$11,0)+IF(AND($AP17>BC$10,$AP17<=BD$10),$AT17*$AP$11,0) -> 0 | BE17: =IF(AND($U17>BD$10,$U17<=BE$10),$AT17*$U$11,0)+IF(AND($AD17>BD$10,$AD17<=BE$10),$AT17*$AD$11,0)+IF(AND($AK17>BD$10,$AK17<=BE$10),$AT17*$AK$11,0)+IF(AND($AP17>BD$10,$AP17<=BE$10),$AT17*$AP$11,0) -> 0 | BF17: =IF(AND($U17>BE$10,$U17<=BF$10),$AT17*$U$11,0)+IF(AND($AD17>BE$10,$AD17<=BF$10),$AT17*$AD$11,0)+IF(AND($AK17>BE$10,$AK17<=BF$10),$AT17*$AK$11,0)+IF(AND($AP17>BE$10,$AP17<=BF$10),$AT17*$AP$11,0) -> 0 | BG17: =IF(AND($U17>BF$10,$U17<=BG$10),$AT17*$U$11,0)+IF(AND($AD17>BF$10,$AD17<=BG$10),$AT17*$AD$11,0)+IF(AND($AK17>BF$10,$AK17<=BG$10),$AT17*$AK$11,0)+IF(AND($AP17>BF$10,$AP17<=BG$10),$AT17*$AP$11,0) -> 0 | BH17: =IF(AND($U17>BG$10,$U17<=BH$10),$AT17*$U$11,0)+IF(AND($AD17>BG$10,$AD17<=BH$10),$AT17*$AD$11,0)+IF(AND($AK17>BG$10,$AK17<=BH$10),$AT17*$AK$11,0)+IF(AND($AP17>BG$10,$AP17<=BH$10),$AT17*$AP$11,0) -> 0 | BI17: =IF(AND($U17>BH$10,$U17<=BI$10),$AT17*$U$11,0)+IF(AND($AD17>BH$10,$AD17<=BI$10),$AT17*$AD$11,0)+IF(AND($AK17>BH$10,$AK17<=BI$10),$AT17*$AK$11,0)+IF(AND($AP17>BH$10,$AP17<=BI$10),$AT17*$AP$11,0) -> 0 | ... FR17: =IF(AND($U17>FQ$10,$U17<=FR$10),$AT17*$U$11,0)+IF(AND($AD17>FQ$10,$AD17<=FR$10),$AT17*$AD$11,0)+IF(AND($AK17>FQ$10,$AK17<=FR$10),$AT17*$AK$11,0)+IF(AND($AP17>FQ$10,$AP17<=FR$10),$AT17*$AP$11,0) -> 0 | FT17: =IF(AND($V17>FS$10,$V17<=FT$10),$AT17*$U$11,0)+IF(AND($AE17>FS$10,$AE17<=FT$10),$AT17*$AD$11,0)+IF(AND($AL17>FS$10,$AL17<=FT$10),$AT17*$AK$11,0)+IF(AND($AQ17>FS$10,$AQ17<=FT$10),$AT17*$AP$11,0) -> 0 | FU17: =IF(AND($V17>FT$10,$V17<=FU$10),$AT17*$U$11,0)+IF(AND($AE17>FT$10,$AE17<=FU$10),$AT17*$AD$11,0)+IF(AND($AL17>FT$10,$AL17<=FU$10),$AT17*$AK$11,0)+IF(AND($AQ17>FT$10,$AQ17<=FU$10),$AT17*$AP$11,0) -> 0 | FV17: =IF(AND($V17>FU$10,$V17<=FV$10),$AT17*$U$11,0)+IF(AND($AE17>FU$10,$AE17<=FV$10),$AT17*$AD$11,0)+IF(AND($AL17>FU$10,$AL17<=FV$10),$AT17*$AK$11,0)+IF(AND($AQ17>FU$10,$AQ17<=FV$10),$AT17*$AP$11,0) -> 0 | FW17: =IF(AND($V17>FV$10,$V17<=FW$10),$AT17*$U$11,0)+IF(AND($AE17>FV$10,$AE17<=FW$10),$AT17*$AD$11,0)+IF(AND($AL17>FV$10,$AL17<=FW$10),$AT17*$AK$11,0)+IF(AND($AQ17>FV$10,$AQ17<=FW$10),$AT17*$AP$11,0) -> 0 | FX17: =IF(AND($V17>FW$10,$V17<=FX$10),$AT17*$U$11,0)+IF(AND($AE17>FW$10,$AE17<=FX$10),$AT17*$AD$11,0)+IF(AND($AL17>FW$10,$AL17<=FX$10),$AT17*$AK$11,0)+IF(AND($AQ17>FW$10,$AQ17<=FX$10),$AT17*$AP$11,0) -> 0 | FY17: =IF(AND($V17>FX$10,$V17<=FY$10),$AT17*$U$11,0)+IF(AND($AE17>FX$10,$AE17<=FY$10),$AT17*$AD$11,0)+IF(AND($AL17>FX$10,$AL17<=FY$10),$AT17*$AK$11,0)+IF(AND($AQ17>FX$10,$AQ17<=FY$10),$AT17*$AP$11,0) -> 0 | FZ17: =IF(AND($V17>FY$10,$V17<=FZ$10),$AT17*$U$11,0)+IF(AND($AE17>FY$10,$AE17<=FZ$10),$AT17*$AD$11,0)+IF(AND($AL17>FY$10,$AL17<=FZ$10),$AT17*$AK$11,0)+IF(AND($AQ17>FY$10,$AQ17<=FZ$10),$AT17*$AP$11,0) -> 0 | GA17: =IF(AND($V17>FZ$10,$V17<=GA$10),$AT17*$U$11,0)+IF(AND($AE17>FZ$10,$AE17<=GA$10),$AT17*$AD$11,0)+IF(AND($AL17>FZ$10,$AL17<=GA$10),$AT17*$AK$11,0)+IF(AND($AQ17>FZ$10,$AQ17<=GA$10),$AT17*$AP$11,0) -> 0 | ... KB17: =IF(AND($V17>KA$10,$V17<=KB$10),$AT17*$U$11,0)+IF(AND($AE17>KA$10,$AE17<=KB$10),$AT17*$AD$11,0)+IF(AND($AL17>KA$10,$AL17<=KB$10),$AT17*$AK$11,0)+IF(AND($AQ17>KA$10,$AQ17<=KB$10),$AT17*$AP$11,0) -> 0 | KC17: =IF(AND($U17>KB$10,$U17<=KC$10),$AT17*$U$11,0)+IF(AND($AD17>KB$10,$AD17<=KC$10),$AT17*$AD$11,0)+IF(AND($AK17>KB$10,$AK17<=KC$10),$AT17*$AK$11,0)+IF(AND($AP17>KB$10,$AP17<=KC$10),$AT17*$AP$11,0) -> 0 | KD17: =IF(AND($U17>KC$10,$U17<=KD$10),$AT17*$U$11,0)+IF(AND($AD17>KC$10,$AD17<=KD$10),$AT17*$AD$11,0)+IF(AND($AK17>KC$10,$AK17<=KD$10),$AT17*$AK$11,0)+IF(AND($AP17>KC$10,$AP17<=KD$10),$AT17*$AP$11,0) -> 0 | KE17: =IF(AND($U17>KD$10,$U17<=KE$10),$AT17*$U$11,0)+IF(AND($AD17>KD$10,$AD17<=KE$10),$AT17*$AD$11,0)+IF(AND($AK17>KD$10,$AK17<=KE$10),$AT17*$AK$11,0)+IF(AND($AP17>KD$10,$AP17<=KE$10),$AT17*$AP$11,0) -> 0 | KF17: =IF(AND($U17>KE$10,$U17<=KF$10),$AT17*$U$11,0)+IF(AND($AD17>KE$10,$AD17<=KF$10),$AT17*$AD$11,0)+IF(AND($AK17>KE$10,$AK17<=KF$10),$AT17*$AK$11,0)+IF(AND($AP17>KE$10,$AP17<=KF$10),$AT17*$AP$11,0) -> 0 | KG17: =IF(AND($U17>KF$10,$U17<=KG$10),$AT17*$U$11,0)+IF(AND($AD17>KF$10,$AD17<=KG$10),$AT17*$AD$11,0)+IF(AND($AK17>KF$10,$AK17<=KG$10),$AT17*$AK$11,0)+IF(AND($AP17>KF$10,$AP17<=KG$10),$AT17*$AP$11,0) -> 0 | KH17: =IF(AND($U17>KG$10,$U17<=KH$10),$AT17*$U$11,0)+IF(AND($AD17>KG$10,$AD17<=KH$10),$AT17*$AD$11,0)+IF(AND($AK17>KG$10,$AK17<=KH$10),$AT17*$AK$11,0)+IF(AND($AP17>KG$10,$AP17<=KH$10),$AT17*$AP$11,0) -> 0 | KI17: =IF(AND($U17>KH$10,$U17<=KI$10),$AT17*$U$11,0)+IF(AND($AD17>KH$10,$AD17<=KI$10),$AT17*$AD$11,0)+IF(AND($AK17>KH$10,$AK17<=KI$10),$AT17*$AK$11,0)+IF(AND($AP17>KH$10,$AP17<=KI$10),$AT17*$AP$11,0) -> 0 | KJ17: =IF(AND($U17>KI$10,$U17<=KJ$10),$AT17*$U$11,0)+IF(AND($AD17>KI$10,$AD17<=KJ$10),$AT17*$AD$11,0)+IF(AND($AK17>KI$10,$AK17<=KJ$10),$AT17*$AK$11,0)+IF(AND($AP17>KI$10,$AP17<=KJ$10),$AT17*$AP$11,0) -> 0 | KL17: =IF(AND($W17>KK$10,$W17<=KL$10),$AT17*$U$11,0)+IF(AND($AF17>KK$10,$AF17<=KL$10),$AT17*$AD$11,0)+IF(AND($AO17>KK$10,$AO17<=KL$10),$AT17*$AK$11,0)+IF(AND($AR17>KK$10,$AR17<=KL$10),$AT17*$AP$11,0) -> 0 | KM17: =IF(AND($W17>KL$10,$W17<=KM$10),$AT17*$U$11,0)+IF(AND($AF17>KL$10,$AF17<=KM$10),$AT17*$AD$11,0)+IF(AND($AO17>KL$10,$AO17<=KM$10),$AT17*$AK$11,0)+IF(AND($AR17>KL$10,$AR17<=KM$10),$AT17*$AP$11,0) -> 0 | KN17: =IF(AND($W17>KM$10,$W17<=KN$10),$AT17*$U$11,0)+IF(AND($AF17>KM$10,$AF17<=KN$10),$AT17*$AD$11,0)+IF(AND($AO17>KM$10,$AO17<=KN$10),$AT17*$AK$11,0)+IF(AND($AR17>KM$10,$AR17<=KN$10),$AT17*$AP$11,0) -> 0 | KO17: =IF(AND($W17>KN$10,$W17<=KO$10),$AT17*$U$11,0)+IF(AND($AF17>KN$10,$AF17<=KO$10),$AT17*$AD$11,0)+IF(AND($AO17>KN$10,$AO17<=KO$10),$AT17*$AK$11,0)+IF(AND($AR17>KN$10,$AR17<=KO$10),$AT17*$AP$11,0) -> 0 | KP17: =IF(AND($W17>KO$10,$W17<=KP$10),$AT17*$U$11,0)+IF(AND($AF17>KO$10,$AF17<=KP$10),$AT17*$AD$11,0)+IF(AND($AO17>KO$10,$AO17<=KP$10),$AT17*$AK$11,0)+IF(AND($AR17>KO$10,$AR17<=KP$10),$AT17*$AP$11,0) -> 0 | KQ17: =IF(AND($W17>KP$10,$W17<=KQ$10),$AT17*$U$11,0)+IF(AND($AF17>KP$10,$AF17<=KQ$10),$AT17*$AD$11,0)+IF(AND($AO17>KP$10,$AO17<=KQ$10),$AT17*$AK$11,0)+IF(AND($AR17>KP$10,$AR17<=KQ$10),$AT17*$AP$11,0) -> 0 | KR17: =IF(AND($W17>KQ$10,$W17<=KR$10),$AT17*$U$11,0)+IF(AND($AF17>KQ$10,$AF17<=KR$10),$AT17*$AD$11,0)+IF(AND($AO17>KQ$10,$AO17<=KR$10),$AT17*$AK$11,0)+IF(AND($AR17>KQ$10,$AR17<=KR$10),$AT17*$AP$11,0) -> 0 | KS17: =IF(AND($W17>KR$10,$W17<=KS$10),$AT17*$U$11,0)+IF(AND($AF17>KR$10,$AF17<=KS$10),$AT17*$AD$11,0)+IF(AND($AO17>KR$10,$AO17<=KS$10),$AT17*$AK$11,0)+IF(AND($AR17>KR$10,$AR17<=KS$10),$AT17*$AP$11,0) -> 0 | ... PB17: =IF(AND($W17>PA$10,$W17<=PB$10),$AT17*$U$11,0)+IF(AND($AF17>PA$10,$AF17<=PB$10),$AT17*$AD$11,0)+IF(AND($AO17>PA$10,$AO17<=PB$10),$AT17*$AK$11,0)+IF(AND($AR17>PA$10,$AR17<=PB$10),$AT17*$AP$11,0) -> 0 | PD17: =VLOOKUP($I17,[1]IFR!$B$10:$AQ$1616,1,0) -> #N/A | PE17: =INT(VLOOKUP($I17,[1]IFR!$B$10:$AQ$1616,20,0)) -> #N/A | PF17: =VLOOKUP($I17,[1]IFA!$B$10:$AQ$694,1,0) -> #N/A | PG17: =INT(VLOOKUP($I17,[1]IFA!$B$10:$AQ$694,20,0)) -> #N/A | PH17: =VLOOKUP($I17,[1]IFC!$B$10:$AQ$702,1,0) -> #N/A | PI17: =INT(VLOOKUP($I17,[1]IFC!$B$10:$AQ$702,20,0)) -> #N/A | PJ17: =VLOOKUP($I17,[1]IFC!$B$10:$AQ$702,17,0) -> #N/A | PK17: =VLOOKUP($I17,[1]IFC!$B$10:$AQ$702,33,0) -> #N/A | PL17: =VLOOKUP($I17,[1]IFC!$B$10:$AQ$702,32,0) -> #N/A | PM17: =INT(VLOOKUP($I17,[1]IFC!$B$10:$AQ$702,37,0)) -> #N/A
A18: 8 | B18: General Reports | J18: =B18 -> General Reports | BB18: =IF(AND($U18>BA$10,$U18<=BB$10),$AT18*$U$11,0)+IF(AND($AD18>BA$10,$AD18<=BB$10),$AT18*$AD$11,0)+IF(AND($AK18>BA$10,$AK18<=BB$10),$AT18*$AK$11,0)+IF(AND($AP18>BA$10,$AP18<=BB$10),$AT18*$AP$11,0) -> 0 | BC18: =IF(AND($U18>BB$10,$U18<=BC$10),$AT18*$U$11,0)+IF(AND($AD18>BB$10,$AD18<=BC$10),$AT18*$AD$11,0)+IF(AND($AK18>BB$10,$AK18<=BC$10),$AT18*$AK$11,0)+IF(AND($AP18>BB$10,$AP18<=BC$10),$AT18*$AP$11,0) -> 0 | BD18: =IF(AND($U18>BC$10,$U18<=BD$10),$AT18*$U$11,0)+IF(AND($AD18>BC$10,$AD18<=BD$10),$AT18*$AD$11,0)+IF(AND($AK18>BC$10,$AK18<=BD$10),$AT18*$AK$11,0)+IF(AND($AP18>BC$10,$AP18<=BD$10),$AT18*$AP$11,0) -> 0 | BE18: =IF(AND($U18>BD$10,$U18<=BE$10),$AT18*$U$11,0)+IF(AND($AD18>BD$10,$AD18<=BE$10),$AT18*$AD$11,0)+IF(AND($AK18>BD$10,$AK18<=BE$10),$AT18*$AK$11,0)+IF(AND($AP18>BD$10,$AP18<=BE$10),$AT18*$AP$11,0) -> 0 | BF18: =IF(AND($U18>BE$10,$U18<=BF$10),$AT18*$U$11,0)+IF(AND($AD18>BE$10,$AD18<=BF$10),$AT18*$AD$11,0)+IF(AND($AK18>BE$10,$AK18<=BF$10),$AT18*$AK$11,0)+IF(AND($AP18>BE$10,$AP18<=BF$10),$AT18*$AP$11,0) -> 0 | BG18: =IF(AND($U18>BF$10,$U18<=BG$10),$AT18*$U$11,0)+IF(AND($AD18>BF$10,$AD18<=BG$10),$AT18*$AD$11,0)+IF(AND($AK18>BF$10,$AK18<=BG$10),$AT18*$AK$11,0)+IF(AND($AP18>BF$10,$AP18<=BG$10),$AT18*$AP$11,0) -> 0 | BH18: =IF(AND($U18>BG$10,$U18<=BH$10),$AT18*$U$11,0)+IF(AND($AD18>BG$10,$AD18<=BH$10),$AT18*$AD$11,0)+IF(AND($AK18>BG$10,$AK18<=BH$10),$AT18*$AK$11,0)+IF(AND($AP18>BG$10,$AP18<=BH$10),$AT18*$AP$11,0) -> 0 | BI18: =IF(AND($U18>BH$10,$U18<=BI$10),$AT18*$U$11,0)+IF(AND($AD18>BH$10,$AD18<=BI$10),$AT18*$AD$11,0)+IF(AND($AK18>BH$10,$AK18<=BI$10),$AT18*$AK$11,0)+IF(AND($AP18>BH$10,$AP18<=BI$10),$AT18*$AP$11,0) -> 0 | ... FR18: =IF(AND($U18>FQ$10,$U18<=FR$10),$AT18*$U$11,0)+IF(AND($AD18>FQ$10,$AD18<=FR$10),$AT18*$AD$11,0)+IF(AND($AK18>FQ$10,$AK18<=FR$10),$AT18*$AK$11,0)+IF(AND($AP18>FQ$10,$AP18<=FR$10),$AT18*$AP$11,0) -> 0 | FT18: =IF(AND($V18>FS$10,$V18<=FT$10),$AT18*$U$11,0)+IF(AND($AE18>FS$10,$AE18<=FT$10),$AT18*$AD$11,0)+IF(AND($AL18>FS$10,$AL18<=FT$10),$AT18*$AK$11,0)+IF(AND($AQ18>FS$10,$AQ18<=FT$10),$AT18*$AP$11,0) -> 0 | FU18: =IF(AND($V18>FT$10,$V18<=FU$10),$AT18*$U$11,0)+IF(AND($AE18>FT$10,$AE18<=FU$10),$AT18*$AD$11,0)+IF(AND($AL18>FT$10,$AL18<=FU$10),$AT18*$AK$11,0)+IF(AND($AQ18>FT$10,$AQ18<=FU$10),$AT18*$AP$11,0) -> 0 | FV18: =IF(AND($V18>FU$10,$V18<=FV$10),$AT18*$U$11,0)+IF(AND($AE18>FU$10,$AE18<=FV$10),$AT18*$AD$11,0)+IF(AND($AL18>FU$10,$AL18<=FV$10),$AT18*$AK$11,0)+IF(AND($AQ18>FU$10,$AQ18<=FV$10),$AT18*$AP$11,0) -> 0 | FW18: =IF(AND($V18>FV$10,$V18<=FW$10),$AT18*$U$11,0)+IF(AND($AE18>FV$10,$AE18<=FW$10),$AT18*$AD$11,0)+IF(AND($AL18>FV$10,$AL18<=FW$10),$AT18*$AK$11,0)+IF(AND($AQ18>FV$10,$AQ18<=FW$10),$AT18*$AP$11,0) -> 0 | FX18: =IF(AND($V18>FW$10,$V18<=FX$10),$AT18*$U$11,0)+IF(AND($AE18>FW$10,$AE18<=FX$10),$AT18*$AD$11,0)+IF(AND($AL18>FW$10,$AL18<=FX$10),$AT18*$AK$11,0)+IF(AND($AQ18>FW$10,$AQ18<=FX$10),$AT18*$AP$11,0) -> 0 | FY18: =IF(AND($V18>FX$10,$V18<=FY$10),$AT18*$U$11,0)+IF(AND($AE18>FX$10,$AE18<=FY$10),$AT18*$AD$11,0)+IF(AND($AL18>FX$10,$AL18<=FY$10),$AT18*$AK$11,0)+IF(AND($AQ18>FX$10,$AQ18<=FY$10),$AT18*$AP$11,0) -> 0 | FZ18: =IF(AND($V18>FY$10,$V18<=FZ$10),$AT18*$U$11,0)+IF(AND($AE18>FY$10,$AE18<=FZ$10),$AT18*$AD$11,0)+IF(AND($AL18>FY$10,$AL18<=FZ$10),$AT18*$AK$11,0)+IF(AND($AQ18>FY$10,$AQ18<=FZ$10),$AT18*$AP$11,0) -> 0 | GA18: =IF(AND($V18>FZ$10,$V18<=GA$10),$AT18*$U$11,0)+IF(AND($AE18>FZ$10,$AE18<=GA$10),$AT18*$AD$11,0)+IF(AND($AL18>FZ$10,$AL18<=GA$10),$AT18*$AK$11,0)+IF(AND($AQ18>FZ$10,$AQ18<=GA$10),$AT18*$AP$11,0) -> 0 | ... KB18: =IF(AND($V18>KA$10,$V18<=KB$10),$AT18*$U$11,0)+IF(AND($AE18>KA$10,$AE18<=KB$10),$AT18*$AD$11,0)+IF(AND($AL18>KA$10,$AL18<=KB$10),$AT18*$AK$11,0)+IF(AND($AQ18>KA$10,$AQ18<=KB$10),$AT18*$AP$11,0) -> 0 | KC18: =IF(AND($U18>KB$10,$U18<=KC$10),$AT18*$U$11,0)+IF(AND($AD18>KB$10,$AD18<=KC$10),$AT18*$AD$11,0)+IF(AND($AK18>KB$10,$AK18<=KC$10),$AT18*$AK$11,0)+IF(AND($AP18>KB$10,$AP18<=KC$10),$AT18*$AP$11,0) -> 0 | KD18: =IF(AND($U18>KC$10,$U18<=KD$10),$AT18*$U$11,0)+IF(AND($AD18>KC$10,$AD18<=KD$10),$AT18*$AD$11,0)+IF(AND($AK18>KC$10,$AK18<=KD$10),$AT18*$AK$11,0)+IF(AND($AP18>KC$10,$AP18<=KD$10),$AT18*$AP$11,0) -> 0 | KE18: =IF(AND($U18>KD$10,$U18<=KE$10),$AT18*$U$11,0)+IF(AND($AD18>KD$10,$AD18<=KE$10),$AT18*$AD$11,0)+IF(AND($AK18>KD$10,$AK18<=KE$10),$AT18*$AK$11,0)+IF(AND($AP18>KD$10,$AP18<=KE$10),$AT18*$AP$11,0) -> 0 | KF18: =IF(AND($U18>KE$10,$U18<=KF$10),$AT18*$U$11,0)+IF(AND($AD18>KE$10,$AD18<=KF$10),$AT18*$AD$11,0)+IF(AND($AK18>KE$10,$AK18<=KF$10),$AT18*$AK$11,0)+IF(AND($AP18>KE$10,$AP18<=KF$10),$AT18*$AP$11,0) -> 0 | KG18: =IF(AND($U18>KF$10,$U18<=KG$10),$AT18*$U$11,0)+IF(AND($AD18>KF$10,$AD18<=KG$10),$AT18*$AD$11,0)+IF(AND($AK18>KF$10,$AK18<=KG$10),$AT18*$AK$11,0)+IF(AND($AP18>KF$10,$AP18<=KG$10),$AT18*$AP$11,0) -> 0 | KH18: =IF(AND($U18>KG$10,$U18<=KH$10),$AT18*$U$11,0)+IF(AND($AD18>KG$10,$AD18<=KH$10),$AT18*$AD$11,0)+IF(AND($AK18>KG$10,$AK18<=KH$10),$AT18*$AK$11,0)+IF(AND($AP18>KG$10,$AP18<=KH$10),$AT18*$AP$11,0) -> 0 | KI18: =IF(AND($U18>KH$10,$U18<=KI$10),$AT18*$U$11,0)+IF(AND($AD18>KH$10,$AD18<=KI$10),$AT18*$AD$11,0)+IF(AND($AK18>KH$10,$AK18<=KI$10),$AT18*$AK$11,0)+IF(AND($AP18>KH$10,$AP18<=KI$10),$AT18*$AP$11,0) -> 0 | KJ18: =IF(AND($U18>KI$10,$U18<=KJ$10),$AT18*$U$11,0)+IF(AND($AD18>KI$10,$AD18<=KJ$10),$AT18*$AD$11,0)+IF(AND($AK18>KI$10,$AK18<=KJ$10),$AT18*$AK$11,0)+IF(AND($AP18>KI$10,$AP18<=KJ$10),$AT18*$AP$11,0) -> 0 | KL18: =IF(AND($W18>KK$10,$W18<=KL$10),$AT18*$U$11,0)+IF(AND($AF18>KK$10,$AF18<=KL$10),$AT18*$AD$11,0)+IF(AND($AO18>KK$10,$AO18<=KL$10),$AT18*$AK$11,0)+IF(AND($AR18>KK$10,$AR18<=KL$10),$AT18*$AP$11,0) -> 0 | KM18: =IF(AND($W18>KL$10,$W18<=KM$10),$AT18*$U$11,0)+IF(AND($AF18>KL$10,$AF18<=KM$10),$AT18*$AD$11,0)+IF(AND($AO18>KL$10,$AO18<=KM$10),$AT18*$AK$11,0)+IF(AND($AR18>KL$10,$AR18<=KM$10),$AT18*$AP$11,0) -> 0 | KN18: =IF(AND($W18>KM$10,$W18<=KN$10),$AT18*$U$11,0)+IF(AND($AF18>KM$10,$AF18<=KN$10),$AT18*$AD$11,0)+IF(AND($AO18>KM$10,$AO18<=KN$10),$AT18*$AK$11,0)+IF(AND($AR18>KM$10,$AR18<=KN$10),$AT18*$AP$11,0) -> 0 | KO18: =IF(AND($W18>KN$10,$W18<=KO$10),$AT18*$U$11,0)+IF(AND($AF18>KN$10,$AF18<=KO$10),$AT18*$AD$11,0)+IF(AND($AO18>KN$10,$AO18<=KO$10),$AT18*$AK$11,0)+IF(AND($AR18>KN$10,$AR18<=KO$10),$AT18*$AP$11,0) -> 0 | KP18: =IF(AND($W18>KO$10,$W18<=KP$10),$AT18*$U$11,0)+IF(AND($AF18>KO$10,$AF18<=KP$10),$AT18*$AD$11,0)+IF(AND($AO18>KO$10,$AO18<=KP$10),$AT18*$AK$11,0)+IF(AND($AR18>KO$10,$AR18<=KP$10),$AT18*$AP$11,0) -> 0 | KQ18: =IF(AND($W18>KP$10,$W18<=KQ$10),$AT18*$U$11,0)+IF(AND($AF18>KP$10,$AF18<=KQ$10),$AT18*$AD$11,0)+IF(AND($AO18>KP$10,$AO18<=KQ$10),$AT18*$AK$11,0)+IF(AND($AR18>KP$10,$AR18<=KQ$10),$AT18*$AP$11,0) -> 0 | KR18: =IF(AND($W18>KQ$10,$W18<=KR$10),$AT18*$U$11,0)+IF(AND($AF18>KQ$10,$AF18<=KR$10),$AT18*$AD$11,0)+IF(AND($AO18>KQ$10,$AO18<=KR$10),$AT18*$AK$11,0)+IF(AND($AR18>KQ$10,$AR18<=KR$10),$AT18*$AP$11,0) -> 0 | KS18: =IF(AND($W18>KR$10,$W18<=KS$10),$AT18*$U$11,0)+IF(AND($AF18>KR$10,$AF18<=KS$10),$AT18*$AD$11,0)+IF(AND($AO18>KR$10,$AO18<=KS$10),$AT18*$AK$11,0)+IF(AND($AR18>KR$10,$AR18<=KS$10),$AT18*$AP$11,0) -> 0 | ... PB18: =IF(AND($W18>PA$10,$W18<=PB$10),$AT18*$U$11,0)+IF(AND($AF18>PA$10,$AF18<=PB$10),$AT18*$AD$11,0)+IF(AND($AO18>PA$10,$AO18<=PB$10),$AT18*$AK$11,0)+IF(AND($AR18>PA$10,$AR18<=PB$10),$AT18*$AP$11,0) -> 0 | PD18: =VLOOKUP($I18,[1]IFR!$B$10:$AQ$1616,1,0) -> #N/A | PE18: =INT(VLOOKUP($I18,[1]IFR!$B$10:$AQ$1616,20,0)) -> #N/A | PF18: =VLOOKUP($I18,[1]IFA!$B$10:$AQ$694,1,0) -> #N/A | PG18: =INT(VLOOKUP($I18,[1]IFA!$B$10:$AQ$694,20,0)) -> #N/A | PH18: =VLOOKUP($I18,[1]IFC!$B$10:$AQ$702,1,0) -> #N/A | PI18: =INT(VLOOKUP($I18,[1]IFC!$B$10:$AQ$702,20,0)) -> #N/A | PJ18: =VLOOKUP($I18,[1]IFC!$B$10:$AQ$702,17,0) -> #N/A | PK18: =VLOOKUP($I18,[1]IFC!$B$10:$AQ$702,33,0) -> #N/A | PL18: =VLOOKUP($I18,[1]IFC!$B$10:$AQ$702,32,0) -> #N/A | PM18: =INT(VLOOKUP($I18,[1]IFC!$B$10:$AQ$702,37,0)) -> #N/A
A19: 9 | B19: =IF(J19<>"",MAX(B$14:B18)+1,"") -> 4 | C19: IPX | D19: PLR | E19: RPT | F19: 9001 | G19: docx | I19: =CONCATENATE("MM-",$D$6,"-",$D$7,"-",C19,"-",D19,"-",E19,"-",F19) -> MM-ZTK-1F-IPX-PLR-RPT-9001 | J19: Pipeline Wall Thickness Analysis Report (IP20, IP21, IP22, IP23) | M19: R1 | N19: =VLOOKUP(I19,'MS Project'!$B$6:$F$189,5,FALSE) -> 46138 | O19: =N19+7 -> 46145 | P19: =O19+3 -> 46148 | Q19: A1 | R19: =P19+2 -> 46150 | S19: =R19+2 -> 46152 | T19: =S19+3 -> 46155 | U19: =T19+1 -> 46156 | V19: 46157 | W19: =V19 -> 46157 | X19: =U19+14 -> 46170 | Y19: =X19+2 -> 46172 | Z19: B1 | AA19: =Y19+4 -> 46176 | AB19: =AA19+3 -> 46179 | AC19: =AB19+4 -> 46183 | AD19: =AC19+1 -> 46184 | AE19: 46199 | AF19: =AE19 -> 46199 | AG19: =AD19+14 -> 46198 | AH19: =AG19+2 -> 46200 | AI19: C1 | AJ19: =AH19+4 -> 46204 | AK19: =AJ19+1 -> 46205 | AL19: 46220 | AM19: =AK19+14 -> 46219 | AO19: =AK19 -> 46205 | AP19: =AM19 -> 46219 | AR19: =AP19 -> 46219 | AS19: 1 | AT19: =AS19/$AS$11 -> 0.0081967213 | AU19: =IF($U19>0,IF($U19<=$AV$7,$AT19*$U$11,0))+IF($AD19>0,IF($AD19<=$AV$7,$AT19*$AD$11,0))+IF($AK19>0,IF($AK19<=$AV$7,$AT19*$AK$11,0))+IF($AP19>0,IF($AP19<=$AV$7,$AT19*$AP$11,0)) -> 0.0081967213 | AV19: =IF($V19>0,IF($V19<=$AV$7,$AT19*$U$11,0))+IF($AE19>0,IF($AE19<=$AV$7,$AT19*$AD$11,0))+IF($AL19>0,IF($AL19<=$AV$7,$AT19*$AK$11,0))+IF($AQ19>0,IF($AQ19<=$AV$7,$AT19*$AP$11,0)) -> 0.006557377 | AW19: =AV19-AU19 -> -0.0016393443 | AX19: =IF($U19>0,IF($U19<=$AZ$7,$AT19*$U$11,0))+IF($AD19>0,IF($AD19<=$AZ$7,$AT19*$AD$11,0))+IF($AK19>0,IF($AK19<=$AZ$7,$AT19*$AK$11,0))+IF($AP19>0,IF($AP19<=$AZ$7,$AT19*$AP$11,0)) -> 0.0081967213 | AY19: =IF($V19>0,IF($V19<=$AZ$7,$AT19*$U$11,0))+IF($AE19>0,IF($AE19<=$AZ$7,$AT19*$AD$11,0))+IF($AL19>0,IF($AL19<=$AZ$7,$AT19*$AK$11,0))+IF($AQ19>0,IF($AQ19<=$AZ$7,$AT19*$AP$11,0)) -> 0.006557377 | AZ19: =AY19-AX19 -> -0.0016393443 | BB19: =IF(AND($U19>BA$10,$U19<=BB$10),$AT19*$U$11,0)+IF(AND($AD19>BA$10,$AD19<=BB$10),$AT19*$AD$11,0)+IF(AND($AK19>BA$10,$AK19<=BB$10),$AT19*$AK$11,0)+IF(AND($AP19>BA$10,$AP19<=BB$10),$AT19*$AP$11,0) -> 0 | BC19: =IF(AND($U19>BB$10,$U19<=BC$10),$AT19*$U$11,0)+IF(AND($AD19>BB$10,$AD19<=BC$10),$AT19*$AD$11,0)+IF(AND($AK19>BB$10,$AK19<=BC$10),$AT19*$AK$11,0)+IF(AND($AP19>BB$10,$AP19<=BC$10),$AT19*$AP$11,0) -> 0 | BD19: =IF(AND($U19>BC$10,$U19<=BD$10),$AT19*$U$11,0)+IF(AND($AD19>BC$10,$AD19<=BD$10),$AT19*$AD$11,0)+IF(AND($AK19>BC$10,$AK19<=BD$10),$AT19*$AK$11,0)+IF(AND($AP19>BC$10,$AP19<=BD$10),$AT19*$AP$11,0) -> 0 | BE19: =IF(AND($U19>BD$10,$U19<=BE$10),$AT19*$U$11,0)+IF(AND($AD19>BD$10,$AD19<=BE$10),$AT19*$AD$11,0)+IF(AND($AK19>BD$10,$AK19<=BE$10),$AT19*$AK$11,0)+IF(AND($AP19>BD$10,$AP19<=BE$10),$AT19*$AP$11,0) -> 0 | BF19: =IF(AND($U19>BE$10,$U19<=BF$10),$AT19*$U$11,0)+IF(AND($AD19>BE$10,$AD19<=BF$10),$AT19*$AD$11,0)+IF(AND($AK19>BE$10,$AK19<=BF$10),$AT19*$AK$11,0)+IF(AND($AP19>BE$10,$AP19<=BF$10),$AT19*$AP$11,0) -> 0 | BG19: =IF(AND($U19>BF$10,$U19<=BG$10),$AT19*$U$11,0)+IF(AND($AD19>BF$10,$AD19<=BG$10),$AT19*$AD$11,0)+IF(AND($AK19>BF$10,$AK19<=BG$10),$AT19*$AK$11,0)+IF(AND($AP19>BF$10,$AP19<=BG$10),$AT19*$AP$11,0) -> 0 | BH19: =IF(AND($U19>BG$10,$U19<=BH$10),$AT19*$U$11,0)+IF(AND($AD19>BG$10,$AD19<=BH$10),$AT19*$AD$11,0)+IF(AND($AK19>BG$10,$AK19<=BH$10),$AT19*$AK$11,0)+IF(AND($AP19>BG$10,$AP19<=BH$10),$AT19*$AP$11,0) -> 0 | BI19: =IF(AND($U19>BH$10,$U19<=BI$10),$AT19*$U$11,0)+IF(AND($AD19>BH$10,$AD19<=BI$10),$AT19*$AD$11,0)+IF(AND($AK19>BH$10,$AK19<=BI$10),$AT19*$AK$11,0)+IF(AND($AP19>BH$10,$AP19<=BI$10),$AT19*$AP$11,0) -> 0 | ... FR19: =IF(AND($U19>FQ$10,$U19<=FR$10),$AT19*$U$11,0)+IF(AND($AD19>FQ$10,$AD19<=FR$10),$AT19*$AD$11,0)+IF(AND($AK19>FQ$10,$AK19<=FR$10),$AT19*$AK$11,0)+IF(AND($AP19>FQ$10,$AP19<=FR$10),$AT19*$AP$11,0) -> 0 | FT19: =IF(AND($V19>FS$10,$V19<=FT$10),$AT19*$U$11,0)+IF(AND($AE19>FS$10,$AE19<=FT$10),$AT19*$AD$11,0)+IF(AND($AL19>FS$10,$AL19<=FT$10),$AT19*$AK$11,0)+IF(AND($AQ19>FS$10,$AQ19<=FT$10),$AT19*$AP$11,0) -> 0 | FU19: =IF(AND($V19>FT$10,$V19<=FU$10),$AT19*$U$11,0)+IF(AND($AE19>FT$10,$AE19<=FU$10),$AT19*$AD$11,0)+IF(AND($AL19>FT$10,$AL19<=FU$10),$AT19*$AK$11,0)+IF(AND($AQ19>FT$10,$AQ19<=FU$10),$AT19*$AP$11,0) -> 0 | FV19: =IF(AND($V19>FU$10,$V19<=FV$10),$AT19*$U$11,0)+IF(AND($AE19>FU$10,$AE19<=FV$10),$AT19*$AD$11,0)+IF(AND($AL19>FU$10,$AL19<=FV$10),$AT19*$AK$11,0)+IF(AND($AQ19>FU$10,$AQ19<=FV$10),$AT19*$AP$11,0) -> 0 | FW19: =IF(AND($V19>FV$10,$V19<=FW$10),$AT19*$U$11,0)+IF(AND($AE19>FV$10,$AE19<=FW$10),$AT19*$AD$11,0)+IF(AND($AL19>FV$10,$AL19<=FW$10),$AT19*$AK$11,0)+IF(AND($AQ19>FV$10,$AQ19<=FW$10),$AT19*$AP$11,0) -> 0 | FX19: =IF(AND($V19>FW$10,$V19<=FX$10),$AT19*$U$11,0)+IF(AND($AE19>FW$10,$AE19<=FX$10),$AT19*$AD$11,0)+IF(AND($AL19>FW$10,$AL19<=FX$10),$AT19*$AK$11,0)+IF(AND($AQ19>FW$10,$AQ19<=FX$10),$AT19*$AP$11,0) -> 0 | FY19: =IF(AND($V19>FX$10,$V19<=FY$10),$AT19*$U$11,0)+IF(AND($AE19>FX$10,$AE19<=FY$10),$AT19*$AD$11,0)+IF(AND($AL19>FX$10,$AL19<=FY$10),$AT19*$AK$11,0)+IF(AND($AQ19>FX$10,$AQ19<=FY$10),$AT19*$AP$11,0) -> 0 | FZ19: =IF(AND($V19>FY$10,$V19<=FZ$10),$AT19*$U$11,0)+IF(AND($AE19>FY$10,$AE19<=FZ$10),$AT19*$AD$11,0)+IF(AND($AL19>FY$10,$AL19<=FZ$10),$AT19*$AK$11,0)+IF(AND($AQ19>FY$10,$AQ19<=FZ$10),$AT19*$AP$11,0) -> 0 | GA19: =IF(AND($V19>FZ$10,$V19<=GA$10),$AT19*$U$11,0)+IF(AND($AE19>FZ$10,$AE19<=GA$10),$AT19*$AD$11,0)+IF(AND($AL19>FZ$10,$AL19<=GA$10),$AT19*$AK$11,0)+IF(AND($AQ19>FZ$10,$AQ19<=GA$10),$AT19*$AP$11,0) -> 0 | ... KB19: =IF(AND($V19>KA$10,$V19<=KB$10),$AT19*$U$11,0)+IF(AND($AE19>KA$10,$AE19<=KB$10),$AT19*$AD$11,0)+IF(AND($AL19>KA$10,$AL19<=KB$10),$AT19*$AK$11,0)+IF(AND($AQ19>KA$10,$AQ19<=KB$10),$AT19*$AP$11,0) -> 0 | KC19: =IF(AND($U19>KB$10,$U19<=KC$10),$AT19*$U$11,0)+IF(AND($AD19>KB$10,$AD19<=KC$10),$AT19*$AD$11,0)+IF(AND($AK19>KB$10,$AK19<=KC$10),$AT19*$AK$11,0)+IF(AND($AP19>KB$10,$AP19<=KC$10),$AT19*$AP$11,0) -> 0 | KD19: =IF(AND($U19>KC$10,$U19<=KD$10),$AT19*$U$11,0)+IF(AND($AD19>KC$10,$AD19<=KD$10),$AT19*$AD$11,0)+IF(AND($AK19>KC$10,$AK19<=KD$10),$AT19*$AK$11,0)+IF(AND($AP19>KC$10,$AP19<=KD$10),$AT19*$AP$11,0) -> 0 | KE19: =IF(AND($U19>KD$10,$U19<=KE$10),$AT19*$U$11,0)+IF(AND($AD19>KD$10,$AD19<=KE$10),$AT19*$AD$11,0)+IF(AND($AK19>KD$10,$AK19<=KE$10),$AT19*$AK$11,0)+IF(AND($AP19>KD$10,$AP19<=KE$10),$AT19*$AP$11,0) -> 0 | KF19: =IF(AND($U19>KE$10,$U19<=KF$10),$AT19*$U$11,0)+IF(AND($AD19>KE$10,$AD19<=KF$10),$AT19*$AD$11,0)+IF(AND($AK19>KE$10,$AK19<=KF$10),$AT19*$AK$11,0)+IF(AND($AP19>KE$10,$AP19<=KF$10),$AT19*$AP$11,0) -> 0 | KG19: =IF(AND($U19>KF$10,$U19<=KG$10),$AT19*$U$11,0)+IF(AND($AD19>KF$10,$AD19<=KG$10),$AT19*$AD$11,0)+IF(AND($AK19>KF$10,$AK19<=KG$10),$AT19*$AK$11,0)+IF(AND($AP19>KF$10,$AP19<=KG$10),$AT19*$AP$11,0) -> 0 | KH19: =IF(AND($U19>KG$10,$U19<=KH$10),$AT19*$U$11,0)+IF(AND($AD19>KG$10,$AD19<=KH$10),$AT19*$AD$11,0)+IF(AND($AK19>KG$10,$AK19<=KH$10),$AT19*$AK$11,0)+IF(AND($AP19>KG$10,$AP19<=KH$10),$AT19*$AP$11,0) -> 0 | KI19: =IF(AND($U19>KH$10,$U19<=KI$10),$AT19*$U$11,0)+IF(AND($AD19>KH$10,$AD19<=KI$10),$AT19*$AD$11,0)+IF(AND($AK19>KH$10,$AK19<=KI$10),$AT19*$AK$11,0)+IF(AND($AP19>KH$10,$AP19<=KI$10),$AT19*$AP$11,0) -> 0 | KJ19: =IF(AND($U19>KI$10,$U19<=KJ$10),$AT19*$U$11,0)+IF(AND($AD19>KI$10,$AD19<=KJ$10),$AT19*$AD$11,0)+IF(AND($AK19>KI$10,$AK19<=KJ$10),$AT19*$AK$11,0)+IF(AND($AP19>KI$10,$AP19<=KJ$10),$AT19*$AP$11,0) -> 0 | KL19: =IF(AND($W19>KK$10,$W19<=KL$10),$AT19*$U$11,0)+IF(AND($AF19>KK$10,$AF19<=KL$10),$AT19*$AD$11,0)+IF(AND($AO19>KK$10,$AO19<=KL$10),$AT19*$AK$11,0)+IF(AND($AR19>KK$10,$AR19<=KL$10),$AT19*$AP$11,0) -> 0 | KM19: =IF(AND($W19>KL$10,$W19<=KM$10),$AT19*$U$11,0)+IF(AND($AF19>KL$10,$AF19<=KM$10),$AT19*$AD$11,0)+IF(AND($AO19>KL$10,$AO19<=KM$10),$AT19*$AK$11,0)+IF(AND($AR19>KL$10,$AR19<=KM$10),$AT19*$AP$11,0) -> 0 | KN19: =IF(AND($W19>KM$10,$W19<=KN$10),$AT19*$U$11,0)+IF(AND($AF19>KM$10,$AF19<=KN$10),$AT19*$AD$11,0)+IF(AND($AO19>KM$10,$AO19<=KN$10),$AT19*$AK$11,0)+IF(AND($AR19>KM$10,$AR19<=KN$10),$AT19*$AP$11,0) -> 0 | KO19: =IF(AND($W19>KN$10,$W19<=KO$10),$AT19*$U$11,0)+IF(AND($AF19>KN$10,$AF19<=KO$10),$AT19*$AD$11,0)+IF(AND($AO19>KN$10,$AO19<=KO$10),$AT19*$AK$11,0)+IF(AND($AR19>KN$10,$AR19<=KO$10),$AT19*$AP$11,0) -> 0 | KP19: =IF(AND($W19>KO$10,$W19<=KP$10),$AT19*$U$11,0)+IF(AND($AF19>KO$10,$AF19<=KP$10),$AT19*$AD$11,0)+IF(AND($AO19>KO$10,$AO19<=KP$10),$AT19*$AK$11,0)+IF(AND($AR19>KO$10,$AR19<=KP$10),$AT19*$AP$11,0) -> 0 | KQ19: =IF(AND($W19>KP$10,$W19<=KQ$10),$AT19*$U$11,0)+IF(AND($AF19>KP$10,$AF19<=KQ$10),$AT19*$AD$11,0)+IF(AND($AO19>KP$10,$AO19<=KQ$10),$AT19*$AK$11,0)+IF(AND($AR19>KP$10,$AR19<=KQ$10),$AT19*$AP$11,0) -> 0 | KR19: =IF(AND($W19>KQ$10,$W19<=KR$10),$AT19*$U$11,0)+IF(AND($AF19>KQ$10,$AF19<=KR$10),$AT19*$AD$11,0)+IF(AND($AO19>KQ$10,$AO19<=KR$10),$AT19*$AK$11,0)+IF(AND($AR19>KQ$10,$AR19<=KR$10),$AT19*$AP$11,0) -> 0 | KS19: =IF(AND($W19>KR$10,$W19<=KS$10),$AT19*$U$11,0)+IF(AND($AF19>KR$10,$AF19<=KS$10),$AT19*$AD$11,0)+IF(AND($AO19>KR$10,$AO19<=KS$10),$AT19*$AK$11,0)+IF(AND($AR19>KR$10,$AR19<=KS$10),$AT19*$AP$11,0) -> 0 | ... PB19: =IF(AND($W19>PA$10,$W19<=PB$10),$AT19*$U$11,0)+IF(AND($AF19>PA$10,$AF19<=PB$10),$AT19*$AD$11,0)+IF(AND($AO19>PA$10,$AO19<=PB$10),$AT19*$AK$11,0)+IF(AND($AR19>PA$10,$AR19<=PB$10),$AT19*$AP$11,0) -> 0 | PD19: =VLOOKUP($I19,[1]IFR!$B$10:$AQ$1616,1,0) -> MM-ZTK-1F-IPX-PLR-RPT-9001 | PE19: =INT(VLOOKUP($I19,[1]IFR!$B$10:$AQ$1616,20,0)) -> 46157 | PF19: =VLOOKUP($I19,[1]IFA!$B$10:$AQ$694,1,0) -> MM-ZTK-1F-IPX-PLR-RPT-9001 | PG19: =INT(VLOOKUP($I19,[1]IFA!$B$10:$AQ$694,20,0)) -> 46199 | PH19: =VLOOKUP($I19,[1]IFC!$B$10:$AQ$702,1,0) -> MM-ZTK-1F-IPX-PLR-RPT-9001 | PI19: =INT(VLOOKUP($I19,[1]IFC!$B$10:$AQ$702,20,0)) -> 46220 | PJ19: =VLOOKUP($I19,[1]IFC!$B$10:$AQ$702,17,0) -> AFC | PK19: =VLOOKUP($I19,[1]IFC!$B$10:$AQ$702,33,0) -> Approved with Comment | PL19: =VLOOKUP($I19,[1]IFC!$B$10:$AQ$702,32,0) -> AWC | PM19: =INT(VLOOKUP($I19,[1]IFC!$B$10:$AQ$702,37,0)) -> 46230
A20: 10 | B20: =IF(J20<>"",MAX(B$14:B19)+1,"") -> 5 | C20: IPX | D20: PLR | E20: RPT | F20: 9002 | G20: docx | I20: =CONCATENATE("MM-",$D$6,"-",$D$7,"-",C20,"-",D20,"-",E20,"-",F20) -> MM-ZTK-1F-IPX-PLR-RPT-9002 | J20: Pipeline On-Bottom Stability Analysis (IP20, IP21, IP22, IP23) | M20: R1 | N20: =VLOOKUP(I20,'MS Project'!$B$6:$F$189,5,FALSE)+7 -> 46153 | O20: =N20+7 -> 46160 | P20: =O20+3 -> 46163 | Q20: A1 | R20: =P20+2 -> 46165 | S20: =R20+2 -> 46167 | T20: =S20+3 -> 46170 | U20: =T20+1 -> 46171 | V20: 46164 | W20: =V20 -> 46164 | X20: =U20+14 -> 46185 | Y20: =X20+2 -> 46187 | Z20: B1 | AA20: =Y20+4 -> 46191 | AB20: =AA20+3 -> 46194 | AC20: =AB20+4 -> 46198 | AD20: =AC20+1 -> 46199 | AE20: 46199 | AF20: =AE20 -> 46199 | AG20: =AD20+14 -> 46213 | AH20: =AG20+2 -> 46215 | AI20: C1 | AJ20: =AH20+4 -> 46219 | AK20: =AJ20+1 -> 46220 | AL20: 46227 | AM20: =AK20+14 -> 46234 | AO20: =AK20 -> 46220 | AP20: =AM20 -> 46234 | AQ20: 46241 | AR20: =AP20 -> 46234 | AS20: 1 | AT20: =AS20/$AS$11 -> 0.0081967213 | AU20: =IF($U20>0,IF($U20<=$AV$7,$AT20*$U$11,0))+IF($AD20>0,IF($AD20<=$AV$7,$AT20*$AD$11,0))+IF($AK20>0,IF($AK20<=$AV$7,$AT20*$AK$11,0))+IF($AP20>0,IF($AP20<=$AV$7,$AT20*$AP$11,0)) -> 0.0081967213 | AV20: =IF($V20>0,IF($V20<=$AV$7,$AT20*$U$11,0))+IF($AE20>0,IF($AE20<=$AV$7,$AT20*$AD$11,0))+IF($AL20>0,IF($AL20<=$AV$7,$AT20*$AK$11,0))+IF($AQ20>0,IF($AQ20<=$AV$7,$AT20*$AP$11,0)) -> 0.0081967213 | AW20: =AV20-AU20 -> 0 | AX20: =IF($U20>0,IF($U20<=$AZ$7,$AT20*$U$11,0))+IF($AD20>0,IF($AD20<=$AZ$7,$AT20*$AD$11,0))+IF($AK20>0,IF($AK20<=$AZ$7,$AT20*$AK$11,0))+IF($AP20>0,IF($AP20<=$AZ$7,$AT20*$AP$11,0)) -> 0.0081967213 | AY20: =IF($V20>0,IF($V20<=$AZ$7,$AT20*$U$11,0))+IF($AE20>0,IF($AE20<=$AZ$7,$AT20*$AD$11,0))+IF($AL20>0,IF($AL20<=$AZ$7,$AT20*$AK$11,0))+IF($AQ20>0,IF($AQ20<=$AZ$7,$AT20*$AP$11,0)) -> 0.0081967213 | AZ20: =AY20-AX20 -> 0 | BB20: =IF(AND($U20>BA$10,$U20<=BB$10),$AT20*$U$11,0)+IF(AND($AD20>BA$10,$AD20<=BB$10),$AT20*$AD$11,0)+IF(AND($AK20>BA$10,$AK20<=BB$10),$AT20*$AK$11,0)+IF(AND($AP20>BA$10,$AP20<=BB$10),$AT20*$AP$11,0) -> 0 | BC20: =IF(AND($U20>BB$10,$U20<=BC$10),$AT20*$U$11,0)+IF(AND($AD20>BB$10,$AD20<=BC$10),$AT20*$AD$11,0)+IF(AND($AK20>BB$10,$AK20<=BC$10),$AT20*$AK$11,0)+IF(AND($AP20>BB$10,$AP20<=BC$10),$AT20*$AP$11,0) -> 0 | BD20: =IF(AND($U20>BC$10,$U20<=BD$10),$AT20*$U$11,0)+IF(AND($AD20>BC$10,$AD20<=BD$10),$AT20*$AD$11,0)+IF(AND($AK20>BC$10,$AK20<=BD$10),$AT20*$AK$11,0)+IF(AND($AP20>BC$10,$AP20<=BD$10),$AT20*$AP$11,0) -> 0 | BE20: =IF(AND($U20>BD$10,$U20<=BE$10),$AT20*$U$11,0)+IF(AND($AD20>BD$10,$AD20<=BE$10),$AT20*$AD$11,0)+IF(AND($AK20>BD$10,$AK20<=BE$10),$AT20*$AK$11,0)+IF(AND($AP20>BD$10,$AP20<=BE$10),$AT20*$AP$11,0) -> 0 | BF20: =IF(AND($U20>BE$10,$U20<=BF$10),$AT20*$U$11,0)+IF(AND($AD20>BE$10,$AD20<=BF$10),$AT20*$AD$11,0)+IF(AND($AK20>BE$10,$AK20<=BF$10),$AT20*$AK$11,0)+IF(AND($AP20>BE$10,$AP20<=BF$10),$AT20*$AP$11,0) -> 0 | BG20: =IF(AND($U20>BF$10,$U20<=BG$10),$AT20*$U$11,0)+IF(AND($AD20>BF$10,$AD20<=BG$10),$AT20*$AD$11,0)+IF(AND($AK20>BF$10,$AK20<=BG$10),$AT20*$AK$11,0)+IF(AND($AP20>BF$10,$AP20<=BG$10),$AT20*$AP$11,0) -> 0 | BH20: =IF(AND($U20>BG$10,$U20<=BH$10),$AT20*$U$11,0)+IF(AND($AD20>BG$10,$AD20<=BH$10),$AT20*$AD$11,0)+IF(AND($AK20>BG$10,$AK20<=BH$10),$AT20*$AK$11,0)+IF(AND($AP20>BG$10,$AP20<=BH$10),$AT20*$AP$11,0) -> 0 | BI20: =IF(AND($U20>BH$10,$U20<=BI$10),$AT20*$U$11,0)+IF(AND($AD20>BH$10,$AD20<=BI$10),$AT20*$AD$11,0)+IF(AND($AK20>BH$10,$AK20<=BI$10),$AT20*$AK$11,0)+IF(AND($AP20>BH$10,$AP20<=BI$10),$AT20*$AP$11,0) -> 0 | ... FR20: =IF(AND($U20>FQ$10,$U20<=FR$10),$AT20*$U$11,0)+IF(AND($AD20>FQ$10,$AD20<=FR$10),$AT20*$AD$11,0)+IF(AND($AK20>FQ$10,$AK20<=FR$10),$AT20*$AK$11,0)+IF(AND($AP20>FQ$10,$AP20<=FR$10),$AT20*$AP$11,0) -> 0 | FT20: =IF(AND($V20>FS$10,$V20<=FT$10),$AT20*$U$11,0)+IF(AND($AE20>FS$10,$AE20<=FT$10),$AT20*$AD$11,0)+IF(AND($AL20>FS$10,$AL20<=FT$10),$AT20*$AK$11,0)+IF(AND($AQ20>FS$10,$AQ20<=FT$10),$AT20*$AP$11,0) -> 0 | FU20: =IF(AND($V20>FT$10,$V20<=FU$10),$AT20*$U$11,0)+IF(AND($AE20>FT$10,$AE20<=FU$10),$AT20*$AD$11,0)+IF(AND($AL20>FT$10,$AL20<=FU$10),$AT20*$AK$11,0)+IF(AND($AQ20>FT$10,$AQ20<=FU$10),$AT20*$AP$11,0) -> 0 | FV20: =IF(AND($V20>FU$10,$V20<=FV$10),$AT20*$U$11,0)+IF(AND($AE20>FU$10,$AE20<=FV$10),$AT20*$AD$11,0)+IF(AND($AL20>FU$10,$AL20<=FV$10),$AT20*$AK$11,0)+IF(AND($AQ20>FU$10,$AQ20<=FV$10),$AT20*$AP$11,0) -> 0 | FW20: =IF(AND($V20>FV$10,$V20<=FW$10),$AT20*$U$11,0)+IF(AND($AE20>FV$10,$AE20<=FW$10),$AT20*$AD$11,0)+IF(AND($AL20>FV$10,$AL20<=FW$10),$AT20*$AK$11,0)+IF(AND($AQ20>FV$10,$AQ20<=FW$10),$AT20*$AP$11,0) -> 0 | FX20: =IF(AND($V20>FW$10,$V20<=FX$10),$AT20*$U$11,0)+IF(AND($AE20>FW$10,$AE20<=FX$10),$AT20*$AD$11,0)+IF(AND($AL20>FW$10,$AL20<=FX$10),$AT20*$AK$11,0)+IF(AND($AQ20>FW$10,$AQ20<=FX$10),$AT20*$AP$11,0) -> 0 | FY20: =IF(AND($V20>FX$10,$V20<=FY$10),$AT20*$U$11,0)+IF(AND($AE20>FX$10,$AE20<=FY$10),$AT20*$AD$11,0)+IF(AND($AL20>FX$10,$AL20<=FY$10),$AT20*$AK$11,0)+IF(AND($AQ20>FX$10,$AQ20<=FY$10),$AT20*$AP$11,0) -> 0 | FZ20: =IF(AND($V20>FY$10,$V20<=FZ$10),$AT20*$U$11,0)+IF(AND($AE20>FY$10,$AE20<=FZ$10),$AT20*$AD$11,0)+IF(AND($AL20>FY$10,$AL20<=FZ$10),$AT20*$AK$11,0)+IF(AND($AQ20>FY$10,$AQ20<=FZ$10),$AT20*$AP$11,0) -> 0 | GA20: =IF(AND($V20>FZ$10,$V20<=GA$10),$AT20*$U$11,0)+IF(AND($AE20>FZ$10,$AE20<=GA$10),$AT20*$AD$11,0)+IF(AND($AL20>FZ$10,$AL20<=GA$10),$AT20*$AK$11,0)+IF(AND($AQ20>FZ$10,$AQ20<=GA$10),$AT20*$AP$11,0) -> 0 | ... KB20: =IF(AND($V20>KA$10,$V20<=KB$10),$AT20*$U$11,0)+IF(AND($AE20>KA$10,$AE20<=KB$10),$AT20*$AD$11,0)+IF(AND($AL20>KA$10,$AL20<=KB$10),$AT20*$AK$11,0)+IF(AND($AQ20>KA$10,$AQ20<=KB$10),$AT20*$AP$11,0) -> 0 | KC20: =IF(AND($U20>KB$10,$U20<=KC$10),$AT20*$U$11,0)+IF(AND($AD20>KB$10,$AD20<=KC$10),$AT20*$AD$11,0)+IF(AND($AK20>KB$10,$AK20<=KC$10),$AT20*$AK$11,0)+IF(AND($AP20>KB$10,$AP20<=KC$10),$AT20*$AP$11,0) -> 0 | KD20: =IF(AND($U20>KC$10,$U20<=KD$10),$AT20*$U$11,0)+IF(AND($AD20>KC$10,$AD20<=KD$10),$AT20*$AD$11,0)+IF(AND($AK20>KC$10,$AK20<=KD$10),$AT20*$AK$11,0)+IF(AND($AP20>KC$10,$AP20<=KD$10),$AT20*$AP$11,0) -> 0 | KE20: =IF(AND($U20>KD$10,$U20<=KE$10),$AT20*$U$11,0)+IF(AND($AD20>KD$10,$AD20<=KE$10),$AT20*$AD$11,0)+IF(AND($AK20>KD$10,$AK20<=KE$10),$AT20*$AK$11,0)+IF(AND($AP20>KD$10,$AP20<=KE$10),$AT20*$AP$11,0) -> 0 | KF20: =IF(AND($U20>KE$10,$U20<=KF$10),$AT20*$U$11,0)+IF(AND($AD20>KE$10,$AD20<=KF$10),$AT20*$AD$11,0)+IF(AND($AK20>KE$10,$AK20<=KF$10),$AT20*$AK$11,0)+IF(AND($AP20>KE$10,$AP20<=KF$10),$AT20*$AP$11,0) -> 0 | KG20: =IF(AND($U20>KF$10,$U20<=KG$10),$AT20*$U$11,0)+IF(AND($AD20>KF$10,$AD20<=KG$10),$AT20*$AD$11,0)+IF(AND($AK20>KF$10,$AK20<=KG$10),$AT20*$AK$11,0)+IF(AND($AP20>KF$10,$AP20<=KG$10),$AT20*$AP$11,0) -> 0 | KH20: =IF(AND($U20>KG$10,$U20<=KH$10),$AT20*$U$11,0)+IF(AND($AD20>KG$10,$AD20<=KH$10),$AT20*$AD$11,0)+IF(AND($AK20>KG$10,$AK20<=KH$10),$AT20*$AK$11,0)+IF(AND($AP20>KG$10,$AP20<=KH$10),$AT20*$AP$11,0) -> 0 | KI20: =IF(AND($U20>KH$10,$U20<=KI$10),$AT20*$U$11,0)+IF(AND($AD20>KH$10,$AD20<=KI$10),$AT20*$AD$11,0)+IF(AND($AK20>KH$10,$AK20<=KI$10),$AT20*$AK$11,0)+IF(AND($AP20>KH$10,$AP20<=KI$10),$AT20*$AP$11,0) -> 0 | KJ20: =IF(AND($U20>KI$10,$U20<=KJ$10),$AT20*$U$11,0)+IF(AND($AD20>KI$10,$AD20<=KJ$10),$AT20*$AD$11,0)+IF(AND($AK20>KI$10,$AK20<=KJ$10),$AT20*$AK$11,0)+IF(AND($AP20>KI$10,$AP20<=KJ$10),$AT20*$AP$11,0) -> 0 | KL20: =IF(AND($W20>KK$10,$W20<=KL$10),$AT20*$U$11,0)+IF(AND($AF20>KK$10,$AF20<=KL$10),$AT20*$AD$11,0)+IF(AND($AO20>KK$10,$AO20<=KL$10),$AT20*$AK$11,0)+IF(AND($AR20>KK$10,$AR20<=KL$10),$AT20*$AP$11,0) -> 0 | KM20: =IF(AND($W20>KL$10,$W20<=KM$10),$AT20*$U$11,0)+IF(AND($AF20>KL$10,$AF20<=KM$10),$AT20*$AD$11,0)+IF(AND($AO20>KL$10,$AO20<=KM$10),$AT20*$AK$11,0)+IF(AND($AR20>KL$10,$AR20<=KM$10),$AT20*$AP$11,0) -> 0 | KN20: =IF(AND($W20>KM$10,$W20<=KN$10),$AT20*$U$11,0)+IF(AND($AF20>KM$10,$AF20<=KN$10),$AT20*$AD$11,0)+IF(AND($AO20>KM$10,$AO20<=KN$10),$AT20*$AK$11,0)+IF(AND($AR20>KM$10,$AR20<=KN$10),$AT20*$AP$11,0) -> 0 | KO20: =IF(AND($W20>KN$10,$W20<=KO$10),$AT20*$U$11,0)+IF(AND($AF20>KN$10,$AF20<=KO$10),$AT20*$AD$11,0)+IF(AND($AO20>KN$10,$AO20<=KO$10),$AT20*$AK$11,0)+IF(AND($AR20>KN$10,$AR20<=KO$10),$AT20*$AP$11,0) -> 0 | KP20: =IF(AND($W20>KO$10,$W20<=KP$10),$AT20*$U$11,0)+IF(AND($AF20>KO$10,$AF20<=KP$10),$AT20*$AD$11,0)+IF(AND($AO20>KO$10,$AO20<=KP$10),$AT20*$AK$11,0)+IF(AND($AR20>KO$10,$AR20<=KP$10),$AT20*$AP$11,0) -> 0 | KQ20: =IF(AND($W20>KP$10,$W20<=KQ$10),$AT20*$U$11,0)+IF(AND($AF20>KP$10,$AF20<=KQ$10),$AT20*$AD$11,0)+IF(AND($AO20>KP$10,$AO20<=KQ$10),$AT20*$AK$11,0)+IF(AND($AR20>KP$10,$AR20<=KQ$10),$AT20*$AP$11,0) -> 0 | KR20: =IF(AND($W20>KQ$10,$W20<=KR$10),$AT20*$U$11,0)+IF(AND($AF20>KQ$10,$AF20<=KR$10),$AT20*$AD$11,0)+IF(AND($AO20>KQ$10,$AO20<=KR$10),$AT20*$AK$11,0)+IF(AND($AR20>KQ$10,$AR20<=KR$10),$AT20*$AP$11,0) -> 0 | KS20: =IF(AND($W20>KR$10,$W20<=KS$10),$AT20*$U$11,0)+IF(AND($AF20>KR$10,$AF20<=KS$10),$AT20*$AD$11,0)+IF(AND($AO20>KR$10,$AO20<=KS$10),$AT20*$AK$11,0)+IF(AND($AR20>KR$10,$AR20<=KS$10),$AT20*$AP$11,0) -> 0 | ... PB20: =IF(AND($W20>PA$10,$W20<=PB$10),$AT20*$U$11,0)+IF(AND($AF20>PA$10,$AF20<=PB$10),$AT20*$AD$11,0)+IF(AND($AO20>PA$10,$AO20<=PB$10),$AT20*$AK$11,0)+IF(AND($AR20>PA$10,$AR20<=PB$10),$AT20*$AP$11,0) -> 0 | PD20: =VLOOKUP($I20,[1]IFR!$B$10:$AQ$1616,1,0) -> MM-ZTK-1F-IPX-PLR-RPT-9002 | PE20: =INT(VLOOKUP($I20,[1]IFR!$B$10:$AQ$1616,20,0)) -> 46164 | PF20: =VLOOKUP($I20,[1]IFA!$B$10:$AQ$694,1,0) -> MM-ZTK-1F-IPX-PLR-RPT-9002 | PG20: =INT(VLOOKUP($I20,[1]IFA!$B$10:$AQ$694,20,0)) -> 46200 | PH20: =VLOOKUP($I20,[1]IFC!$B$10:$AQ$702,1,0) -> MM-ZTK-1F-IPX-PLR-RPT-9002 | PI20: =INT(VLOOKUP($I20,[1]IFC!$B$10:$AQ$702,20,0)) -> 46227 | PJ20: =VLOOKUP($I20,[1]IFC!$B$10:$AQ$702,17,0) -> AFC | PK20: =VLOOKUP($I20,[1]IFC!$B$10:$AQ$702,33,0) -> Approved | PL20: =VLOOKUP($I20,[1]IFC!$B$10:$AQ$702,32,0) -> APPR | PM20: =INT(VLOOKUP($I20,[1]IFC!$B$10:$AQ$702,37,0)) -> 46242
A21: 11 | B21: =IF(J21<>"",MAX(B$14:B20)+1,"") -> 6 | C21: IPX | D21: PLR | E21: RPT | F21: 9003 | G21: docx | I21: =CONCATENATE("MM-",$D$6,"-",$D$7,"-",C21,"-",D21,"-",E21,"-",F21) -> MM-ZTK-1F-IPX-PLR-RPT-9003 | J21: Pipeline Fault Crossing Analysis | M21: R1 | N21: =VLOOKUP(I21,'MS Project'!$B$6:$F$189,5,FALSE)+7 -> 46169 | O21: =N21+7 -> 46176 | P21: =O21+3 -> 46179 | Q21: A1 | R21: =P21+2 -> 46181 | S21: =R21+2 -> 46183 | T21: =S21+3 -> 46186 | U21: =T21+1 -> 46187 | V21: 46184 | W21: =V21 -> 46184 | X21: =U21+14 -> 46201 | Y21: =X21+2 -> 46203 | Z21: B1 | AA21: =Y21+4 -> 46207 | AB21: =AA21+3 -> 46210 | AC21: =AB21+4 -> 46214 | AD21: =AC21+1 -> 46215 | AE21: 46213 | AF21: 46215 | AG21: =AD21+14 -> 46229 | AH21: =AG21+2 -> 46231 | AI21: C1 | AJ21: =AH21+4 -> 46235 | AK21: =AJ21+1 -> 46236 | AL21: 46238 | AM21: =AK21+14 -> 46250 | AO21: =AK21 -> 46236 | AP21: =AM21 -> 46250 | AQ21: 46241 | AR21: =AP21 -> 46250 | AS21: 1 | AT21: =AS21/$AS$11 -> 0.0081967213 | AU21: =IF($U21>0,IF($U21<=$AV$7,$AT21*$U$11,0))+IF($AD21>0,IF($AD21<=$AV$7,$AT21*$AD$11,0))+IF($AK21>0,IF($AK21<=$AV$7,$AT21*$AK$11,0))+IF($AP21>0,IF($AP21<=$AV$7,$AT21*$AP$11,0)) -> 0.0081967213 | AV21: =IF($V21>0,IF($V21<=$AV$7,$AT21*$U$11,0))+IF($AE21>0,IF($AE21<=$AV$7,$AT21*$AD$11,0))+IF($AL21>0,IF($AL21<=$AV$7,$AT21*$AK$11,0))+IF($AQ21>0,IF($AQ21<=$AV$7,$AT21*$AP$11,0)) -> 0.0081967213 | AW21: =AV21-AU21 -> 0 | AX21: =IF($U21>0,IF($U21<=$AZ$7,$AT21*$U$11,0))+IF($AD21>0,IF($AD21<=$AZ$7,$AT21*$AD$11,0))+IF($AK21>0,IF($AK21<=$AZ$7,$AT21*$AK$11,0))+IF($AP21>0,IF($AP21<=$AZ$7,$AT21*$AP$11,0)) -> 0.0081967213 | AY21: =IF($V21>0,IF($V21<=$AZ$7,$AT21*$U$11,0))+IF($AE21>0,IF($AE21<=$AZ$7,$AT21*$AD$11,0))+IF($AL21>0,IF($AL21<=$AZ$7,$AT21*$AK$11,0))+IF($AQ21>0,IF($AQ21<=$AZ$7,$AT21*$AP$11,0)) -> 0.0081967213 | AZ21: =AY21-AX21 -> 0 | BB21: =IF(AND($U21>BA$10,$U21<=BB$10),$AT21*$U$11,0)+IF(AND($AD21>BA$10,$AD21<=BB$10),$AT21*$AD$11,0)+IF(AND($AK21>BA$10,$AK21<=BB$10),$AT21*$AK$11,0)+IF(AND($AP21>BA$10,$AP21<=BB$10),$AT21*$AP$11,0) -> 0 | BC21: =IF(AND($U21>BB$10,$U21<=BC$10),$AT21*$U$11,0)+IF(AND($AD21>BB$10,$AD21<=BC$10),$AT21*$AD$11,0)+IF(AND($AK21>BB$10,$AK21<=BC$10),$AT21*$AK$11,0)+IF(AND($AP21>BB$10,$AP21<=BC$10),$AT21*$AP$11,0) -> 0 | BD21: =IF(AND($U21>BC$10,$U21<=BD$10),$AT21*$U$11,0)+IF(AND($AD21>BC$10,$AD21<=BD$10),$AT21*$AD$11,0)+IF(AND($AK21>BC$10,$AK21<=BD$10),$AT21*$AK$11,0)+IF(AND($AP21>BC$10,$AP21<=BD$10),$AT21*$AP$11,0) -> 0 | BE21: =IF(AND($U21>BD$10,$U21<=BE$10),$AT21*$U$11,0)+IF(AND($AD21>BD$10,$AD21<=BE$10),$AT21*$AD$11,0)+IF(AND($AK21>BD$10,$AK21<=BE$10),$AT21*$AK$11,0)+IF(AND($AP21>BD$10,$AP21<=BE$10),$AT21*$AP$11,0) -> 0 | BF21: =IF(AND($U21>BE$10,$U21<=BF$10),$AT21*$U$11,0)+IF(AND($AD21>BE$10,$AD21<=BF$10),$AT21*$AD$11,0)+IF(AND($AK21>BE$10,$AK21<=BF$10),$AT21*$AK$11,0)+IF(AND($AP21>BE$10,$AP21<=BF$10),$AT21*$AP$11,0) -> 0 | BG21: =IF(AND($U21>BF$10,$U21<=BG$10),$AT21*$U$11,0)+IF(AND($AD21>BF$10,$AD21<=BG$10),$AT21*$AD$11,0)+IF(AND($AK21>BF$10,$AK21<=BG$10),$AT21*$AK$11,0)+IF(AND($AP21>BF$10,$AP21<=BG$10),$AT21*$AP$11,0) -> 0 | BH21: =IF(AND($U21>BG$10,$U21<=BH$10),$AT21*$U$11,0)+IF(AND($AD21>BG$10,$AD21<=BH$10),$AT21*$AD$11,0)+IF(AND($AK21>BG$10,$AK21<=BH$10),$AT21*$AK$11,0)+IF(AND($AP21>BG$10,$AP21<=BH$10),$AT21*$AP$11,0) -> 0 | BI21: =IF(AND($U21>BH$10,$U21<=BI$10),$AT21*$U$11,0)+IF(AND($AD21>BH$10,$AD21<=BI$10),$AT21*$AD$11,0)+IF(AND($AK21>BH$10,$AK21<=BI$10),$AT21*$AK$11,0)+IF(AND($AP21>BH$10,$AP21<=BI$10),$AT21*$AP$11,0) -> 0 | ... FR21: =IF(AND($U21>FQ$10,$U21<=FR$10),$AT21*$U$11,0)+IF(AND($AD21>FQ$10,$AD21<=FR$10),$AT21*$AD$11,0)+IF(AND($AK21>FQ$10,$AK21<=FR$10),$AT21*$AK$11,0)+IF(AND($AP21>FQ$10,$AP21<=FR$10),$AT21*$AP$11,0) -> 0 | FT21: =IF(AND($V21>FS$10,$V21<=FT$10),$AT21*$U$11,0)+IF(AND($AE21>FS$10,$AE21<=FT$10),$AT21*$AD$11,0)+IF(AND($AL21>FS$10,$AL21<=FT$10),$AT21*$AK$11,0)+IF(AND($AQ21>FS$10,$AQ21<=FT$10),$AT21*$AP$11,0) -> 0 | FU21: =IF(AND($V21>FT$10,$V21<=FU$10),$AT21*$U$11,0)+IF(AND($AE21>FT$10,$AE21<=FU$10),$AT21*$AD$11,0)+IF(AND($AL21>FT$10,$AL21<=FU$10),$AT21*$AK$11,0)+IF(AND($AQ21>FT$10,$AQ21<=FU$10),$AT21*$AP$11,0) -> 0 | FV21: =IF(AND($V21>FU$10,$V21<=FV$10),$AT21*$U$11,0)+IF(AND($AE21>FU$10,$AE21<=FV$10),$AT21*$AD$11,0)+IF(AND($AL21>FU$10,$AL21<=FV$10),$AT21*$AK$11,0)+IF(AND($AQ21>FU$10,$AQ21<=FV$10),$AT21*$AP$11,0) -> 0 | FW21: =IF(AND($V21>FV$10,$V21<=FW$10),$AT21*$U$11,0)+IF(AND($AE21>FV$10,$AE21<=FW$10),$AT21*$AD$11,0)+IF(AND($AL21>FV$10,$AL21<=FW$10),$AT21*$AK$11,0)+IF(AND($AQ21>FV$10,$AQ21<=FW$10),$AT21*$AP$11,0) -> 0 | FX21: =IF(AND($V21>FW$10,$V21<=FX$10),$AT21*$U$11,0)+IF(AND($AE21>FW$10,$AE21<=FX$10),$AT21*$AD$11,0)+IF(AND($AL21>FW$10,$AL21<=FX$10),$AT21*$AK$11,0)+IF(AND($AQ21>FW$10,$AQ21<=FX$10),$AT21*$AP$11,0) -> 0 | FY21: =IF(AND($V21>FX$10,$V21<=FY$10),$AT21*$U$11,0)+IF(AND($AE21>FX$10,$AE21<=FY$10),$AT21*$AD$11,0)+IF(AND($AL21>FX$10,$AL21<=FY$10),$AT21*$AK$11,0)+IF(AND($AQ21>FX$10,$AQ21<=FY$10),$AT21*$AP$11,0) -> 0 | FZ21: =IF(AND($V21>FY$10,$V21<=FZ$10),$AT21*$U$11,0)+IF(AND($AE21>FY$10,$AE21<=FZ$10),$AT21*$AD$11,0)+IF(AND($AL21>FY$10,$AL21<=FZ$10),$AT21*$AK$11,0)+IF(AND($AQ21>FY$10,$AQ21<=FZ$10),$AT21*$AP$11,0) -> 0 | GA21: =IF(AND($V21>FZ$10,$V21<=GA$10),$AT21*$U$11,0)+IF(AND($AE21>FZ$10,$AE21<=GA$10),$AT21*$AD$11,0)+IF(AND($AL21>FZ$10,$AL21<=GA$10),$AT21*$AK$11,0)+IF(AND($AQ21>FZ$10,$AQ21<=GA$10),$AT21*$AP$11,0) -> 0 | ... KB21: =IF(AND($V21>KA$10,$V21<=KB$10),$AT21*$U$11,0)+IF(AND($AE21>KA$10,$AE21<=KB$10),$AT21*$AD$11,0)+IF(AND($AL21>KA$10,$AL21<=KB$10),$AT21*$AK$11,0)+IF(AND($AQ21>KA$10,$AQ21<=KB$10),$AT21*$AP$11,0) -> 0 | KC21: =IF(AND($U21>KB$10,$U21<=KC$10),$AT21*$U$11,0)+IF(AND($AD21>KB$10,$AD21<=KC$10),$AT21*$AD$11,0)+IF(AND($AK21>KB$10,$AK21<=KC$10),$AT21*$AK$11,0)+IF(AND($AP21>KB$10,$AP21<=KC$10),$AT21*$AP$11,0) -> 0 | KD21: =IF(AND($U21>KC$10,$U21<=KD$10),$AT21*$U$11,0)+IF(AND($AD21>KC$10,$AD21<=KD$10),$AT21*$AD$11,0)+IF(AND($AK21>KC$10,$AK21<=KD$10),$AT21*$AK$11,0)+IF(AND($AP21>KC$10,$AP21<=KD$10),$AT21*$AP$11,0) -> 0 | KE21: =IF(AND($U21>KD$10,$U21<=KE$10),$AT21*$U$11,0)+IF(AND($AD21>KD$10,$AD21<=KE$10),$AT21*$AD$11,0)+IF(AND($AK21>KD$10,$AK21<=KE$10),$AT21*$AK$11,0)+IF(AND($AP21>KD$10,$AP21<=KE$10),$AT21*$AP$11,0) -> 0 | KF21: =IF(AND($U21>KE$10,$U21<=KF$10),$AT21*$U$11,0)+IF(AND($AD21>KE$10,$AD21<=KF$10),$AT21*$AD$11,0)+IF(AND($AK21>KE$10,$AK21<=KF$10),$AT21*$AK$11,0)+IF(AND($AP21>KE$10,$AP21<=KF$10),$AT21*$AP$11,0) -> 0 | KG21: =IF(AND($U21>KF$10,$U21<=KG$10),$AT21*$U$11,0)+IF(AND($AD21>KF$10,$AD21<=KG$10),$AT21*$AD$11,0)+IF(AND($AK21>KF$10,$AK21<=KG$10),$AT21*$AK$11,0)+IF(AND($AP21>KF$10,$AP21<=KG$10),$AT21*$AP$11,0) -> 0 | KH21: =IF(AND($U21>KG$10,$U21<=KH$10),$AT21*$U$11,0)+IF(AND($AD21>KG$10,$AD21<=KH$10),$AT21*$AD$11,0)+IF(AND($AK21>KG$10,$AK21<=KH$10),$AT21*$AK$11,0)+IF(AND($AP21>KG$10,$AP21<=KH$10),$AT21*$AP$11,0) -> 0 | KI21: =IF(AND($U21>KH$10,$U21<=KI$10),$AT21*$U$11,0)+IF(AND($AD21>KH$10,$AD21<=KI$10),$AT21*$AD$11,0)+IF(AND($AK21>KH$10,$AK21<=KI$10),$AT21*$AK$11,0)+IF(AND($AP21>KH$10,$AP21<=KI$10),$AT21*$AP$11,0) -> 0 | KJ21: =IF(AND($U21>KI$10,$U21<=KJ$10),$AT21*$U$11,0)+IF(AND($AD21>KI$10,$AD21<=KJ$10),$AT21*$AD$11,0)+IF(AND($AK21>KI$10,$AK21<=KJ$10),$AT21*$AK$11,0)+IF(AND($AP21>KI$10,$AP21<=KJ$10),$AT21*$AP$11,0) -> 0 | KL21: =IF(AND($W21>KK$10,$W21<=KL$10),$AT21*$U$11,0)+IF(AND($AF21>KK$10,$AF21<=KL$10),$AT21*$AD$11,0)+IF(AND($AO21>KK$10,$AO21<=KL$10),$AT21*$AK$11,0)+IF(AND($AR21>KK$10,$AR21<=KL$10),$AT21*$AP$11,0) -> 0 | KM21: =IF(AND($W21>KL$10,$W21<=KM$10),$AT21*$U$11,0)+IF(AND($AF21>KL$10,$AF21<=KM$10),$AT21*$AD$11,0)+IF(AND($AO21>KL$10,$AO21<=KM$10),$AT21*$AK$11,0)+IF(AND($AR21>KL$10,$AR21<=KM$10),$AT21*$AP$11,0) -> 0 | KN21: =IF(AND($W21>KM$10,$W21<=KN$10),$AT21*$U$11,0)+IF(AND($AF21>KM$10,$AF21<=KN$10),$AT21*$AD$11,0)+IF(AND($AO21>KM$10,$AO21<=KN$10),$AT21*$AK$11,0)+IF(AND($AR21>KM$10,$AR21<=KN$10),$AT21*$AP$11,0) -> 0 | KO21: =IF(AND($W21>KN$10,$W21<=KO$10),$AT21*$U$11,0)+IF(AND($AF21>KN$10,$AF21<=KO$10),$AT21*$AD$11,0)+IF(AND($AO21>KN$10,$AO21<=KO$10),$AT21*$AK$11,0)+IF(AND($AR21>KN$10,$AR21<=KO$10),$AT21*$AP$11,0) -> 0 | KP21: =IF(AND($W21>KO$10,$W21<=KP$10),$AT21*$U$11,0)+IF(AND($AF21>KO$10,$AF21<=KP$10),$AT21*$AD$11,0)+IF(AND($AO21>KO$10,$AO21<=KP$10),$AT21*$AK$11,0)+IF(AND($AR21>KO$10,$AR21<=KP$10),$AT21*$AP$11,0) -> 0 | KQ21: =IF(AND($W21>KP$10,$W21<=KQ$10),$AT21*$U$11,0)+IF(AND($AF21>KP$10,$AF21<=KQ$10),$AT21*$AD$11,0)+IF(AND($AO21>KP$10,$AO21<=KQ$10),$AT21*$AK$11,0)+IF(AND($AR21>KP$10,$AR21<=KQ$10),$AT21*$AP$11,0) -> 0 | KR21: =IF(AND($W21>KQ$10,$W21<=KR$10),$AT21*$U$11,0)+IF(AND($AF21>KQ$10,$AF21<=KR$10),$AT21*$AD$11,0)+IF(AND($AO21>KQ$10,$AO21<=KR$10),$AT21*$AK$11,0)+IF(AND($AR21>KQ$10,$AR21<=KR$10),$AT21*$AP$11,0) -> 0 | KS21: =IF(AND($W21>KR$10,$W21<=KS$10),$AT21*$U$11,0)+IF(AND($AF21>KR$10,$AF21<=KS$10),$AT21*$AD$11,0)+IF(AND($AO21>KR$10,$AO21<=KS$10),$AT21*$AK$11,0)+IF(AND($AR21>KR$10,$AR21<=KS$10),$AT21*$AP$11,0) -> 0 | ... PB21: =IF(AND($W21>PA$10,$W21<=PB$10),$AT21*$U$11,0)+IF(AND($AF21>PA$10,$AF21<=PB$10),$AT21*$AD$11,0)+IF(AND($AO21>PA$10,$AO21<=PB$10),$AT21*$AK$11,0)+IF(AND($AR21>PA$10,$AR21<=PB$10),$AT21*$AP$11,0) -> 0 | PD21: =VLOOKUP($I21,[1]IFR!$B$10:$AQ$1616,1,0) -> MM-ZTK-1F-IPX-PLR-RPT-9003 | PE21: =INT(VLOOKUP($I21,[1]IFR!$B$10:$AQ$1616,20,0)) -> 46184 | PF21: =VLOOKUP($I21,[1]IFA!$B$10:$AQ$694,1,0) -> MM-ZTK-1F-IPX-PLR-RPT-9003 | PG21: =INT(VLOOKUP($I21,[1]IFA!$B$10:$AQ$694,20,0)) -> 46213 | PH21: =VLOOKUP($I21,[1]IFC!$B$10:$AQ$702,1,0) -> MM-ZTK-1F-IPX-PLR-RPT-9003 | PI21: =INT(VLOOKUP($I21,[1]IFC!$B$10:$AQ$702,20,0)) -> 46238 | PJ21: =VLOOKUP($I21,[1]IFC!$B$10:$AQ$702,17,0) -> AFC | PK21: =VLOOKUP($I21,[1]IFC!$B$10:$AQ$702,33,0) -> Approved | PL21: =VLOOKUP($I21,[1]IFC!$B$10:$AQ$702,32,0) -> APPR | PM21: =INT(VLOOKUP($I21,[1]IFC!$B$10:$AQ$702,37,0)) -> 46251
A22: 12 | B22: =IF(J22<>"",MAX(B$14:B21)+1,"") -> 7 | C22: IPX | D22: PLR | E22: RPT | F22: 9004 | G22: docx | I22: =CONCATENATE("MM-",$D$6,"-",$D$7,"-",C22,"-",D22,"-",E22,"-",F22) -> MM-ZTK-1F-IPX-PLR-RPT-9004 | J22: Pipeline External Anti-Corrosion Coating and Cathodic Protection Design (IP20, IP21, IP22, IP23) | M22: R1 | N22: =VLOOKUP(I22,'MS Project'!$B$6:$F$189,5,FALSE) -> 46150 | O22: =N22+7 -> 46157 | P22: =O22+3 -> 46160 | Q22: A1 | R22: =P22+2 -> 46162 | S22: =R22+2 -> 46164 | T22: =S22+3 -> 46167 | U22: =T22+1 -> 46168 | V22: 46189 | W22: =V22 -> 46189 | X22: =U22+14 -> 46182 | Y22: =X22+2 -> 46184 | Z22: B1 | AA22: =Y22+4 -> 46188 | AB22: =AA22+3 -> 46191 | AC22: =AB22+4 -> 46195 | AD22: =AC22+1 -> 46196 | AE22: 46204 | AF22: 46203 | AG22: =AD22+14 -> 46210 | AH22: =AG22+2 -> 46212 | AI22: C1 | AJ22: =AH22+4 -> 46216 | AK22: =AJ22+1 -> 46217 | AL22: 46223 | AM22: =AK22+14 -> 46231 | AO22: =AK22 -> 46217 | AP22: =AM22 -> 46231 | AQ22: 46227 | AR22: =AP22 -> 46231 | AS22: 1 | AT22: =AS22/$AS$11 -> 0.0081967213 | AU22: =IF($U22>0,IF($U22<=$AV$7,$AT22*$U$11,0))+IF($AD22>0,IF($AD22<=$AV$7,$AT22*$AD$11,0))+IF($AK22>0,IF($AK22<=$AV$7,$AT22*$AK$11,0))+IF($AP22>0,IF($AP22<=$AV$7,$AT22*$AP$11,0)) -> 0.0081967213 | AV22: =IF($V22>0,IF($V22<=$AV$7,$AT22*$U$11,0))+IF($AE22>0,IF($AE22<=$AV$7,$AT22*$AD$11,0))+IF($AL22>0,IF($AL22<=$AV$7,$AT22*$AK$11,0))+IF($AQ22>0,IF($AQ22<=$AV$7,$AT22*$AP$11,0)) -> 0.0081967213 | AW22: =AV22-AU22 -> 0 | AX22: =IF($U22>0,IF($U22<=$AZ$7,$AT22*$U$11,0))+IF($AD22>0,IF($AD22<=$AZ$7,$AT22*$AD$11,0))+IF($AK22>0,IF($AK22<=$AZ$7,$AT22*$AK$11,0))+IF($AP22>0,IF($AP22<=$AZ$7,$AT22*$AP$11,0)) -> 0.0081967213 | AY22: =IF($V22>0,IF($V22<=$AZ$7,$AT22*$U$11,0))+IF($AE22>0,IF($AE22<=$AZ$7,$AT22*$AD$11,0))+IF($AL22>0,IF($AL22<=$AZ$7,$AT22*$AK$11,0))+IF($AQ22>0,IF($AQ22<=$AZ$7,$AT22*$AP$11,0)) -> 0.0081967213 | AZ22: =AY22-AX22 -> 0 | BB22: =IF(AND($U22>BA$10,$U22<=BB$10),$AT22*$U$11,0)+IF(AND($AD22>BA$10,$AD22<=BB$10),$AT22*$AD$11,0)+IF(AND($AK22>BA$10,$AK22<=BB$10),$AT22*$AK$11,0)+IF(AND($AP22>BA$10,$AP22<=BB$10),$AT22*$AP$11,0) -> 0 | BC22: =IF(AND($U22>BB$10,$U22<=BC$10),$AT22*$U$11,0)+IF(AND($AD22>BB$10,$AD22<=BC$10),$AT22*$AD$11,0)+IF(AND($AK22>BB$10,$AK22<=BC$10),$AT22*$AK$11,0)+IF(AND($AP22>BB$10,$AP22<=BC$10),$AT22*$AP$11,0) -> 0 | BD22: =IF(AND($U22>BC$10,$U22<=BD$10),$AT22*$U$11,0)+IF(AND($AD22>BC$10,$AD22<=BD$10),$AT22*$AD$11,0)+IF(AND($AK22>BC$10,$AK22<=BD$10),$AT22*$AK$11,0)+IF(AND($AP22>BC$10,$AP22<=BD$10),$AT22*$AP$11,0) -> 0 | BE22: =IF(AND($U22>BD$10,$U22<=BE$10),$AT22*$U$11,0)+IF(AND($AD22>BD$10,$AD22<=BE$10),$AT22*$AD$11,0)+IF(AND($AK22>BD$10,$AK22<=BE$10),$AT22*$AK$11,0)+IF(AND($AP22>BD$10,$AP22<=BE$10),$AT22*$AP$11,0) -> 0 | BF22: =IF(AND($U22>BE$10,$U22<=BF$10),$AT22*$U$11,0)+IF(AND($AD22>BE$10,$AD22<=BF$10),$AT22*$AD$11,0)+IF(AND($AK22>BE$10,$AK22<=BF$10),$AT22*$AK$11,0)+IF(AND($AP22>BE$10,$AP22<=BF$10),$AT22*$AP$11,0) -> 0 | BG22: =IF(AND($U22>BF$10,$U22<=BG$10),$AT22*$U$11,0)+IF(AND($AD22>BF$10,$AD22<=BG$10),$AT22*$AD$11,0)+IF(AND($AK22>BF$10,$AK22<=BG$10),$AT22*$AK$11,0)+IF(AND($AP22>BF$10,$AP22<=BG$10),$AT22*$AP$11,0) -> 0 | BH22: =IF(AND($U22>BG$10,$U22<=BH$10),$AT22*$U$11,0)+IF(AND($AD22>BG$10,$AD22<=BH$10),$AT22*$AD$11,0)+IF(AND($AK22>BG$10,$AK22<=BH$10),$AT22*$AK$11,0)+IF(AND($AP22>BG$10,$AP22<=BH$10),$AT22*$AP$11,0) -> 0 | BI22: =IF(AND($U22>BH$10,$U22<=BI$10),$AT22*$U$11,0)+IF(AND($AD22>BH$10,$AD22<=BI$10),$AT22*$AD$11,0)+IF(AND($AK22>BH$10,$AK22<=BI$10),$AT22*$AK$11,0)+IF(AND($AP22>BH$10,$AP22<=BI$10),$AT22*$AP$11,0) -> 0 | ... FR22: =IF(AND($U22>FQ$10,$U22<=FR$10),$AT22*$U$11,0)+IF(AND($AD22>FQ$10,$AD22<=FR$10),$AT22*$AD$11,0)+IF(AND($AK22>FQ$10,$AK22<=FR$10),$AT22*$AK$11,0)+IF(AND($AP22>FQ$10,$AP22<=FR$10),$AT22*$AP$11,0) -> 0 | FT22: =IF(AND($V22>FS$10,$V22<=FT$10),$AT22*$U$11,0)+IF(AND($AE22>FS$10,$AE22<=FT$10),$AT22*$AD$11,0)+IF(AND($AL22>FS$10,$AL22<=FT$10),$AT22*$AK$11,0)+IF(AND($AQ22>FS$10,$AQ22<=FT$10),$AT22*$AP$11,0) -> 0 | FU22: =IF(AND($V22>FT$10,$V22<=FU$10),$AT22*$U$11,0)+IF(AND($AE22>FT$10,$AE22<=FU$10),$AT22*$AD$11,0)+IF(AND($AL22>FT$10,$AL22<=FU$10),$AT22*$AK$11,0)+IF(AND($AQ22>FT$10,$AQ22<=FU$10),$AT22*$AP$11,0) -> 0 | FV22: =IF(AND($V22>FU$10,$V22<=FV$10),$AT22*$U$11,0)+IF(AND($AE22>FU$10,$AE22<=FV$10),$AT22*$AD$11,0)+IF(AND($AL22>FU$10,$AL22<=FV$10),$AT22*$AK$11,0)+IF(AND($AQ22>FU$10,$AQ22<=FV$10),$AT22*$AP$11,0) -> 0 | FW22: =IF(AND($V22>FV$10,$V22<=FW$10),$AT22*$U$11,0)+IF(AND($AE22>FV$10,$AE22<=FW$10),$AT22*$AD$11,0)+IF(AND($AL22>FV$10,$AL22<=FW$10),$AT22*$AK$11,0)+IF(AND($AQ22>FV$10,$AQ22<=FW$10),$AT22*$AP$11,0) -> 0 | FX22: =IF(AND($V22>FW$10,$V22<=FX$10),$AT22*$U$11,0)+IF(AND($AE22>FW$10,$AE22<=FX$10),$AT22*$AD$11,0)+IF(AND($AL22>FW$10,$AL22<=FX$10),$AT22*$AK$11,0)+IF(AND($AQ22>FW$10,$AQ22<=FX$10),$AT22*$AP$11,0) -> 0 | FY22: =IF(AND($V22>FX$10,$V22<=FY$10),$AT22*$U$11,0)+IF(AND($AE22>FX$10,$AE22<=FY$10),$AT22*$AD$11,0)+IF(AND($AL22>FX$10,$AL22<=FY$10),$AT22*$AK$11,0)+IF(AND($AQ22>FX$10,$AQ22<=FY$10),$AT22*$AP$11,0) -> 0 | FZ22: =IF(AND($V22>FY$10,$V22<=FZ$10),$AT22*$U$11,0)+IF(AND($AE22>FY$10,$AE22<=FZ$10),$AT22*$AD$11,0)+IF(AND($AL22>FY$10,$AL22<=FZ$10),$AT22*$AK$11,0)+IF(AND($AQ22>FY$10,$AQ22<=FZ$10),$AT22*$AP$11,0) -> 0 | GA22: =IF(AND($V22>FZ$10,$V22<=GA$10),$AT22*$U$11,0)+IF(AND($AE22>FZ$10,$AE22<=GA$10),$AT22*$AD$11,0)+IF(AND($AL22>FZ$10,$AL22<=GA$10),$AT22*$AK$11,0)+IF(AND($AQ22>FZ$10,$AQ22<=GA$10),$AT22*$AP$11,0) -> 0 | ... KB22: =IF(AND($V22>KA$10,$V22<=KB$10),$AT22*$U$11,0)+IF(AND($AE22>KA$10,$AE22<=KB$10),$AT22*$AD$11,0)+IF(AND($AL22>KA$10,$AL22<=KB$10),$AT22*$AK$11,0)+IF(AND($AQ22>KA$10,$AQ22<=KB$10),$AT22*$AP$11,0) -> 0 | KC22: =IF(AND($U22>KB$10,$U22<=KC$10),$AT22*$U$11,0)+IF(AND($AD22>KB$10,$AD22<=KC$10),$AT22*$AD$11,0)+IF(AND($AK22>KB$10,$AK22<=KC$10),$AT22*$AK$11,0)+IF(AND($AP22>KB$10,$AP22<=KC$10),$AT22*$AP$11,0) -> 0 | KD22: =IF(AND($U22>KC$10,$U22<=KD$10),$AT22*$U$11,0)+IF(AND($AD22>KC$10,$AD22<=KD$10),$AT22*$AD$11,0)+IF(AND($AK22>KC$10,$AK22<=KD$10),$AT22*$AK$11,0)+IF(AND($AP22>KC$10,$AP22<=KD$10),$AT22*$AP$11,0) -> 0 | KE22: =IF(AND($U22>KD$10,$U22<=KE$10),$AT22*$U$11,0)+IF(AND($AD22>KD$10,$AD22<=KE$10),$AT22*$AD$11,0)+IF(AND($AK22>KD$10,$AK22<=KE$10),$AT22*$AK$11,0)+IF(AND($AP22>KD$10,$AP22<=KE$10),$AT22*$AP$11,0) -> 0 | KF22: =IF(AND($U22>KE$10,$U22<=KF$10),$AT22*$U$11,0)+IF(AND($AD22>KE$10,$AD22<=KF$10),$AT22*$AD$11,0)+IF(AND($AK22>KE$10,$AK22<=KF$10),$AT22*$AK$11,0)+IF(AND($AP22>KE$10,$AP22<=KF$10),$AT22*$AP$11,0) -> 0 | KG22: =IF(AND($U22>KF$10,$U22<=KG$10),$AT22*$U$11,0)+IF(AND($AD22>KF$10,$AD22<=KG$10),$AT22*$AD$11,0)+IF(AND($AK22>KF$10,$AK22<=KG$10),$AT22*$AK$11,0)+IF(AND($AP22>KF$10,$AP22<=KG$10),$AT22*$AP$11,0) -> 0 | KH22: =IF(AND($U22>KG$10,$U22<=KH$10),$AT22*$U$11,0)+IF(AND($AD22>KG$10,$AD22<=KH$10),$AT22*$AD$11,0)+IF(AND($AK22>KG$10,$AK22<=KH$10),$AT22*$AK$11,0)+IF(AND($AP22>KG$10,$AP22<=KH$10),$AT22*$AP$11,0) -> 0 | KI22: =IF(AND($U22>KH$10,$U22<=KI$10),$AT22*$U$11,0)+IF(AND($AD22>KH$10,$AD22<=KI$10),$AT22*$AD$11,0)+IF(AND($AK22>KH$10,$AK22<=KI$10),$AT22*$AK$11,0)+IF(AND($AP22>KH$10,$AP22<=KI$10),$AT22*$AP$11,0) -> 0 | KJ22: =IF(AND($U22>KI$10,$U22<=KJ$10),$AT22*$U$11,0)+IF(AND($AD22>KI$10,$AD22<=KJ$10),$AT22*$AD$11,0)+IF(AND($AK22>KI$10,$AK22<=KJ$10),$AT22*$AK$11,0)+IF(AND($AP22>KI$10,$AP22<=KJ$10),$AT22*$AP$11,0) -> 0 | KL22: =IF(AND($W22>KK$10,$W22<=KL$10),$AT22*$U$11,0)+IF(AND($AF22>KK$10,$AF22<=KL$10),$AT22*$AD$11,0)+IF(AND($AO22>KK$10,$AO22<=KL$10),$AT22*$AK$11,0)+IF(AND($AR22>KK$10,$AR22<=KL$10),$AT22*$AP$11,0) -> 0 | KM22: =IF(AND($W22>KL$10,$W22<=KM$10),$AT22*$U$11,0)+IF(AND($AF22>KL$10,$AF22<=KM$10),$AT22*$AD$11,0)+IF(AND($AO22>KL$10,$AO22<=KM$10),$AT22*$AK$11,0)+IF(AND($AR22>KL$10,$AR22<=KM$10),$AT22*$AP$11,0) -> 0 | KN22: =IF(AND($W22>KM$10,$W22<=KN$10),$AT22*$U$11,0)+IF(AND($AF22>KM$10,$AF22<=KN$10),$AT22*$AD$11,0)+IF(AND($AO22>KM$10,$AO22<=KN$10),$AT22*$AK$11,0)+IF(AND($AR22>KM$10,$AR22<=KN$10),$AT22*$AP$11,0) -> 0 | KO22: =IF(AND($W22>KN$10,$W22<=KO$10),$AT22*$U$11,0)+IF(AND($AF22>KN$10,$AF22<=KO$10),$AT22*$AD$11,0)+IF(AND($AO22>KN$10,$AO22<=KO$10),$AT22*$AK$11,0)+IF(AND($AR22>KN$10,$AR22<=KO$10),$AT22*$AP$11,0) -> 0 | KP22: =IF(AND($W22>KO$10,$W22<=KP$10),$AT22*$U$11,0)+IF(AND($AF22>KO$10,$AF22<=KP$10),$AT22*$AD$11,0)+IF(AND($AO22>KO$10,$AO22<=KP$10),$AT22*$AK$11,0)+IF(AND($AR22>KO$10,$AR22<=KP$10),$AT22*$AP$11,0) -> 0 | KQ22: =IF(AND($W22>KP$10,$W22<=KQ$10),$AT22*$U$11,0)+IF(AND($AF22>KP$10,$AF22<=KQ$10),$AT22*$AD$11,0)+IF(AND($AO22>KP$10,$AO22<=KQ$10),$AT22*$AK$11,0)+IF(AND($AR22>KP$10,$AR22<=KQ$10),$AT22*$AP$11,0) -> 0 | KR22: =IF(AND($W22>KQ$10,$W22<=KR$10),$AT22*$U$11,0)+IF(AND($AF22>KQ$10,$AF22<=KR$10),$AT22*$AD$11,0)+IF(AND($AO22>KQ$10,$AO22<=KR$10),$AT22*$AK$11,0)+IF(AND($AR22>KQ$10,$AR22<=KR$10),$AT22*$AP$11,0) -> 0 | KS22: =IF(AND($W22>KR$10,$W22<=KS$10),$AT22*$U$11,0)+IF(AND($AF22>KR$10,$AF22<=KS$10),$AT22*$AD$11,0)+IF(AND($AO22>KR$10,$AO22<=KS$10),$AT22*$AK$11,0)+IF(AND($AR22>KR$10,$AR22<=KS$10),$AT22*$AP$11,0) -> 0 | ... PB22: =IF(AND($W22>PA$10,$W22<=PB$10),$AT22*$U$11,0)+IF(AND($AF22>PA$10,$AF22<=PB$10),$AT22*$AD$11,0)+IF(AND($AO22>PA$10,$AO22<=PB$10),$AT22*$AK$11,0)+IF(AND($AR22>PA$10,$AR22<=PB$10),$AT22*$AP$11,0) -> 0 | PD22: =VLOOKUP($I22,[1]IFR!$B$10:$AQ$1616,1,0) -> MM-ZTK-1F-IPX-PLR-RPT-9004 | PE22: =INT(VLOOKUP($I22,[1]IFR!$B$10:$AQ$1616,20,0)) -> 46189 | PF22: =VLOOKUP($I22,[1]IFA!$B$10:$AQ$694,1,0) -> MM-ZTK-1F-IPX-PLR-RPT-9004 | PG22: =INT(VLOOKUP($I22,[1]IFA!$B$10:$AQ$694,20,0)) -> 46204 | PH22: =VLOOKUP($I22,[1]IFC!$B$10:$AQ$702,1,0) -> MM-ZTK-1F-IPX-PLR-RPT-9004 | PI22: =INT(VLOOKUP($I22,[1]IFC!$B$10:$AQ$702,20,0)) -> 46223 | PJ22: =VLOOKUP($I22,[1]IFC!$B$10:$AQ$702,17,0) -> AFC | PK22: =VLOOKUP($I22,[1]IFC!$B$10:$AQ$702,33,0) -> Approved | PL22: =VLOOKUP($I22,[1]IFC!$B$10:$AQ$702,32,0) -> APPR | PM22: =INT(VLOOKUP($I22,[1]IFC!$B$10:$AQ$702,37,0)) -> 46230
A23: 13 | B23: =IF(J23<>"",MAX(B$14:B22)+1,"") -> 8 | C23: IPX | D23: PLR | E23: RPT | F23: 9005 | G23: docx | I23: =CONCATENATE("MM-",$D$6,"-",$D$7,"-",C23,"-",D23,"-",E23,"-",F23) -> MM-ZTK-1F-IPX-PLR-RPT-9005 | J23: Pipeline End Expansion Analysis (IP20, IP21, IP22, IP23) | M23: R1 | N23: =VLOOKUP(I23,'MS Project'!$B$6:$F$189,5,FALSE)+7 -> 46153 | O23: =N23+7 -> 46160 | P23: =O23+3 -> 46163 | Q23: A1 | R23: =P23+2 -> 46165 | S23: =R23+2 -> 46167 | T23: =S23+3 -> 46170 | U23: =T23+1 -> 46171 | V23: 46167 | W23: =V23 -> 46167 | X23: =U23+14 -> 46185 | Y23: =X23+2 -> 46187 | Z23: B1 | AA23: =Y23+4 -> 46191 | AB23: =AA23+3 -> 46194 | AC23: =AB23+4 -> 46198 | AD23: =AC23+1 -> 46199 | AE23: 46199 | AF23: =AE23 -> 46199 | AG23: =AD23+14 -> 46213 | AH23: =AG23+2 -> 46215 | AI23: C1 | AJ23: =AH23+4 -> 46219 | AK23: =AJ23+1 -> 46220 | AL23: 46220 | AM23: =AK23+14 -> 46234 | AO23: =AK23 -> 46220 | AP23: =AM23 -> 46234 | AR23: =AP23 -> 46234 | AS23: 1 | AT23: =AS23/$AS$11 -> 0.0081967213 | AU23: =IF($U23>0,IF($U23<=$AV$7,$AT23*$U$11,0))+IF($AD23>0,IF($AD23<=$AV$7,$AT23*$AD$11,0))+IF($AK23>0,IF($AK23<=$AV$7,$AT23*$AK$11,0))+IF($AP23>0,IF($AP23<=$AV$7,$AT23*$AP$11,0)) -> 0.0081967213 | AV23: =IF($V23>0,IF($V23<=$AV$7,$AT23*$U$11,0))+IF($AE23>0,IF($AE23<=$AV$7,$AT23*$AD$11,0))+IF($AL23>0,IF($AL23<=$AV$7,$AT23*$AK$11,0))+IF($AQ23>0,IF($AQ23<=$AV$7,$AT23*$AP$11,0)) -> 0.006557377 | AW23: =AV23-AU23 -> -0.0016393443 | AX23: =IF($U23>0,IF($U23<=$AZ$7,$AT23*$U$11,0))+IF($AD23>0,IF($AD23<=$AZ$7,$AT23*$AD$11,0))+IF($AK23>0,IF($AK23<=$AZ$7,$AT23*$AK$11,0))+IF($AP23>0,IF($AP23<=$AZ$7,$AT23*$AP$11,0)) -> 0.0081967213 | AY23: =IF($V23>0,IF($V23<=$AZ$7,$AT23*$U$11,0))+IF($AE23>0,IF($AE23<=$AZ$7,$AT23*$AD$11,0))+IF($AL23>0,IF($AL23<=$AZ$7,$AT23*$AK$11,0))+IF($AQ23>0,IF($AQ23<=$AZ$7,$AT23*$AP$11,0)) -> 0.006557377 | AZ23: =AY23-AX23 -> -0.0016393443 | BB23: =IF(AND($U23>BA$10,$U23<=BB$10),$AT23*$U$11,0)+IF(AND($AD23>BA$10,$AD23<=BB$10),$AT23*$AD$11,0)+IF(AND($AK23>BA$10,$AK23<=BB$10),$AT23*$AK$11,0)+IF(AND($AP23>BA$10,$AP23<=BB$10),$AT23*$AP$11,0) -> 0 | BC23: =IF(AND($U23>BB$10,$U23<=BC$10),$AT23*$U$11,0)+IF(AND($AD23>BB$10,$AD23<=BC$10),$AT23*$AD$11,0)+IF(AND($AK23>BB$10,$AK23<=BC$10),$AT23*$AK$11,0)+IF(AND($AP23>BB$10,$AP23<=BC$10),$AT23*$AP$11,0) -> 0 | BD23: =IF(AND($U23>BC$10,$U23<=BD$10),$AT23*$U$11,0)+IF(AND($AD23>BC$10,$AD23<=BD$10),$AT23*$AD$11,0)+IF(AND($AK23>BC$10,$AK23<=BD$10),$AT23*$AK$11,0)+IF(AND($AP23>BC$10,$AP23<=BD$10),$AT23*$AP$11,0) -> 0 | BE23: =IF(AND($U23>BD$10,$U23<=BE$10),$AT23*$U$11,0)+IF(AND($AD23>BD$10,$AD23<=BE$10),$AT23*$AD$11,0)+IF(AND($AK23>BD$10,$AK23<=BE$10),$AT23*$AK$11,0)+IF(AND($AP23>BD$10,$AP23<=BE$10),$AT23*$AP$11,0) -> 0 | BF23: =IF(AND($U23>BE$10,$U23<=BF$10),$AT23*$U$11,0)+IF(AND($AD23>BE$10,$AD23<=BF$10),$AT23*$AD$11,0)+IF(AND($AK23>BE$10,$AK23<=BF$10),$AT23*$AK$11,0)+IF(AND($AP23>BE$10,$AP23<=BF$10),$AT23*$AP$11,0) -> 0 | BG23: =IF(AND($U23>BF$10,$U23<=BG$10),$AT23*$U$11,0)+IF(AND($AD23>BF$10,$AD23<=BG$10),$AT23*$AD$11,0)+IF(AND($AK23>BF$10,$AK23<=BG$10),$AT23*$AK$11,0)+IF(AND($AP23>BF$10,$AP23<=BG$10),$AT23*$AP$11,0) -> 0 | BH23: =IF(AND($U23>BG$10,$U23<=BH$10),$AT23*$U$11,0)+IF(AND($AD23>BG$10,$AD23<=BH$10),$AT23*$AD$11,0)+IF(AND($AK23>BG$10,$AK23<=BH$10),$AT23*$AK$11,0)+IF(AND($AP23>BG$10,$AP23<=BH$10),$AT23*$AP$11,0) -> 0 | BI23: =IF(AND($U23>BH$10,$U23<=BI$10),$AT23*$U$11,0)+IF(AND($AD23>BH$10,$AD23<=BI$10),$AT23*$AD$11,0)+IF(AND($AK23>BH$10,$AK23<=BI$10),$AT23*$AK$11,0)+IF(AND($AP23>BH$10,$AP23<=BI$10),$AT23*$AP$11,0) -> 0 | ... FR23: =IF(AND($U23>FQ$10,$U23<=FR$10),$AT23*$U$11,0)+IF(AND($AD23>FQ$10,$AD23<=FR$10),$AT23*$AD$11,0)+IF(AND($AK23>FQ$10,$AK23<=FR$10),$AT23*$AK$11,0)+IF(AND($AP23>FQ$10,$AP23<=FR$10),$AT23*$AP$11,0) -> 0 | FT23: =IF(AND($V23>FS$10,$V23<=FT$10),$AT23*$U$11,0)+IF(AND($AE23>FS$10,$AE23<=FT$10),$AT23*$AD$11,0)+IF(AND($AL23>FS$10,$AL23<=FT$10),$AT23*$AK$11,0)+IF(AND($AQ23>FS$10,$AQ23<=FT$10),$AT23*$AP$11,0) -> 0 | FU23: =IF(AND($V23>FT$10,$V23<=FU$10),$AT23*$U$11,0)+IF(AND($AE23>FT$10,$AE23<=FU$10),$AT23*$AD$11,0)+IF(AND($AL23>FT$10,$AL23<=FU$10),$AT23*$AK$11,0)+IF(AND($AQ23>FT$10,$AQ23<=FU$10),$AT23*$AP$11,0) -> 0 | FV23: =IF(AND($V23>FU$10,$V23<=FV$10),$AT23*$U$11,0)+IF(AND($AE23>FU$10,$AE23<=FV$10),$AT23*$AD$11,0)+IF(AND($AL23>FU$10,$AL23<=FV$10),$AT23*$AK$11,0)+IF(AND($AQ23>FU$10,$AQ23<=FV$10),$AT23*$AP$11,0) -> 0 | FW23: =IF(AND($V23>FV$10,$V23<=FW$10),$AT23*$U$11,0)+IF(AND($AE23>FV$10,$AE23<=FW$10),$AT23*$AD$11,0)+IF(AND($AL23>FV$10,$AL23<=FW$10),$AT23*$AK$11,0)+IF(AND($AQ23>FV$10,$AQ23<=FW$10),$AT23*$AP$11,0) -> 0 | FX23: =IF(AND($V23>FW$10,$V23<=FX$10),$AT23*$U$11,0)+IF(AND($AE23>FW$10,$AE23<=FX$10),$AT23*$AD$11,0)+IF(AND($AL23>FW$10,$AL23<=FX$10),$AT23*$AK$11,0)+IF(AND($AQ23>FW$10,$AQ23<=FX$10),$AT23*$AP$11,0) -> 0 | FY23: =IF(AND($V23>FX$10,$V23<=FY$10),$AT23*$U$11,0)+IF(AND($AE23>FX$10,$AE23<=FY$10),$AT23*$AD$11,0)+IF(AND($AL23>FX$10,$AL23<=FY$10),$AT23*$AK$11,0)+IF(AND($AQ23>FX$10,$AQ23<=FY$10),$AT23*$AP$11,0) -> 0 | FZ23: =IF(AND($V23>FY$10,$V23<=FZ$10),$AT23*$U$11,0)+IF(AND($AE23>FY$10,$AE23<=FZ$10),$AT23*$AD$11,0)+IF(AND($AL23>FY$10,$AL23<=FZ$10),$AT23*$AK$11,0)+IF(AND($AQ23>FY$10,$AQ23<=FZ$10),$AT23*$AP$11,0) -> 0 | GA23: =IF(AND($V23>FZ$10,$V23<=GA$10),$AT23*$U$11,0)+IF(AND($AE23>FZ$10,$AE23<=GA$10),$AT23*$AD$11,0)+IF(AND($AL23>FZ$10,$AL23<=GA$10),$AT23*$AK$11,0)+IF(AND($AQ23>FZ$10,$AQ23<=GA$10),$AT23*$AP$11,0) -> 0 | ... KB23: =IF(AND($V23>KA$10,$V23<=KB$10),$AT23*$U$11,0)+IF(AND($AE23>KA$10,$AE23<=KB$10),$AT23*$AD$11,0)+IF(AND($AL23>KA$10,$AL23<=KB$10),$AT23*$AK$11,0)+IF(AND($AQ23>KA$10,$AQ23<=KB$10),$AT23*$AP$11,0) -> 0 | KC23: =IF(AND($U23>KB$10,$U23<=KC$10),$AT23*$U$11,0)+IF(AND($AD23>KB$10,$AD23<=KC$10),$AT23*$AD$11,0)+IF(AND($AK23>KB$10,$AK23<=KC$10),$AT23*$AK$11,0)+IF(AND($AP23>KB$10,$AP23<=KC$10),$AT23*$AP$11,0) -> 0 | KD23: =IF(AND($U23>KC$10,$U23<=KD$10),$AT23*$U$11,0)+IF(AND($AD23>KC$10,$AD23<=KD$10),$AT23*$AD$11,0)+IF(AND($AK23>KC$10,$AK23<=KD$10),$AT23*$AK$11,0)+IF(AND($AP23>KC$10,$AP23<=KD$10),$AT23*$AP$11,0) -> 0 | KE23: =IF(AND($U23>KD$10,$U23<=KE$10),$AT23*$U$11,0)+IF(AND($AD23>KD$10,$AD23<=KE$10),$AT23*$AD$11,0)+IF(AND($AK23>KD$10,$AK23<=KE$10),$AT23*$AK$11,0)+IF(AND($AP23>KD$10,$AP23<=KE$10),$AT23*$AP$11,0) -> 0 | KF23: =IF(AND($U23>KE$10,$U23<=KF$10),$AT23*$U$11,0)+IF(AND($AD23>KE$10,$AD23<=KF$10),$AT23*$AD$11,0)+IF(AND($AK23>KE$10,$AK23<=KF$10),$AT23*$AK$11,0)+IF(AND($AP23>KE$10,$AP23<=KF$10),$AT23*$AP$11,0) -> 0 | KG23: =IF(AND($U23>KF$10,$U23<=KG$10),$AT23*$U$11,0)+IF(AND($AD23>KF$10,$AD23<=KG$10),$AT23*$AD$11,0)+IF(AND($AK23>KF$10,$AK23<=KG$10),$AT23*$AK$11,0)+IF(AND($AP23>KF$10,$AP23<=KG$10),$AT23*$AP$11,0) -> 0 | KH23: =IF(AND($U23>KG$10,$U23<=KH$10),$AT23*$U$11,0)+IF(AND($AD23>KG$10,$AD23<=KH$10),$AT23*$AD$11,0)+IF(AND($AK23>KG$10,$AK23<=KH$10),$AT23*$AK$11,0)+IF(AND($AP23>KG$10,$AP23<=KH$10),$AT23*$AP$11,0) -> 0 | KI23: =IF(AND($U23>KH$10,$U23<=KI$10),$AT23*$U$11,0)+IF(AND($AD23>KH$10,$AD23<=KI$10),$AT23*$AD$11,0)+IF(AND($AK23>KH$10,$AK23<=KI$10),$AT23*$AK$11,0)+IF(AND($AP23>KH$10,$AP23<=KI$10),$AT23*$AP$11,0) -> 0 | KJ23: =IF(AND($U23>KI$10,$U23<=KJ$10),$AT23*$U$11,0)+IF(AND($AD23>KI$10,$AD23<=KJ$10),$AT23*$AD$11,0)+IF(AND($AK23>KI$10,$AK23<=KJ$10),$AT23*$AK$11,0)+IF(AND($AP23>KI$10,$AP23<=KJ$10),$AT23*$AP$11,0) -> 0 | KL23: =IF(AND($W23>KK$10,$W23<=KL$10),$AT23*$U$11,0)+IF(AND($AF23>KK$10,$AF23<=KL$10),$AT23*$AD$11,0)+IF(AND($AO23>KK$10,$AO23<=KL$10),$AT23*$AK$11,0)+IF(AND($AR23>KK$10,$AR23<=KL$10),$AT23*$AP$11,0) -> 0 | KM23: =IF(AND($W23>KL$10,$W23<=KM$10),$AT23*$U$11,0)+IF(AND($AF23>KL$10,$AF23<=KM$10),$AT23*$AD$11,0)+IF(AND($AO23>KL$10,$AO23<=KM$10),$AT23*$AK$11,0)+IF(AND($AR23>KL$10,$AR23<=KM$10),$AT23*$AP$11,0) -> 0 | KN23: =IF(AND($W23>KM$10,$W23<=KN$10),$AT23*$U$11,0)+IF(AND($AF23>KM$10,$AF23<=KN$10),$AT23*$AD$11,0)+IF(AND($AO23>KM$10,$AO23<=KN$10),$AT23*$AK$11,0)+IF(AND($AR23>KM$10,$AR23<=KN$10),$AT23*$AP$11,0) -> 0 | KO23: =IF(AND($W23>KN$10,$W23<=KO$10),$AT23*$U$11,0)+IF(AND($AF23>KN$10,$AF23<=KO$10),$AT23*$AD$11,0)+IF(AND($AO23>KN$10,$AO23<=KO$10),$AT23*$AK$11,0)+IF(AND($AR23>KN$10,$AR23<=KO$10),$AT23*$AP$11,0) -> 0 | KP23: =IF(AND($W23>KO$10,$W23<=KP$10),$AT23*$U$11,0)+IF(AND($AF23>KO$10,$AF23<=KP$10),$AT23*$AD$11,0)+IF(AND($AO23>KO$10,$AO23<=KP$10),$AT23*$AK$11,0)+IF(AND($AR23>KO$10,$AR23<=KP$10),$AT23*$AP$11,0) -> 0 | KQ23: =IF(AND($W23>KP$10,$W23<=KQ$10),$AT23*$U$11,0)+IF(AND($AF23>KP$10,$AF23<=KQ$10),$AT23*$AD$11,0)+IF(AND($AO23>KP$10,$AO23<=KQ$10),$AT23*$AK$11,0)+IF(AND($AR23>KP$10,$AR23<=KQ$10),$AT23*$AP$11,0) -> 0 | KR23: =IF(AND($W23>KQ$10,$W23<=KR$10),$AT23*$U$11,0)+IF(AND($AF23>KQ$10,$AF23<=KR$10),$AT23*$AD$11,0)+IF(AND($AO23>KQ$10,$AO23<=KR$10),$AT23*$AK$11,0)+IF(AND($AR23>KQ$10,$AR23<=KR$10),$AT23*$AP$11,0) -> 0 | KS23: =IF(AND($W23>KR$10,$W23<=KS$10),$AT23*$U$11,0)+IF(AND($AF23>KR$10,$AF23<=KS$10),$AT23*$AD$11,0)+IF(AND($AO23>KR$10,$AO23<=KS$10),$AT23*$AK$11,0)+IF(AND($AR23>KR$10,$AR23<=KS$10),$AT23*$AP$11,0) -> 0 | ... PB23: =IF(AND($W23>PA$10,$W23<=PB$10),$AT23*$U$11,0)+IF(AND($AF23>PA$10,$AF23<=PB$10),$AT23*$AD$11,0)+IF(AND($AO23>PA$10,$AO23<=PB$10),$AT23*$AK$11,0)+IF(AND($AR23>PA$10,$AR23<=PB$10),$AT23*$AP$11,0) -> 0 | PD23: =VLOOKUP($I23,[1]IFR!$B$10:$AQ$1616,1,0) -> MM-ZTK-1F-IPX-PLR-RPT-9005 | PE23: =INT(VLOOKUP($I23,[1]IFR!$B$10:$AQ$1616,20,0)) -> 46167 | PF23: =VLOOKUP($I23,[1]IFA!$B$10:$AQ$694,1,0) -> MM-ZTK-1F-IPX-PLR-RPT-9005 | PG23: =INT(VLOOKUP($I23,[1]IFA!$B$10:$AQ$694,20,0)) -> 46199 | PH23: =VLOOKUP($I23,[1]IFC!$B$10:$AQ$702,1,0) -> MM-ZTK-1F-IPX-PLR-RPT-9005 | PI23: =INT(VLOOKUP($I23,[1]IFC!$B$10:$AQ$702,20,0)) -> 46220 | PJ23: =VLOOKUP($I23,[1]IFC!$B$10:$AQ$702,17,0) -> AFC | PK23: =VLOOKUP($I23,[1]IFC!$B$10:$AQ$702,33,0) -> Approved with Comment | PL23: =VLOOKUP($I23,[1]IFC!$B$10:$AQ$702,32,0) -> AWC | PM23: =INT(VLOOKUP($I23,[1]IFC!$B$10:$AQ$702,37,0)) -> 46230
A24: 14 | B24: =IF(J24<>"",MAX(B$14:B23)+1,"") -> 9 | C24: IPX | D24: PLR | E24: RPT | F24: 9006 | G24: docx | I24: =CONCATENATE("MM-",$D$6,"-",$D$7,"-",C24,"-",D24,"-",E24,"-",F24) -> MM-ZTK-1F-IPX-PLR-RPT-9006 | J24: Pipeline Allowable Free Span Calculation (IP20, IP21, IP22, IP23) | M24: R1 | N24: =VLOOKUP(I24,'MS Project'!$B$6:$F$189,5,FALSE)+7 -> 46169 | O24: =N24+7 -> 46176 | P24: =O24+3 -> 46179 | Q24: A1 | R24: =P24+2 -> 46181 | S24: =R24+2 -> 46183 | T24: =S24+3 -> 46186 | U24: =T24+1 -> 46187 | V24: 46184 | W24: =V24 -> 46184 | X24: =U24+14 -> 46201 | Y24: =X24+2 -> 46203 | Z24: B1 | AA24: =Y24+4 -> 46207 | AB24: =AA24+3 -> 46210 | AC24: =AB24+4 -> 46214 | AD24: =AC24+1 -> 46215 | AE24: 46224 | AF24: 46215 | AG24: =AD24+14 -> 46229 | AH24: =AG24+2 -> 46231 | AI24: C1 | AJ24: =AH24+4 -> 46235 | AK24: =AJ24+1 -> 46236 | AL24: 46248 | AM24: =AK24+14 -> 46250 | AO24: =AK24 -> 46236 | AP24: =AM24 -> 46250 | AR24: =AP24 -> 46250 | AS24: 1 | AT24: =AS24/$AS$11 -> 0.0081967213 | AU24: =IF($U24>0,IF($U24<=$AV$7,$AT24*$U$11,0))+IF($AD24>0,IF($AD24<=$AV$7,$AT24*$AD$11,0))+IF($AK24>0,IF($AK24<=$AV$7,$AT24*$AK$11,0))+IF($AP24>0,IF($AP24<=$AV$7,$AT24*$AP$11,0)) -> 0.0081967213 | AV24: =IF($V24>0,IF($V24<=$AV$7,$AT24*$U$11,0))+IF($AE24>0,IF($AE24<=$AV$7,$AT24*$AD$11,0))+IF($AL24>0,IF($AL24<=$AV$7,$AT24*$AK$11,0))+IF($AQ24>0,IF($AQ24<=$AV$7,$AT24*$AP$11,0)) -> 0.006557377 | AW24: =AV24-AU24 -> -0.0016393443 | AX24: =IF($U24>0,IF($U24<=$AZ$7,$AT24*$U$11,0))+IF($AD24>0,IF($AD24<=$AZ$7,$AT24*$AD$11,0))+IF($AK24>0,IF($AK24<=$AZ$7,$AT24*$AK$11,0))+IF($AP24>0,IF($AP24<=$AZ$7,$AT24*$AP$11,0)) -> 0.0081967213 | AY24: =IF($V24>0,IF($V24<=$AZ$7,$AT24*$U$11,0))+IF($AE24>0,IF($AE24<=$AZ$7,$AT24*$AD$11,0))+IF($AL24>0,IF($AL24<=$AZ$7,$AT24*$AK$11,0))+IF($AQ24>0,IF($AQ24<=$AZ$7,$AT24*$AP$11,0)) -> 0.006557377 | AZ24: =AY24-AX24 -> -0.0016393443 | BB24: =IF(AND($U24>BA$10,$U24<=BB$10),$AT24*$U$11,0)+IF(AND($AD24>BA$10,$AD24<=BB$10),$AT24*$AD$11,0)+IF(AND($AK24>BA$10,$AK24<=BB$10),$AT24*$AK$11,0)+IF(AND($AP24>BA$10,$AP24<=BB$10),$AT24*$AP$11,0) -> 0 | BC24: =IF(AND($U24>BB$10,$U24<=BC$10),$AT24*$U$11,0)+IF(AND($AD24>BB$10,$AD24<=BC$10),$AT24*$AD$11,0)+IF(AND($AK24>BB$10,$AK24<=BC$10),$AT24*$AK$11,0)+IF(AND($AP24>BB$10,$AP24<=BC$10),$AT24*$AP$11,0) -> 0 | BD24: =IF(AND($U24>BC$10,$U24<=BD$10),$AT24*$U$11,0)+IF(AND($AD24>BC$10,$AD24<=BD$10),$AT24*$AD$11,0)+IF(AND($AK24>BC$10,$AK24<=BD$10),$AT24*$AK$11,0)+IF(AND($AP24>BC$10,$AP24<=BD$10),$AT24*$AP$11,0) -> 0 | BE24: =IF(AND($U24>BD$10,$U24<=BE$10),$AT24*$U$11,0)+IF(AND($AD24>BD$10,$AD24<=BE$10),$AT24*$AD$11,0)+IF(AND($AK24>BD$10,$AK24<=BE$10),$AT24*$AK$11,0)+IF(AND($AP24>BD$10,$AP24<=BE$10),$AT24*$AP$11,0) -> 0 | BF24: =IF(AND($U24>BE$10,$U24<=BF$10),$AT24*$U$11,0)+IF(AND($AD24>BE$10,$AD24<=BF$10),$AT24*$AD$11,0)+IF(AND($AK24>BE$10,$AK24<=BF$10),$AT24*$AK$11,0)+IF(AND($AP24>BE$10,$AP24<=BF$10),$AT24*$AP$11,0) -> 0 | BG24: =IF(AND($U24>BF$10,$U24<=BG$10),$AT24*$U$11,0)+IF(AND($AD24>BF$10,$AD24<=BG$10),$AT24*$AD$11,0)+IF(AND($AK24>BF$10,$AK24<=BG$10),$AT24*$AK$11,0)+IF(AND($AP24>BF$10,$AP24<=BG$10),$AT24*$AP$11,0) -> 0 | BH24: =IF(AND($U24>BG$10,$U24<=BH$10),$AT24*$U$11,0)+IF(AND($AD24>BG$10,$AD24<=BH$10),$AT24*$AD$11,0)+IF(AND($AK24>BG$10,$AK24<=BH$10),$AT24*$AK$11,0)+IF(AND($AP24>BG$10,$AP24<=BH$10),$AT24*$AP$11,0) -> 0 | BI24: =IF(AND($U24>BH$10,$U24<=BI$10),$AT24*$U$11,0)+IF(AND($AD24>BH$10,$AD24<=BI$10),$AT24*$AD$11,0)+IF(AND($AK24>BH$10,$AK24<=BI$10),$AT24*$AK$11,0)+IF(AND($AP24>BH$10,$AP24<=BI$10),$AT24*$AP$11,0) -> 0 | ... FR24: =IF(AND($U24>FQ$10,$U24<=FR$10),$AT24*$U$11,0)+IF(AND($AD24>FQ$10,$AD24<=FR$10),$AT24*$AD$11,0)+IF(AND($AK24>FQ$10,$AK24<=FR$10),$AT24*$AK$11,0)+IF(AND($AP24>FQ$10,$AP24<=FR$10),$AT24*$AP$11,0) -> 0 | FT24: =IF(AND($V24>FS$10,$V24<=FT$10),$AT24*$U$11,0)+IF(AND($AE24>FS$10,$AE24<=FT$10),$AT24*$AD$11,0)+IF(AND($AL24>FS$10,$AL24<=FT$10),$AT24*$AK$11,0)+IF(AND($AQ24>FS$10,$AQ24<=FT$10),$AT24*$AP$11,0) -> 0 | FU24: =IF(AND($V24>FT$10,$V24<=FU$10),$AT24*$U$11,0)+IF(AND($AE24>FT$10,$AE24<=FU$10),$AT24*$AD$11,0)+IF(AND($AL24>FT$10,$AL24<=FU$10),$AT24*$AK$11,0)+IF(AND($AQ24>FT$10,$AQ24<=FU$10),$AT24*$AP$11,0) -> 0 | FV24: =IF(AND($V24>FU$10,$V24<=FV$10),$AT24*$U$11,0)+IF(AND($AE24>FU$10,$AE24<=FV$10),$AT24*$AD$11,0)+IF(AND($AL24>FU$10,$AL24<=FV$10),$AT24*$AK$11,0)+IF(AND($AQ24>FU$10,$AQ24<=FV$10),$AT24*$AP$11,0) -> 0 | FW24: =IF(AND($V24>FV$10,$V24<=FW$10),$AT24*$U$11,0)+IF(AND($AE24>FV$10,$AE24<=FW$10),$AT24*$AD$11,0)+IF(AND($AL24>FV$10,$AL24<=FW$10),$AT24*$AK$11,0)+IF(AND($AQ24>FV$10,$AQ24<=FW$10),$AT24*$AP$11,0) -> 0 | FX24: =IF(AND($V24>FW$10,$V24<=FX$10),$AT24*$U$11,0)+IF(AND($AE24>FW$10,$AE24<=FX$10),$AT24*$AD$11,0)+IF(AND($AL24>FW$10,$AL24<=FX$10),$AT24*$AK$11,0)+IF(AND($AQ24>FW$10,$AQ24<=FX$10),$AT24*$AP$11,0) -> 0 | FY24: =IF(AND($V24>FX$10,$V24<=FY$10),$AT24*$U$11,0)+IF(AND($AE24>FX$10,$AE24<=FY$10),$AT24*$AD$11,0)+IF(AND($AL24>FX$10,$AL24<=FY$10),$AT24*$AK$11,0)+IF(AND($AQ24>FX$10,$AQ24<=FY$10),$AT24*$AP$11,0) -> 0 | FZ24: =IF(AND($V24>FY$10,$V24<=FZ$10),$AT24*$U$11,0)+IF(AND($AE24>FY$10,$AE24<=FZ$10),$AT24*$AD$11,0)+IF(AND($AL24>FY$10,$AL24<=FZ$10),$AT24*$AK$11,0)+IF(AND($AQ24>FY$10,$AQ24<=FZ$10),$AT24*$AP$11,0) -> 0 | GA24: =IF(AND($V24>FZ$10,$V24<=GA$10),$AT24*$U$11,0)+IF(AND($AE24>FZ$10,$AE24<=GA$10),$AT24*$AD$11,0)+IF(AND($AL24>FZ$10,$AL24<=GA$10),$AT24*$AK$11,0)+IF(AND($AQ24>FZ$10,$AQ24<=GA$10),$AT24*$AP$11,0) -> 0 | ... KB24: =IF(AND($V24>KA$10,$V24<=KB$10),$AT24*$U$11,0)+IF(AND($AE24>KA$10,$AE24<=KB$10),$AT24*$AD$11,0)+IF(AND($AL24>KA$10,$AL24<=KB$10),$AT24*$AK$11,0)+IF(AND($AQ24>KA$10,$AQ24<=KB$10),$AT24*$AP$11,0) -> 0 | KC24: =IF(AND($U24>KB$10,$U24<=KC$10),$AT24*$U$11,0)+IF(AND($AD24>KB$10,$AD24<=KC$10),$AT24*$AD$11,0)+IF(AND($AK24>KB$10,$AK24<=KC$10),$AT24*$AK$11,0)+IF(AND($AP24>KB$10,$AP24<=KC$10),$AT24*$AP$11,0) -> 0 | KD24: =IF(AND($U24>KC$10,$U24<=KD$10),$AT24*$U$11,0)+IF(AND($AD24>KC$10,$AD24<=KD$10),$AT24*$AD$11,0)+IF(AND($AK24>KC$10,$AK24<=KD$10),$AT24*$AK$11,0)+IF(AND($AP24>KC$10,$AP24<=KD$10),$AT24*$AP$11,0) -> 0 | KE24: =IF(AND($U24>KD$10,$U24<=KE$10),$AT24*$U$11,0)+IF(AND($AD24>KD$10,$AD24<=KE$10),$AT24*$AD$11,0)+IF(AND($AK24>KD$10,$AK24<=KE$10),$AT24*$AK$11,0)+IF(AND($AP24>KD$10,$AP24<=KE$10),$AT24*$AP$11,0) -> 0 | KF24: =IF(AND($U24>KE$10,$U24<=KF$10),$AT24*$U$11,0)+IF(AND($AD24>KE$10,$AD24<=KF$10),$AT24*$AD$11,0)+IF(AND($AK24>KE$10,$AK24<=KF$10),$AT24*$AK$11,0)+IF(AND($AP24>KE$10,$AP24<=KF$10),$AT24*$AP$11,0) -> 0 | KG24: =IF(AND($U24>KF$10,$U24<=KG$10),$AT24*$U$11,0)+IF(AND($AD24>KF$10,$AD24<=KG$10),$AT24*$AD$11,0)+IF(AND($AK24>KF$10,$AK24<=KG$10),$AT24*$AK$11,0)+IF(AND($AP24>KF$10,$AP24<=KG$10),$AT24*$AP$11,0) -> 0 | KH24: =IF(AND($U24>KG$10,$U24<=KH$10),$AT24*$U$11,0)+IF(AND($AD24>KG$10,$AD24<=KH$10),$AT24*$AD$11,0)+IF(AND($AK24>KG$10,$AK24<=KH$10),$AT24*$AK$11,0)+IF(AND($AP24>KG$10,$AP24<=KH$10),$AT24*$AP$11,0) -> 0 | KI24: =IF(AND($U24>KH$10,$U24<=KI$10),$AT24*$U$11,0)+IF(AND($AD24>KH$10,$AD24<=KI$10),$AT24*$AD$11,0)+IF(AND($AK24>KH$10,$AK24<=KI$10),$AT24*$AK$11,0)+IF(AND($AP24>KH$10,$AP24<=KI$10),$AT24*$AP$11,0) -> 0 | KJ24: =IF(AND($U24>KI$10,$U24<=KJ$10),$AT24*$U$11,0)+IF(AND($AD24>KI$10,$AD24<=KJ$10),$AT24*$AD$11,0)+IF(AND($AK24>KI$10,$AK24<=KJ$10),$AT24*$AK$11,0)+IF(AND($AP24>KI$10,$AP24<=KJ$10),$AT24*$AP$11,0) -> 0 | KL24: =IF(AND($W24>KK$10,$W24<=KL$10),$AT24*$U$11,0)+IF(AND($AF24>KK$10,$AF24<=KL$10),$AT24*$AD$11,0)+IF(AND($AO24>KK$10,$AO24<=KL$10),$AT24*$AK$11,0)+IF(AND($AR24>KK$10,$AR24<=KL$10),$AT24*$AP$11,0) -> 0 | KM24: =IF(AND($W24>KL$10,$W24<=KM$10),$AT24*$U$11,0)+IF(AND($AF24>KL$10,$AF24<=KM$10),$AT24*$AD$11,0)+IF(AND($AO24>KL$10,$AO24<=KM$10),$AT24*$AK$11,0)+IF(AND($AR24>KL$10,$AR24<=KM$10),$AT24*$AP$11,0) -> 0 | KN24: =IF(AND($W24>KM$10,$W24<=KN$10),$AT24*$U$11,0)+IF(AND($AF24>KM$10,$AF24<=KN$10),$AT24*$AD$11,0)+IF(AND($AO24>KM$10,$AO24<=KN$10),$AT24*$AK$11,0)+IF(AND($AR24>KM$10,$AR24<=KN$10),$AT24*$AP$11,0) -> 0 | KO24: =IF(AND($W24>KN$10,$W24<=KO$10),$AT24*$U$11,0)+IF(AND($AF24>KN$10,$AF24<=KO$10),$AT24*$AD$11,0)+IF(AND($AO24>KN$10,$AO24<=KO$10),$AT24*$AK$11,0)+IF(AND($AR24>KN$10,$AR24<=KO$10),$AT24*$AP$11,0) -> 0 | KP24: =IF(AND($W24>KO$10,$W24<=KP$10),$AT24*$U$11,0)+IF(AND($AF24>KO$10,$AF24<=KP$10),$AT24*$AD$11,0)+IF(AND($AO24>KO$10,$AO24<=KP$10),$AT24*$AK$11,0)+IF(AND($AR24>KO$10,$AR24<=KP$10),$AT24*$AP$11,0) -> 0 | KQ24: =IF(AND($W24>KP$10,$W24<=KQ$10),$AT24*$U$11,0)+IF(AND($AF24>KP$10,$AF24<=KQ$10),$AT24*$AD$11,0)+IF(AND($AO24>KP$10,$AO24<=KQ$10),$AT24*$AK$11,0)+IF(AND($AR24>KP$10,$AR24<=KQ$10),$AT24*$AP$11,0) -> 0 | KR24: =IF(AND($W24>KQ$10,$W24<=KR$10),$AT24*$U$11,0)+IF(AND($AF24>KQ$10,$AF24<=KR$10),$AT24*$AD$11,0)+IF(AND($AO24>KQ$10,$AO24<=KR$10),$AT24*$AK$11,0)+IF(AND($AR24>KQ$10,$AR24<=KR$10),$AT24*$AP$11,0) -> 0 | KS24: =IF(AND($W24>KR$10,$W24<=KS$10),$AT24*$U$11,0)+IF(AND($AF24>KR$10,$AF24<=KS$10),$AT24*$AD$11,0)+IF(AND($AO24>KR$10,$AO24<=KS$10),$AT24*$AK$11,0)+IF(AND($AR24>KR$10,$AR24<=KS$10),$AT24*$AP$11,0) -> 0 | ... PB24: =IF(AND($W24>PA$10,$W24<=PB$10),$AT24*$U$11,0)+IF(AND($AF24>PA$10,$AF24<=PB$10),$AT24*$AD$11,0)+IF(AND($AO24>PA$10,$AO24<=PB$10),$AT24*$AK$11,0)+IF(AND($AR24>PA$10,$AR24<=PB$10),$AT24*$AP$11,0) -> 0 | PD24: =VLOOKUP($I24,[1]IFR!$B$10:$AQ$1616,1,0) -> MM-ZTK-1F-IPX-PLR-RPT-9006 | PE24: =INT(VLOOKUP($I24,[1]IFR!$B$10:$AQ$1616,20,0)) -> 46184 | PF24: =VLOOKUP($I24,[1]IFA!$B$10:$AQ$694,1,0) -> MM-ZTK-1F-IPX-PLR-RPT-9006 | PG24: =INT(VLOOKUP($I24,[1]IFA!$B$10:$AQ$694,20,0)) -> 46224 | PH24: =VLOOKUP($I24,[1]IFC!$B$10:$AQ$702,1,0) -> MM-ZTK-1F-IPX-PLR-RPT-9006 | PI24: =INT(VLOOKUP($I24,[1]IFC!$B$10:$AQ$702,20,0)) -> 46248 | PJ24: =VLOOKUP($I24,[1]IFC!$B$10:$AQ$702,17,0) -> AFC | PK24: =VLOOKUP($I24,[1]IFC!$B$10:$AQ$702,33,0) -> Approved with Comment | PL24: =VLOOKUP($I24,[1]IFC!$B$10:$AQ$702,32,0) -> AWC | PM24: =INT(VLOOKUP($I24,[1]IFC!$B$10:$AQ$702,37,0)) -> 46258
A25: 15 | B25: =IF(J25<>"",MAX(B$14:B24)+1,"") -> 10 | C25: IPX | D25: PLR | E25: RPT | F25: 9007 | G25: docx | I25: =CONCATENATE("MM-",$D$6,"-",$D$7,"-",C25,"-",D25,"-",E25,"-",F25) -> MM-ZTK-1F-IPX-PLR-RPT-9007 | J25: Pipeline-Soil Interaction Study (IP20, IP21, IP22, IP23) | M25: R1 | N25: =VLOOKUP(I25,'MS Project'!$B$6:$F$189,5,FALSE) -> 46122 | O25: =N25+7 -> 46129 | P25: =O25+3 -> 46132 | Q25: A1 | R25: =P25+2 -> 46134 | S25: =R25+2 -> 46136 | T25: =S25+3 -> 46139 | U25: =T25+1 -> 46140 | V25: 46142 | W25: =V25 -> 46142 | X25: =U25+14 -> 46154 | Y25: =X25+2 -> 46156 | Z25: B1 | AA25: =Y25+4 -> 46160 | AB25: =AA25+3 -> 46163 | AC25: =AB25+4 -> 46167 | AD25: =AC25+1 -> 46168 | AE25: 46192 | AF25: =AE25 -> 46192 | AG25: =AD25+14 -> 46182 | AH25: =AG25+2 -> 46184 | AI25: C1 | AJ25: =AH25+4 -> 46188 | AK25: =AJ25+1 -> 46189 | AL25: 46213 | AM25: =AK25+14 -> 46203 | AO25: =AE25+18 -> 46210 | AP25: =AM25 -> 46203 | AQ25: 46248 | AR25: =AO25+10 -> 46220 | AS25: 1 | AT25: =AS25/$AS$11 -> 0.0081967213 | AU25: =IF($U25>0,IF($U25<=$AV$7,$AT25*$U$11,0))+IF($AD25>0,IF($AD25<=$AV$7,$AT25*$AD$11,0))+IF($AK25>0,IF($AK25<=$AV$7,$AT25*$AK$11,0))+IF($AP25>0,IF($AP25<=$AV$7,$AT25*$AP$11,0)) -> 0.0081967213 | AV25: =IF($V25>0,IF($V25<=$AV$7,$AT25*$U$11,0))+IF($AE25>0,IF($AE25<=$AV$7,$AT25*$AD$11,0))+IF($AL25>0,IF($AL25<=$AV$7,$AT25*$AK$11,0))+IF($AQ25>0,IF($AQ25<=$AV$7,$AT25*$AP$11,0)) -> 0.0081967213 | AW25: =AV25-AU25 -> 0 | AX25: =IF($U25>0,IF($U25<=$AZ$7,$AT25*$U$11,0))+IF($AD25>0,IF($AD25<=$AZ$7,$AT25*$AD$11,0))+IF($AK25>0,IF($AK25<=$AZ$7,$AT25*$AK$11,0))+IF($AP25>0,IF($AP25<=$AZ$7,$AT25*$AP$11,0)) -> 0.0081967213 | AY25: =IF($V25>0,IF($V25<=$AZ$7,$AT25*$U$11,0))+IF($AE25>0,IF($AE25<=$AZ$7,$AT25*$AD$11,0))+IF($AL25>0,IF($AL25<=$AZ$7,$AT25*$AK$11,0))+IF($AQ25>0,IF($AQ25<=$AZ$7,$AT25*$AP$11,0)) -> 0.0081967213 | AZ25: =AY25-AX25 -> 0 | BB25: =IF(AND($U25>BA$10,$U25<=BB$10),$AT25*$U$11,0)+IF(AND($AD25>BA$10,$AD25<=BB$10),$AT25*$AD$11,0)+IF(AND($AK25>BA$10,$AK25<=BB$10),$AT25*$AK$11,0)+IF(AND($AP25>BA$10,$AP25<=BB$10),$AT25*$AP$11,0) -> 0 | BC25: =IF(AND($U25>BB$10,$U25<=BC$10),$AT25*$U$11,0)+IF(AND($AD25>BB$10,$AD25<=BC$10),$AT25*$AD$11,0)+IF(AND($AK25>BB$10,$AK25<=BC$10),$AT25*$AK$11,0)+IF(AND($AP25>BB$10,$AP25<=BC$10),$AT25*$AP$11,0) -> 0 | BD25: =IF(AND($U25>BC$10,$U25<=BD$10),$AT25*$U$11,0)+IF(AND($AD25>BC$10,$AD25<=BD$10),$AT25*$AD$11,0)+IF(AND($AK25>BC$10,$AK25<=BD$10),$AT25*$AK$11,0)+IF(AND($AP25>BC$10,$AP25<=BD$10),$AT25*$AP$11,0) -> 0 | BE25: =IF(AND($U25>BD$10,$U25<=BE$10),$AT25*$U$11,0)+IF(AND($AD25>BD$10,$AD25<=BE$10),$AT25*$AD$11,0)+IF(AND($AK25>BD$10,$AK25<=BE$10),$AT25*$AK$11,0)+IF(AND($AP25>BD$10,$AP25<=BE$10),$AT25*$AP$11,0) -> 0 | BF25: =IF(AND($U25>BE$10,$U25<=BF$10),$AT25*$U$11,0)+IF(AND($AD25>BE$10,$AD25<=BF$10),$AT25*$AD$11,0)+IF(AND($AK25>BE$10,$AK25<=BF$10),$AT25*$AK$11,0)+IF(AND($AP25>BE$10,$AP25<=BF$10),$AT25*$AP$11,0) -> 0 | BG25: =IF(AND($U25>BF$10,$U25<=BG$10),$AT25*$U$11,0)+IF(AND($AD25>BF$10,$AD25<=BG$10),$AT25*$AD$11,0)+IF(AND($AK25>BF$10,$AK25<=BG$10),$AT25*$AK$11,0)+IF(AND($AP25>BF$10,$AP25<=BG$10),$AT25*$AP$11,0) -> 0 | BH25: =IF(AND($U25>BG$10,$U25<=BH$10),$AT25*$U$11,0)+IF(AND($AD25>BG$10,$AD25<=BH$10),$AT25*$AD$11,0)+IF(AND($AK25>BG$10,$AK25<=BH$10),$AT25*$AK$11,0)+IF(AND($AP25>BG$10,$AP25<=BH$10),$AT25*$AP$11,0) -> 0 | BI25: =IF(AND($U25>BH$10,$U25<=BI$10),$AT25*$U$11,0)+IF(AND($AD25>BH$10,$AD25<=BI$10),$AT25*$AD$11,0)+IF(AND($AK25>BH$10,$AK25<=BI$10),$AT25*$AK$11,0)+IF(AND($AP25>BH$10,$AP25<=BI$10),$AT25*$AP$11,0) -> 0 | ... FR25: =IF(AND($U25>FQ$10,$U25<=FR$10),$AT25*$U$11,0)+IF(AND($AD25>FQ$10,$AD25<=FR$10),$AT25*$AD$11,0)+IF(AND($AK25>FQ$10,$AK25<=FR$10),$AT25*$AK$11,0)+IF(AND($AP25>FQ$10,$AP25<=FR$10),$AT25*$AP$11,0) -> 0 | FT25: =IF(AND($V25>FS$10,$V25<=FT$10),$AT25*$U$11,0)+IF(AND($AE25>FS$10,$AE25<=FT$10),$AT25*$AD$11,0)+IF(AND($AL25>FS$10,$AL25<=FT$10),$AT25*$AK$11,0)+IF(AND($AQ25>FS$10,$AQ25<=FT$10),$AT25*$AP$11,0) -> 0 | FU25: =IF(AND($V25>FT$10,$V25<=FU$10),$AT25*$U$11,0)+IF(AND($AE25>FT$10,$AE25<=FU$10),$AT25*$AD$11,0)+IF(AND($AL25>FT$10,$AL25<=FU$10),$AT25*$AK$11,0)+IF(AND($AQ25>FT$10,$AQ25<=FU$10),$AT25*$AP$11,0) -> 0 | FV25: =IF(AND($V25>FU$10,$V25<=FV$10),$AT25*$U$11,0)+IF(AND($AE25>FU$10,$AE25<=FV$10),$AT25*$AD$11,0)+IF(AND($AL25>FU$10,$AL25<=FV$10),$AT25*$AK$11,0)+IF(AND($AQ25>FU$10,$AQ25<=FV$10),$AT25*$AP$11,0) -> 0 | FW25: =IF(AND($V25>FV$10,$V25<=FW$10),$AT25*$U$11,0)+IF(AND($AE25>FV$10,$AE25<=FW$10),$AT25*$AD$11,0)+IF(AND($AL25>FV$10,$AL25<=FW$10),$AT25*$AK$11,0)+IF(AND($AQ25>FV$10,$AQ25<=FW$10),$AT25*$AP$11,0) -> 0 | FX25: =IF(AND($V25>FW$10,$V25<=FX$10),$AT25*$U$11,0)+IF(AND($AE25>FW$10,$AE25<=FX$10),$AT25*$AD$11,0)+IF(AND($AL25>FW$10,$AL25<=FX$10),$AT25*$AK$11,0)+IF(AND($AQ25>FW$10,$AQ25<=FX$10),$AT25*$AP$11,0) -> 0 | FY25: =IF(AND($V25>FX$10,$V25<=FY$10),$AT25*$U$11,0)+IF(AND($AE25>FX$10,$AE25<=FY$10),$AT25*$AD$11,0)+IF(AND($AL25>FX$10,$AL25<=FY$10),$AT25*$AK$11,0)+IF(AND($AQ25>FX$10,$AQ25<=FY$10),$AT25*$AP$11,0) -> 0 | FZ25: =IF(AND($V25>FY$10,$V25<=FZ$10),$AT25*$U$11,0)+IF(AND($AE25>FY$10,$AE25<=FZ$10),$AT25*$AD$11,0)+IF(AND($AL25>FY$10,$AL25<=FZ$10),$AT25*$AK$11,0)+IF(AND($AQ25>FY$10,$AQ25<=FZ$10),$AT25*$AP$11,0) -> 0 | GA25: =IF(AND($V25>FZ$10,$V25<=GA$10),$AT25*$U$11,0)+IF(AND($AE25>FZ$10,$AE25<=GA$10),$AT25*$AD$11,0)+IF(AND($AL25>FZ$10,$AL25<=GA$10),$AT25*$AK$11,0)+IF(AND($AQ25>FZ$10,$AQ25<=GA$10),$AT25*$AP$11,0) -> 0 | ... KB25: =IF(AND($V25>KA$10,$V25<=KB$10),$AT25*$U$11,0)+IF(AND($AE25>KA$10,$AE25<=KB$10),$AT25*$AD$11,0)+IF(AND($AL25>KA$10,$AL25<=KB$10),$AT25*$AK$11,0)+IF(AND($AQ25>KA$10,$AQ25<=KB$10),$AT25*$AP$11,0) -> 0 | KC25: =IF(AND($U25>KB$10,$U25<=KC$10),$AT25*$U$11,0)+IF(AND($AD25>KB$10,$AD25<=KC$10),$AT25*$AD$11,0)+IF(AND($AK25>KB$10,$AK25<=KC$10),$AT25*$AK$11,0)+IF(AND($AP25>KB$10,$AP25<=KC$10),$AT25*$AP$11,0) -> 0 | KD25: =IF(AND($U25>KC$10,$U25<=KD$10),$AT25*$U$11,0)+IF(AND($AD25>KC$10,$AD25<=KD$10),$AT25*$AD$11,0)+IF(AND($AK25>KC$10,$AK25<=KD$10),$AT25*$AK$11,0)+IF(AND($AP25>KC$10,$AP25<=KD$10),$AT25*$AP$11,0) -> 0 | KE25: =IF(AND($U25>KD$10,$U25<=KE$10),$AT25*$U$11,0)+IF(AND($AD25>KD$10,$AD25<=KE$10),$AT25*$AD$11,0)+IF(AND($AK25>KD$10,$AK25<=KE$10),$AT25*$AK$11,0)+IF(AND($AP25>KD$10,$AP25<=KE$10),$AT25*$AP$11,0) -> 0 | KF25: =IF(AND($U25>KE$10,$U25<=KF$10),$AT25*$U$11,0)+IF(AND($AD25>KE$10,$AD25<=KF$10),$AT25*$AD$11,0)+IF(AND($AK25>KE$10,$AK25<=KF$10),$AT25*$AK$11,0)+IF(AND($AP25>KE$10,$AP25<=KF$10),$AT25*$AP$11,0) -> 0 | KG25: =IF(AND($U25>KF$10,$U25<=KG$10),$AT25*$U$11,0)+IF(AND($AD25>KF$10,$AD25<=KG$10),$AT25*$AD$11,0)+IF(AND($AK25>KF$10,$AK25<=KG$10),$AT25*$AK$11,0)+IF(AND($AP25>KF$10,$AP25<=KG$10),$AT25*$AP$11,0) -> 0 | KH25: =IF(AND($U25>KG$10,$U25<=KH$10),$AT25*$U$11,0)+IF(AND($AD25>KG$10,$AD25<=KH$10),$AT25*$AD$11,0)+IF(AND($AK25>KG$10,$AK25<=KH$10),$AT25*$AK$11,0)+IF(AND($AP25>KG$10,$AP25<=KH$10),$AT25*$AP$11,0) -> 0 | KI25: =IF(AND($U25>KH$10,$U25<=KI$10),$AT25*$U$11,0)+IF(AND($AD25>KH$10,$AD25<=KI$10),$AT25*$AD$11,0)+IF(AND($AK25>KH$10,$AK25<=KI$10),$AT25*$AK$11,0)+IF(AND($AP25>KH$10,$AP25<=KI$10),$AT25*$AP$11,0) -> 0 | KJ25: =IF(AND($U25>KI$10,$U25<=KJ$10),$AT25*$U$11,0)+IF(AND($AD25>KI$10,$AD25<=KJ$10),$AT25*$AD$11,0)+IF(AND($AK25>KI$10,$AK25<=KJ$10),$AT25*$AK$11,0)+IF(AND($AP25>KI$10,$AP25<=KJ$10),$AT25*$AP$11,0) -> 0 | KL25: =IF(AND($W25>KK$10,$W25<=KL$10),$AT25*$U$11,0)+IF(AND($AF25>KK$10,$AF25<=KL$10),$AT25*$AD$11,0)+IF(AND($AO25>KK$10,$AO25<=KL$10),$AT25*$AK$11,0)+IF(AND($AR25>KK$10,$AR25<=KL$10),$AT25*$AP$11,0) -> 0 | KM25: =IF(AND($W25>KL$10,$W25<=KM$10),$AT25*$U$11,0)+IF(AND($AF25>KL$10,$AF25<=KM$10),$AT25*$AD$11,0)+IF(AND($AO25>KL$10,$AO25<=KM$10),$AT25*$AK$11,0)+IF(AND($AR25>KL$10,$AR25<=KM$10),$AT25*$AP$11,0) -> 0 | KN25: =IF(AND($W25>KM$10,$W25<=KN$10),$AT25*$U$11,0)+IF(AND($AF25>KM$10,$AF25<=KN$10),$AT25*$AD$11,0)+IF(AND($AO25>KM$10,$AO25<=KN$10),$AT25*$AK$11,0)+IF(AND($AR25>KM$10,$AR25<=KN$10),$AT25*$AP$11,0) -> 0 | KO25: =IF(AND($W25>KN$10,$W25<=KO$10),$AT25*$U$11,0)+IF(AND($AF25>KN$10,$AF25<=KO$10),$AT25*$AD$11,0)+IF(AND($AO25>KN$10,$AO25<=KO$10),$AT25*$AK$11,0)+IF(AND($AR25>KN$10,$AR25<=KO$10),$AT25*$AP$11,0) -> 0 | KP25: =IF(AND($W25>KO$10,$W25<=KP$10),$AT25*$U$11,0)+IF(AND($AF25>KO$10,$AF25<=KP$10),$AT25*$AD$11,0)+IF(AND($AO25>KO$10,$AO25<=KP$10),$AT25*$AK$11,0)+IF(AND($AR25>KO$10,$AR25<=KP$10),$AT25*$AP$11,0) -> 0 | KQ25: =IF(AND($W25>KP$10,$W25<=KQ$10),$AT25*$U$11,0)+IF(AND($AF25>KP$10,$AF25<=KQ$10),$AT25*$AD$11,0)+IF(AND($AO25>KP$10,$AO25<=KQ$10),$AT25*$AK$11,0)+IF(AND($AR25>KP$10,$AR25<=KQ$10),$AT25*$AP$11,0) -> 0 | KR25: =IF(AND($W25>KQ$10,$W25<=KR$10),$AT25*$U$11,0)+IF(AND($AF25>KQ$10,$AF25<=KR$10),$AT25*$AD$11,0)+IF(AND($AO25>KQ$10,$AO25<=KR$10),$AT25*$AK$11,0)+IF(AND($AR25>KQ$10,$AR25<=KR$10),$AT25*$AP$11,0) -> 0 | KS25: =IF(AND($W25>KR$10,$W25<=KS$10),$AT25*$U$11,0)+IF(AND($AF25>KR$10,$AF25<=KS$10),$AT25*$AD$11,0)+IF(AND($AO25>KR$10,$AO25<=KS$10),$AT25*$AK$11,0)+IF(AND($AR25>KR$10,$AR25<=KS$10),$AT25*$AP$11,0) -> 0 | ... PB25: =IF(AND($W25>PA$10,$W25<=PB$10),$AT25*$U$11,0)+IF(AND($AF25>PA$10,$AF25<=PB$10),$AT25*$AD$11,0)+IF(AND($AO25>PA$10,$AO25<=PB$10),$AT25*$AK$11,0)+IF(AND($AR25>PA$10,$AR25<=PB$10),$AT25*$AP$11,0) -> 0 | PD25: =VLOOKUP($I25,[1]IFR!$B$10:$AQ$1616,1,0) -> MM-ZTK-1F-IPX-PLR-RPT-9007 | PE25: =INT(VLOOKUP($I25,[1]IFR!$B$10:$AQ$1616,20,0)) -> 46142 | PF25: =VLOOKUP($I25,[1]IFA!$B$10:$AQ$694,1,0) -> MM-ZTK-1F-IPX-PLR-RPT-9007 | PG25: =INT(VLOOKUP($I25,[1]IFA!$B$10:$AQ$694,20,0)) -> 46192 | PH25: =VLOOKUP($I25,[1]IFC!$B$10:$AQ$702,1,0) -> MM-ZTK-1F-IPX-PLR-RPT-9007 | PI25: =INT(VLOOKUP($I25,[1]IFC!$B$10:$AQ$702,20,0)) -> 46213 | PJ25: =VLOOKUP($I25,[1]IFC!$B$10:$AQ$702,17,0) -> AFC | PK25: =VLOOKUP($I25,[1]IFC!$B$10:$AQ$702,33,0) -> Approved with Comment | PL25: =VLOOKUP($I25,[1]IFC!$B$10:$AQ$702,32,0) -> AWC | PM25: =INT(VLOOKUP($I25,[1]IFC!$B$10:$AQ$702,37,0)) -> 46223
A26: 16 | B26: =IF(J26<>"",MAX(B$14:B25)+1,"") -> 11 | C26: IPX | D26: PLR | E26: RPT | F26: 9008 | G26: docx | I26: =CONCATENATE("MM-",$D$6,"-",$D$7,"-",C26,"-",D26,"-",E26,"-",F26) -> MM-ZTK-1F-IPX-PLR-RPT-9008 | J26: Riser Span Analysis (IP20, IP21, IP22, IP23) | M26: R1 | N26: =VLOOKUP(I26,'MS Project'!$B$6:$F$189,5,FALSE) -> 46146 | O26: =N26+7 -> 46153 | P26: =O26+3 -> 46156 | Q26: A1 | R26: =P26+2 -> 46158 | S26: =R26+2 -> 46160 | T26: =S26+3 -> 46163 | U26: =T26+1 -> 46164 | V26: 46161 | W26: =V26 -> 46161 | X26: =U26+14 -> 46178 | Y26: =X26+2 -> 46180 | Z26: B1 | AA26: =Y26+4 -> 46184 | AB26: =AA26+3 -> 46187 | AC26: =AB26+4 -> 46191 | AD26: =AC26+1 -> 46192 | AE26: 46199 | AF26: =AE26 -> 46199 | AG26: =AD26+14 -> 46206 | AH26: =AG26+2 -> 46208 | AI26: C1 | AJ26: =AH26+4 -> 46212 | AK26: =AJ26+1 -> 46213 | AL26: 46251 | AM26: =AK26+14 -> 46227 | AO26: =AK26 -> 46213 | AP26: =AM26 -> 46227 | AR26: =AP26 -> 46227 | AS26: 1 | AT26: =AS26/$AS$11 -> 0.0081967213 | AU26: =IF($U26>0,IF($U26<=$AV$7,$AT26*$U$11,0))+IF($AD26>0,IF($AD26<=$AV$7,$AT26*$AD$11,0))+IF($AK26>0,IF($AK26<=$AV$7,$AT26*$AK$11,0))+IF($AP26>0,IF($AP26<=$AV$7,$AT26*$AP$11,0)) -> 0.0081967213 | AV26: =IF($V26>0,IF($V26<=$AV$7,$AT26*$U$11,0))+IF($AE26>0,IF($AE26<=$AV$7,$AT26*$AD$11,0))+IF($AL26>0,IF($AL26<=$AV$7,$AT26*$AK$11,0))+IF($AQ26>0,IF($AQ26<=$AV$7,$AT26*$AP$11,0)) -> 0.006557377 | AW26: =AV26-AU26 -> -0.0016393443 | AX26: =IF($U26>0,IF($U26<=$AZ$7,$AT26*$U$11,0))+IF($AD26>0,IF($AD26<=$AZ$7,$AT26*$AD$11,0))+IF($AK26>0,IF($AK26<=$AZ$7,$AT26*$AK$11,0))+IF($AP26>0,IF($AP26<=$AZ$7,$AT26*$AP$11,0)) -> 0.0081967213 | AY26: =IF($V26>0,IF($V26<=$AZ$7,$AT26*$U$11,0))+IF($AE26>0,IF($AE26<=$AZ$7,$AT26*$AD$11,0))+IF($AL26>0,IF($AL26<=$AZ$7,$AT26*$AK$11,0))+IF($AQ26>0,IF($AQ26<=$AZ$7,$AT26*$AP$11,0)) -> 0.006557377 | AZ26: =AY26-AX26 -> -0.0016393443 | BB26: =IF(AND($U26>BA$10,$U26<=BB$10),$AT26*$U$11,0)+IF(AND($AD26>BA$10,$AD26<=BB$10),$AT26*$AD$11,0)+IF(AND($AK26>BA$10,$AK26<=BB$10),$AT26*$AK$11,0)+IF(AND($AP26>BA$10,$AP26<=BB$10),$AT26*$AP$11,0) -> 0 | BC26: =IF(AND($U26>BB$10,$U26<=BC$10),$AT26*$U$11,0)+IF(AND($AD26>BB$10,$AD26<=BC$10),$AT26*$AD$11,0)+IF(AND($AK26>BB$10,$AK26<=BC$10),$AT26*$AK$11,0)+IF(AND($AP26>BB$10,$AP26<=BC$10),$AT26*$AP$11,0) -> 0 | BD26: =IF(AND($U26>BC$10,$U26<=BD$10),$AT26*$U$11,0)+IF(AND($AD26>BC$10,$AD26<=BD$10),$AT26*$AD$11,0)+IF(AND($AK26>BC$10,$AK26<=BD$10),$AT26*$AK$11,0)+IF(AND($AP26>BC$10,$AP26<=BD$10),$AT26*$AP$11,0) -> 0 | BE26: =IF(AND($U26>BD$10,$U26<=BE$10),$AT26*$U$11,0)+IF(AND($AD26>BD$10,$AD26<=BE$10),$AT26*$AD$11,0)+IF(AND($AK26>BD$10,$AK26<=BE$10),$AT26*$AK$11,0)+IF(AND($AP26>BD$10,$AP26<=BE$10),$AT26*$AP$11,0) -> 0 | BF26: =IF(AND($U26>BE$10,$U26<=BF$10),$AT26*$U$11,0)+IF(AND($AD26>BE$10,$AD26<=BF$10),$AT26*$AD$11,0)+IF(AND($AK26>BE$10,$AK26<=BF$10),$AT26*$AK$11,0)+IF(AND($AP26>BE$10,$AP26<=BF$10),$AT26*$AP$11,0) -> 0 | BG26: =IF(AND($U26>BF$10,$U26<=BG$10),$AT26*$U$11,0)+IF(AND($AD26>BF$10,$AD26<=BG$10),$AT26*$AD$11,0)+IF(AND($AK26>BF$10,$AK26<=BG$10),$AT26*$AK$11,0)+IF(AND($AP26>BF$10,$AP26<=BG$10),$AT26*$AP$11,0) -> 0 | BH26: =IF(AND($U26>BG$10,$U26<=BH$10),$AT26*$U$11,0)+IF(AND($AD26>BG$10,$AD26<=BH$10),$AT26*$AD$11,0)+IF(AND($AK26>BG$10,$AK26<=BH$10),$AT26*$AK$11,0)+IF(AND($AP26>BG$10,$AP26<=BH$10),$AT26*$AP$11,0) -> 0 | BI26: =IF(AND($U26>BH$10,$U26<=BI$10),$AT26*$U$11,0)+IF(AND($AD26>BH$10,$AD26<=BI$10),$AT26*$AD$11,0)+IF(AND($AK26>BH$10,$AK26<=BI$10),$AT26*$AK$11,0)+IF(AND($AP26>BH$10,$AP26<=BI$10),$AT26*$AP$11,0) -> 0 | ... FR26: =IF(AND($U26>FQ$10,$U26<=FR$10),$AT26*$U$11,0)+IF(AND($AD26>FQ$10,$AD26<=FR$10),$AT26*$AD$11,0)+IF(AND($AK26>FQ$10,$AK26<=FR$10),$AT26*$AK$11,0)+IF(AND($AP26>FQ$10,$AP26<=FR$10),$AT26*$AP$11,0) -> 0 | FT26: =IF(AND($V26>FS$10,$V26<=FT$10),$AT26*$U$11,0)+IF(AND($AE26>FS$10,$AE26<=FT$10),$AT26*$AD$11,0)+IF(AND($AL26>FS$10,$AL26<=FT$10),$AT26*$AK$11,0)+IF(AND($AQ26>FS$10,$AQ26<=FT$10),$AT26*$AP$11,0) -> 0 | FU26: =IF(AND($V26>FT$10,$V26<=FU$10),$AT26*$U$11,0)+IF(AND($AE26>FT$10,$AE26<=FU$10),$AT26*$AD$11,0)+IF(AND($AL26>FT$10,$AL26<=FU$10),$AT26*$AK$11,0)+IF(AND($AQ26>FT$10,$AQ26<=FU$10),$AT26*$AP$11,0) -> 0 | FV26: =IF(AND($V26>FU$10,$V26<=FV$10),$AT26*$U$11,0)+IF(AND($AE26>FU$10,$AE26<=FV$10),$AT26*$AD$11,0)+IF(AND($AL26>FU$10,$AL26<=FV$10),$AT26*$AK$11,0)+IF(AND($AQ26>FU$10,$AQ26<=FV$10),$AT26*$AP$11,0) -> 0 | FW26: =IF(AND($V26>FV$10,$V26<=FW$10),$AT26*$U$11,0)+IF(AND($AE26>FV$10,$AE26<=FW$10),$AT26*$AD$11,0)+IF(AND($AL26>FV$10,$AL26<=FW$10),$AT26*$AK$11,0)+IF(AND($AQ26>FV$10,$AQ26<=FW$10),$AT26*$AP$11,0) -> 0 | FX26: =IF(AND($V26>FW$10,$V26<=FX$10),$AT26*$U$11,0)+IF(AND($AE26>FW$10,$AE26<=FX$10),$AT26*$AD$11,0)+IF(AND($AL26>FW$10,$AL26<=FX$10),$AT26*$AK$11,0)+IF(AND($AQ26>FW$10,$AQ26<=FX$10),$AT26*$AP$11,0) -> 0 | FY26: =IF(AND($V26>FX$10,$V26<=FY$10),$AT26*$U$11,0)+IF(AND($AE26>FX$10,$AE26<=FY$10),$AT26*$AD$11,0)+IF(AND($AL26>FX$10,$AL26<=FY$10),$AT26*$AK$11,0)+IF(AND($AQ26>FX$10,$AQ26<=FY$10),$AT26*$AP$11,0) -> 0 | FZ26: =IF(AND($V26>FY$10,$V26<=FZ$10),$AT26*$U$11,0)+IF(AND($AE26>FY$10,$AE26<=FZ$10),$AT26*$AD$11,0)+IF(AND($AL26>FY$10,$AL26<=FZ$10),$AT26*$AK$11,0)+IF(AND($AQ26>FY$10,$AQ26<=FZ$10),$AT26*$AP$11,0) -> 0 | GA26: =IF(AND($V26>FZ$10,$V26<=GA$10),$AT26*$U$11,0)+IF(AND($AE26>FZ$10,$AE26<=GA$10),$AT26*$AD$11,0)+IF(AND($AL26>FZ$10,$AL26<=GA$10),$AT26*$AK$11,0)+IF(AND($AQ26>FZ$10,$AQ26<=GA$10),$AT26*$AP$11,0) -> 0 | ... KB26: =IF(AND($V26>KA$10,$V26<=KB$10),$AT26*$U$11,0)+IF(AND($AE26>KA$10,$AE26<=KB$10),$AT26*$AD$11,0)+IF(AND($AL26>KA$10,$AL26<=KB$10),$AT26*$AK$11,0)+IF(AND($AQ26>KA$10,$AQ26<=KB$10),$AT26*$AP$11,0) -> 0 | KC26: =IF(AND($U26>KB$10,$U26<=KC$10),$AT26*$U$11,0)+IF(AND($AD26>KB$10,$AD26<=KC$10),$AT26*$AD$11,0)+IF(AND($AK26>KB$10,$AK26<=KC$10),$AT26*$AK$11,0)+IF(AND($AP26>KB$10,$AP26<=KC$10),$AT26*$AP$11,0) -> 0 | KD26: =IF(AND($U26>KC$10,$U26<=KD$10),$AT26*$U$11,0)+IF(AND($AD26>KC$10,$AD26<=KD$10),$AT26*$AD$11,0)+IF(AND($AK26>KC$10,$AK26<=KD$10),$AT26*$AK$11,0)+IF(AND($AP26>KC$10,$AP26<=KD$10),$AT26*$AP$11,0) -> 0 | KE26: =IF(AND($U26>KD$10,$U26<=KE$10),$AT26*$U$11,0)+IF(AND($AD26>KD$10,$AD26<=KE$10),$AT26*$AD$11,0)+IF(AND($AK26>KD$10,$AK26<=KE$10),$AT26*$AK$11,0)+IF(AND($AP26>KD$10,$AP26<=KE$10),$AT26*$AP$11,0) -> 0 | KF26: =IF(AND($U26>KE$10,$U26<=KF$10),$AT26*$U$11,0)+IF(AND($AD26>KE$10,$AD26<=KF$10),$AT26*$AD$11,0)+IF(AND($AK26>KE$10,$AK26<=KF$10),$AT26*$AK$11,0)+IF(AND($AP26>KE$10,$AP26<=KF$10),$AT26*$AP$11,0) -> 0 | KG26: =IF(AND($U26>KF$10,$U26<=KG$10),$AT26*$U$11,0)+IF(AND($AD26>KF$10,$AD26<=KG$10),$AT26*$AD$11,0)+IF(AND($AK26>KF$10,$AK26<=KG$10),$AT26*$AK$11,0)+IF(AND($AP26>KF$10,$AP26<=KG$10),$AT26*$AP$11,0) -> 0 | KH26: =IF(AND($U26>KG$10,$U26<=KH$10),$AT26*$U$11,0)+IF(AND($AD26>KG$10,$AD26<=KH$10),$AT26*$AD$11,0)+IF(AND($AK26>KG$10,$AK26<=KH$10),$AT26*$AK$11,0)+IF(AND($AP26>KG$10,$AP26<=KH$10),$AT26*$AP$11,0) -> 0 | KI26: =IF(AND($U26>KH$10,$U26<=KI$10),$AT26*$U$11,0)+IF(AND($AD26>KH$10,$AD26<=KI$10),$AT26*$AD$11,0)+IF(AND($AK26>KH$10,$AK26<=KI$10),$AT26*$AK$11,0)+IF(AND($AP26>KH$10,$AP26<=KI$10),$AT26*$AP$11,0) -> 0 | KJ26: =IF(AND($U26>KI$10,$U26<=KJ$10),$AT26*$U$11,0)+IF(AND($AD26>KI$10,$AD26<=KJ$10),$AT26*$AD$11,0)+IF(AND($AK26>KI$10,$AK26<=KJ$10),$AT26*$AK$11,0)+IF(AND($AP26>KI$10,$AP26<=KJ$10),$AT26*$AP$11,0) -> 0 | KL26: =IF(AND($W26>KK$10,$W26<=KL$10),$AT26*$U$11,0)+IF(AND($AF26>KK$10,$AF26<=KL$10),$AT26*$AD$11,0)+IF(AND($AO26>KK$10,$AO26<=KL$10),$AT26*$AK$11,0)+IF(AND($AR26>KK$10,$AR26<=KL$10),$AT26*$AP$11,0) -> 0 | KM26: =IF(AND($W26>KL$10,$W26<=KM$10),$AT26*$U$11,0)+IF(AND($AF26>KL$10,$AF26<=KM$10),$AT26*$AD$11,0)+IF(AND($AO26>KL$10,$AO26<=KM$10),$AT26*$AK$11,0)+IF(AND($AR26>KL$10,$AR26<=KM$10),$AT26*$AP$11,0) -> 0 | KN26: =IF(AND($W26>KM$10,$W26<=KN$10),$AT26*$U$11,0)+IF(AND($AF26>KM$10,$AF26<=KN$10),$AT26*$AD$11,0)+IF(AND($AO26>KM$10,$AO26<=KN$10),$AT26*$AK$11,0)+IF(AND($AR26>KM$10,$AR26<=KN$10),$AT26*$AP$11,0) -> 0 | KO26: =IF(AND($W26>KN$10,$W26<=KO$10),$AT26*$U$11,0)+IF(AND($AF26>KN$10,$AF26<=KO$10),$AT26*$AD$11,0)+IF(AND($AO26>KN$10,$AO26<=KO$10),$AT26*$AK$11,0)+IF(AND($AR26>KN$10,$AR26<=KO$10),$AT26*$AP$11,0) -> 0 | KP26: =IF(AND($W26>KO$10,$W26<=KP$10),$AT26*$U$11,0)+IF(AND($AF26>KO$10,$AF26<=KP$10),$AT26*$AD$11,0)+IF(AND($AO26>KO$10,$AO26<=KP$10),$AT26*$AK$11,0)+IF(AND($AR26>KO$10,$AR26<=KP$10),$AT26*$AP$11,0) -> 0 | KQ26: =IF(AND($W26>KP$10,$W26<=KQ$10),$AT26*$U$11,0)+IF(AND($AF26>KP$10,$AF26<=KQ$10),$AT26*$AD$11,0)+IF(AND($AO26>KP$10,$AO26<=KQ$10),$AT26*$AK$11,0)+IF(AND($AR26>KP$10,$AR26<=KQ$10),$AT26*$AP$11,0) -> 0 | KR26: =IF(AND($W26>KQ$10,$W26<=KR$10),$AT26*$U$11,0)+IF(AND($AF26>KQ$10,$AF26<=KR$10),$AT26*$AD$11,0)+IF(AND($AO26>KQ$10,$AO26<=KR$10),$AT26*$AK$11,0)+IF(AND($AR26>KQ$10,$AR26<=KR$10),$AT26*$AP$11,0) -> 0 | KS26: =IF(AND($W26>KR$10,$W26<=KS$10),$AT26*$U$11,0)+IF(AND($AF26>KR$10,$AF26<=KS$10),$AT26*$AD$11,0)+IF(AND($AO26>KR$10,$AO26<=KS$10),$AT26*$AK$11,0)+IF(AND($AR26>KR$10,$AR26<=KS$10),$AT26*$AP$11,0) -> 0 | ... PB26: =IF(AND($W26>PA$10,$W26<=PB$10),$AT26*$U$11,0)+IF(AND($AF26>PA$10,$AF26<=PB$10),$AT26*$AD$11,0)+IF(AND($AO26>PA$10,$AO26<=PB$10),$AT26*$AK$11,0)+IF(AND($AR26>PA$10,$AR26<=PB$10),$AT26*$AP$11,0) -> 0 | PD26: =VLOOKUP($I26,[1]IFR!$B$10:$AQ$1616,1,0) -> MM-ZTK-1F-IPX-PLR-RPT-9008 | PE26: =INT(VLOOKUP($I26,[1]IFR!$B$10:$AQ$1616,20,0)) -> 46161 | PF26: =VLOOKUP($I26,[1]IFA!$B$10:$AQ$694,1,0) -> MM-ZTK-1F-IPX-PLR-RPT-9008 | PG26: =INT(VLOOKUP($I26,[1]IFA!$B$10:$AQ$694,20,0)) -> 46199 | PH26: =VLOOKUP($I26,[1]IFC!$B$10:$AQ$702,1,0) -> MM-ZTK-1F-IPX-PLR-RPT-9008 | PI26: =INT(VLOOKUP($I26,[1]IFC!$B$10:$AQ$702,20,0)) -> 46251 | PJ26: =VLOOKUP($I26,[1]IFC!$B$10:$AQ$702,17,0) -> AFC | PK26: =VLOOKUP($I26,[1]IFC!$B$10:$AQ$702,33,0) -> Approved with Comment | PL26: =VLOOKUP($I26,[1]IFC!$B$10:$AQ$702,32,0) -> AWC | PM26: =INT(VLOOKUP($I26,[1]IFC!$B$10:$AQ$702,37,0)) -> 46255
A27: 17 | B27: =IF(J27<>"",MAX(B$14:B26)+1,"") -> 12 | C27: IPX | D27: PLR | E27: RPT | F27: 9009 | G27: docx | I27: =CONCATENATE("MM-",$D$6,"-",$D$7,"-",C27,"-",D27,"-",E27,"-",F27) -> MM-ZTK-1F-IPX-PLR-RPT-9009 | J27: Riser Hanger Flange Design Report (IP20, IP21, IP22, IP23) | M27: R1 | N27: =VLOOKUP(I27,'MS Project'!$B$6:$F$189,5,FALSE)+7 -> 46240 | O27: =N27+7 -> 46247 | P27: =O27+3 -> 46250 | Q27: A1 | R27: =P27+2 -> 46252 | S27: =R27+2 -> 46254 | T27: =S27+3 -> 46257 | U27: =T27+1 -> 46258 | W27: 46258 | X27: =U27+14 -> 46272 | Y27: =X27+2 -> 46274 | Z27: B1 | AA27: =Y27+4 -> 46278 | AB27: =AA27+3 -> 46281 | AC27: =AB27+4 -> 46285 | AD27: =AC27+1 -> 46286 | AF27: 46286 | AG27: =AD27+14 -> 46300 | AH27: =AG27+2 -> 46302 | AI27: C1 | AJ27: =AH27+4 -> 46306 | AK27: =AJ27+1 -> 46307 | AM27: =AK27+14 -> 46321 | AO27: =AK27 -> 46307 | AP27: =AM27 -> 46321 | AR27: =AP27 -> 46321 | AS27: 1 | AT27: =AS27/$AS$11 -> 0.0081967213 | AU27: =IF($U27>0,IF($U27<=$AV$7,$AT27*$U$11,0))+IF($AD27>0,IF($AD27<=$AV$7,$AT27*$AD$11,0))+IF($AK27>0,IF($AK27<=$AV$7,$AT27*$AK$11,0))+IF($AP27>0,IF($AP27<=$AV$7,$AT27*$AP$11,0)) -> 0.0040983607 | AV27: =IF($V27>0,IF($V27<=$AV$7,$AT27*$U$11,0))+IF($AE27>0,IF($AE27<=$AV$7,$AT27*$AD$11,0))+IF($AL27>0,IF($AL27<=$AV$7,$AT27*$AK$11,0))+IF($AQ27>0,IF($AQ27<=$AV$7,$AT27*$AP$11,0)) -> 0 | AW27: =AV27-AU27 -> -0.0040983607 | AX27: =IF($U27>0,IF($U27<=$AZ$7,$AT27*$U$11,0))+IF($AD27>0,IF($AD27<=$AZ$7,$AT27*$AD$11,0))+IF($AK27>0,IF($AK27<=$AZ$7,$AT27*$AK$11,0))+IF($AP27>0,IF($AP27<=$AZ$7,$AT27*$AP$11,0)) -> 0.0040983607 | AY27: =IF($V27>0,IF($V27<=$AZ$7,$AT27*$U$11,0))+IF($AE27>0,IF($AE27<=$AZ$7,$AT27*$AD$11,0))+IF($AL27>0,IF($AL27<=$AZ$7,$AT27*$AK$11,0))+IF($AQ27>0,IF($AQ27<=$AZ$7,$AT27*$AP$11,0)) -> 0 | AZ27: =AY27-AX27 -> -0.0040983607 | BB27: =IF(AND($U27>BA$10,$U27<=BB$10),$AT27*$U$11,0)+IF(AND($AD27>BA$10,$AD27<=BB$10),$AT27*$AD$11,0)+IF(AND($AK27>BA$10,$AK27<=BB$10),$AT27*$AK$11,0)+IF(AND($AP27>BA$10,$AP27<=BB$10),$AT27*$AP$11,0) -> 0 | BC27: =IF(AND($U27>BB$10,$U27<=BC$10),$AT27*$U$11,0)+IF(AND($AD27>BB$10,$AD27<=BC$10),$AT27*$AD$11,0)+IF(AND($AK27>BB$10,$AK27<=BC$10),$AT27*$AK$11,0)+IF(AND($AP27>BB$10,$AP27<=BC$10),$AT27*$AP$11,0) -> 0 | BD27: =IF(AND($U27>BC$10,$U27<=BD$10),$AT27*$U$11,0)+IF(AND($AD27>BC$10,$AD27<=BD$10),$AT27*$AD$11,0)+IF(AND($AK27>BC$10,$AK27<=BD$10),$AT27*$AK$11,0)+IF(AND($AP27>BC$10,$AP27<=BD$10),$AT27*$AP$11,0) -> 0 | BE27: =IF(AND($U27>BD$10,$U27<=BE$10),$AT27*$U$11,0)+IF(AND($AD27>BD$10,$AD27<=BE$10),$AT27*$AD$11,0)+IF(AND($AK27>BD$10,$AK27<=BE$10),$AT27*$AK$11,0)+IF(AND($AP27>BD$10,$AP27<=BE$10),$AT27*$AP$11,0) -> 0 | BF27: =IF(AND($U27>BE$10,$U27<=BF$10),$AT27*$U$11,0)+IF(AND($AD27>BE$10,$AD27<=BF$10),$AT27*$AD$11,0)+IF(AND($AK27>BE$10,$AK27<=BF$10),$AT27*$AK$11,0)+IF(AND($AP27>BE$10,$AP27<=BF$10),$AT27*$AP$11,0) -> 0 | BG27: =IF(AND($U27>BF$10,$U27<=BG$10),$AT27*$U$11,0)+IF(AND($AD27>BF$10,$AD27<=BG$10),$AT27*$AD$11,0)+IF(AND($AK27>BF$10,$AK27<=BG$10),$AT27*$AK$11,0)+IF(AND($AP27>BF$10,$AP27<=BG$10),$AT27*$AP$11,0) -> 0 | BH27: =IF(AND($U27>BG$10,$U27<=BH$10),$AT27*$U$11,0)+IF(AND($AD27>BG$10,$AD27<=BH$10),$AT27*$AD$11,0)+IF(AND($AK27>BG$10,$AK27<=BH$10),$AT27*$AK$11,0)+IF(AND($AP27>BG$10,$AP27<=BH$10),$AT27*$AP$11,0) -> 0 | BI27: =IF(AND($U27>BH$10,$U27<=BI$10),$AT27*$U$11,0)+IF(AND($AD27>BH$10,$AD27<=BI$10),$AT27*$AD$11,0)+IF(AND($AK27>BH$10,$AK27<=BI$10),$AT27*$AK$11,0)+IF(AND($AP27>BH$10,$AP27<=BI$10),$AT27*$AP$11,0) -> 0 | ... FR27: =IF(AND($U27>FQ$10,$U27<=FR$10),$AT27*$U$11,0)+IF(AND($AD27>FQ$10,$AD27<=FR$10),$AT27*$AD$11,0)+IF(AND($AK27>FQ$10,$AK27<=FR$10),$AT27*$AK$11,0)+IF(AND($AP27>FQ$10,$AP27<=FR$10),$AT27*$AP$11,0) -> 0 | FT27: =IF(AND($V27>FS$10,$V27<=FT$10),$AT27*$U$11,0)+IF(AND($AE27>FS$10,$AE27<=FT$10),$AT27*$AD$11,0)+IF(AND($AL27>FS$10,$AL27<=FT$10),$AT27*$AK$11,0)+IF(AND($AQ27>FS$10,$AQ27<=FT$10),$AT27*$AP$11,0) -> 0 | FU27: =IF(AND($V27>FT$10,$V27<=FU$10),$AT27*$U$11,0)+IF(AND($AE27>FT$10,$AE27<=FU$10),$AT27*$AD$11,0)+IF(AND($AL27>FT$10,$AL27<=FU$10),$AT27*$AK$11,0)+IF(AND($AQ27>FT$10,$AQ27<=FU$10),$AT27*$AP$11,0) -> 0 | FV27: =IF(AND($V27>FU$10,$V27<=FV$10),$AT27*$U$11,0)+IF(AND($AE27>FU$10,$AE27<=FV$10),$AT27*$AD$11,0)+IF(AND($AL27>FU$10,$AL27<=FV$10),$AT27*$AK$11,0)+IF(AND($AQ27>FU$10,$AQ27<=FV$10),$AT27*$AP$11,0) -> 0 | FW27: =IF(AND($V27>FV$10,$V27<=FW$10),$AT27*$U$11,0)+IF(AND($AE27>FV$10,$AE27<=FW$10),$AT27*$AD$11,0)+IF(AND($AL27>FV$10,$AL27<=FW$10),$AT27*$AK$11,0)+IF(AND($AQ27>FV$10,$AQ27<=FW$10),$AT27*$AP$11,0) -> 0 | FX27: =IF(AND($V27>FW$10,$V27<=FX$10),$AT27*$U$11,0)+IF(AND($AE27>FW$10,$AE27<=FX$10),$AT27*$AD$11,0)+IF(AND($AL27>FW$10,$AL27<=FX$10),$AT27*$AK$11,0)+IF(AND($AQ27>FW$10,$AQ27<=FX$10),$AT27*$AP$11,0) -> 0 | FY27: =IF(AND($V27>FX$10,$V27<=FY$10),$AT27*$U$11,0)+IF(AND($AE27>FX$10,$AE27<=FY$10),$AT27*$AD$11,0)+IF(AND($AL27>FX$10,$AL27<=FY$10),$AT27*$AK$11,0)+IF(AND($AQ27>FX$10,$AQ27<=FY$10),$AT27*$AP$11,0) -> 0 | FZ27: =IF(AND($V27>FY$10,$V27<=FZ$10),$AT27*$U$11,0)+IF(AND($AE27>FY$10,$AE27<=FZ$10),$AT27*$AD$11,0)+IF(AND($AL27>FY$10,$AL27<=FZ$10),$AT27*$AK$11,0)+IF(AND($AQ27>FY$10,$AQ27<=FZ$10),$AT27*$AP$11,0) -> 0 | GA27: =IF(AND($V27>FZ$10,$V27<=GA$10),$AT27*$U$11,0)+IF(AND($AE27>FZ$10,$AE27<=GA$10),$AT27*$AD$11,0)+IF(AND($AL27>FZ$10,$AL27<=GA$10),$AT27*$AK$11,0)+IF(AND($AQ27>FZ$10,$AQ27<=GA$10),$AT27*$AP$11,0) -> 0 | ... KB27: =IF(AND($V27>KA$10,$V27<=KB$10),$AT27*$U$11,0)+IF(AND($AE27>KA$10,$AE27<=KB$10),$AT27*$AD$11,0)+IF(AND($AL27>KA$10,$AL27<=KB$10),$AT27*$AK$11,0)+IF(AND($AQ27>KA$10,$AQ27<=KB$10),$AT27*$AP$11,0) -> 0 | KC27: =IF(AND($U27>KB$10,$U27<=KC$10),$AT27*$U$11,0)+IF(AND($AD27>KB$10,$AD27<=KC$10),$AT27*$AD$11,0)+IF(AND($AK27>KB$10,$AK27<=KC$10),$AT27*$AK$11,0)+IF(AND($AP27>KB$10,$AP27<=KC$10),$AT27*$AP$11,0) -> 0 | KD27: =IF(AND($U27>KC$10,$U27<=KD$10),$AT27*$U$11,0)+IF(AND($AD27>KC$10,$AD27<=KD$10),$AT27*$AD$11,0)+IF(AND($AK27>KC$10,$AK27<=KD$10),$AT27*$AK$11,0)+IF(AND($AP27>KC$10,$AP27<=KD$10),$AT27*$AP$11,0) -> 0 | KE27: =IF(AND($U27>KD$10,$U27<=KE$10),$AT27*$U$11,0)+IF(AND($AD27>KD$10,$AD27<=KE$10),$AT27*$AD$11,0)+IF(AND($AK27>KD$10,$AK27<=KE$10),$AT27*$AK$11,0)+IF(AND($AP27>KD$10,$AP27<=KE$10),$AT27*$AP$11,0) -> 0 | KF27: =IF(AND($U27>KE$10,$U27<=KF$10),$AT27*$U$11,0)+IF(AND($AD27>KE$10,$AD27<=KF$10),$AT27*$AD$11,0)+IF(AND($AK27>KE$10,$AK27<=KF$10),$AT27*$AK$11,0)+IF(AND($AP27>KE$10,$AP27<=KF$10),$AT27*$AP$11,0) -> 0 | KG27: =IF(AND($U27>KF$10,$U27<=KG$10),$AT27*$U$11,0)+IF(AND($AD27>KF$10,$AD27<=KG$10),$AT27*$AD$11,0)+IF(AND($AK27>KF$10,$AK27<=KG$10),$AT27*$AK$11,0)+IF(AND($AP27>KF$10,$AP27<=KG$10),$AT27*$AP$11,0) -> 0 | KH27: =IF(AND($U27>KG$10,$U27<=KH$10),$AT27*$U$11,0)+IF(AND($AD27>KG$10,$AD27<=KH$10),$AT27*$AD$11,0)+IF(AND($AK27>KG$10,$AK27<=KH$10),$AT27*$AK$11,0)+IF(AND($AP27>KG$10,$AP27<=KH$10),$AT27*$AP$11,0) -> 0 | KI27: =IF(AND($U27>KH$10,$U27<=KI$10),$AT27*$U$11,0)+IF(AND($AD27>KH$10,$AD27<=KI$10),$AT27*$AD$11,0)+IF(AND($AK27>KH$10,$AK27<=KI$10),$AT27*$AK$11,0)+IF(AND($AP27>KH$10,$AP27<=KI$10),$AT27*$AP$11,0) -> 0 | KJ27: =IF(AND($U27>KI$10,$U27<=KJ$10),$AT27*$U$11,0)+IF(AND($AD27>KI$10,$AD27<=KJ$10),$AT27*$AD$11,0)+IF(AND($AK27>KI$10,$AK27<=KJ$10),$AT27*$AK$11,0)+IF(AND($AP27>KI$10,$AP27<=KJ$10),$AT27*$AP$11,0) -> 0 | KL27: =IF(AND($W27>KK$10,$W27<=KL$10),$AT27*$U$11,0)+IF(AND($AF27>KK$10,$AF27<=KL$10),$AT27*$AD$11,0)+IF(AND($AO27>KK$10,$AO27<=KL$10),$AT27*$AK$11,0)+IF(AND($AR27>KK$10,$AR27<=KL$10),$AT27*$AP$11,0) -> 0 | KM27: =IF(AND($W27>KL$10,$W27<=KM$10),$AT27*$U$11,0)+IF(AND($AF27>KL$10,$AF27<=KM$10),$AT27*$AD$11,0)+IF(AND($AO27>KL$10,$AO27<=KM$10),$AT27*$AK$11,0)+IF(AND($AR27>KL$10,$AR27<=KM$10),$AT27*$AP$11,0) -> 0 | KN27: =IF(AND($W27>KM$10,$W27<=KN$10),$AT27*$U$11,0)+IF(AND($AF27>KM$10,$AF27<=KN$10),$AT27*$AD$11,0)+IF(AND($AO27>KM$10,$AO27<=KN$10),$AT27*$AK$11,0)+IF(AND($AR27>KM$10,$AR27<=KN$10),$AT27*$AP$11,0) -> 0 | KO27: =IF(AND($W27>KN$10,$W27<=KO$10),$AT27*$U$11,0)+IF(AND($AF27>KN$10,$AF27<=KO$10),$AT27*$AD$11,0)+IF(AND($AO27>KN$10,$AO27<=KO$10),$AT27*$AK$11,0)+IF(AND($AR27>KN$10,$AR27<=KO$10),$AT27*$AP$11,0) -> 0 | KP27: =IF(AND($W27>KO$10,$W27<=KP$10),$AT27*$U$11,0)+IF(AND($AF27>KO$10,$AF27<=KP$10),$AT27*$AD$11,0)+IF(AND($AO27>KO$10,$AO27<=KP$10),$AT27*$AK$11,0)+IF(AND($AR27>KO$10,$AR27<=KP$10),$AT27*$AP$11,0) -> 0 | KQ27: =IF(AND($W27>KP$10,$W27<=KQ$10),$AT27*$U$11,0)+IF(AND($AF27>KP$10,$AF27<=KQ$10),$AT27*$AD$11,0)+IF(AND($AO27>KP$10,$AO27<=KQ$10),$AT27*$AK$11,0)+IF(AND($AR27>KP$10,$AR27<=KQ$10),$AT27*$AP$11,0) -> 0 | KR27: =IF(AND($W27>KQ$10,$W27<=KR$10),$AT27*$U$11,0)+IF(AND($AF27>KQ$10,$AF27<=KR$10),$AT27*$AD$11,0)+IF(AND($AO27>KQ$10,$AO27<=KR$10),$AT27*$AK$11,0)+IF(AND($AR27>KQ$10,$AR27<=KR$10),$AT27*$AP$11,0) -> 0 | KS27: =IF(AND($W27>KR$10,$W27<=KS$10),$AT27*$U$11,0)+IF(AND($AF27>KR$10,$AF27<=KS$10),$AT27*$AD$11,0)+IF(AND($AO27>KR$10,$AO27<=KS$10),$AT27*$AK$11,0)+IF(AND($AR27>KR$10,$AR27<=KS$10),$AT27*$AP$11,0) -> 0 | ... PB27: =IF(AND($W27>PA$10,$W27<=PB$10),$AT27*$U$11,0)+IF(AND($AF27>PA$10,$AF27<=PB$10),$AT27*$AD$11,0)+IF(AND($AO27>PA$10,$AO27<=PB$10),$AT27*$AK$11,0)+IF(AND($AR27>PA$10,$AR27<=PB$10),$AT27*$AP$11,0) -> 0 | PD27: =VLOOKUP($I27,[1]IFR!$B$10:$AQ$1616,1,0) -> #N/A | PE27: =INT(VLOOKUP($I27,[1]IFR!$B$10:$AQ$1616,20,0)) -> #N/A | PF27: =VLOOKUP($I27,[1]IFA!$B$10:$AQ$694,1,0) -> #N/A | PG27: =INT(VLOOKUP($I27,[1]IFA!$B$10:$AQ$694,20,0)) -> #N/A | PH27: =VLOOKUP($I27,[1]IFC!$B$10:$AQ$702,1,0) -> #N/A | PI27: =INT(VLOOKUP($I27,[1]IFC!$B$10:$AQ$702,20,0)) -> #N/A | PJ27: =VLOOKUP($I27,[1]IFC!$B$10:$AQ$702,17,0) -> #N/A | PK27: =VLOOKUP($I27,[1]IFC!$B$10:$AQ$702,33,0) -> #N/A | PL27: =VLOOKUP($I27,[1]IFC!$B$10:$AQ$702,32,0) -> #N/A | PM27: =INT(VLOOKUP($I27,[1]IFC!$B$10:$AQ$702,37,0)) -> #N/A
A28: 18 | B28: =IF(J28<>"",MAX(B$14:B27)+1,"") -> 13 | C28: IPX | D28: PRO | E28: RPT | F28: 9001 | G28: docx | I28: =CONCATENATE("MM-",$D$6,"-",$D$7,"-",C28,"-",D28,"-",E28,"-",F28) -> MM-ZTK-1F-IPX-PRO-RPT-9001 | J28: Pipeline Flow Assurance - Steady State Analysis (IP20, IP21, IP22, IP23) | M28: R1 | N28: =VLOOKUP(I28,'MS Project'!$B$6:$F$189,5,FALSE)+7 -> 46191 | O28: =N28+7 -> 46198 | P28: =O28+3 -> 46201 | Q28: A1 | R28: =P28+2 -> 46203 | S28: =R28+2 -> 46205 | T28: =S28+3 -> 46208 | U28: =T28+1 -> 46209 | V28: 46199 | W28: =V28 -> 46199 | X28: =U28+14 -> 46223 | Y28: =X28+2 -> 46225 | Z28: B1 | AA28: =Y28+4 -> 46229 | AB28: =AA28+3 -> 46232 | AC28: =AB28+4 -> 46236 | AD28: =AC28+1 -> 46237 | AE28: 46220 | AF28: 46237 | AG28: =AD28+14 -> 46251 | AH28: =AG28+2 -> 46253 | AI28: C1 | AJ28: =AH28+4 -> 46257 | AK28: =AJ28+1 -> 46258 | AL28: 46251 | AM28: =AK28+14 -> 46272 | AO28: =AK28 -> 46258 | AP28: =AM28 -> 46272 | AQ28: 46262 | AR28: =AP28 -> 46272 | AS28: 1 | AT28: =AS28/$AS$11 -> 0.0081967213 | AU28: =IF($U28>0,IF($U28<=$AV$7,$AT28*$U$11,0))+IF($AD28>0,IF($AD28<=$AV$7,$AT28*$AD$11,0))+IF($AK28>0,IF($AK28<=$AV$7,$AT28*$AK$11,0))+IF($AP28>0,IF($AP28<=$AV$7,$AT28*$AP$11,0)) -> 0.006557377 | AV28: =IF($V28>0,IF($V28<=$AV$7,$AT28*$U$11,0))+IF($AE28>0,IF($AE28<=$AV$7,$AT28*$AD$11,0))+IF($AL28>0,IF($AL28<=$AV$7,$AT28*$AK$11,0))+IF($AQ28>0,IF($AQ28<=$AV$7,$AT28*$AP$11,0)) -> 0.0081967213 | AW28: =AV28-AU28 -> 0.0016393443 | AX28: =IF($U28>0,IF($U28<=$AZ$7,$AT28*$U$11,0))+IF($AD28>0,IF($AD28<=$AZ$7,$AT28*$AD$11,0))+IF($AK28>0,IF($AK28<=$AZ$7,$AT28*$AK$11,0))+IF($AP28>0,IF($AP28<=$AZ$7,$AT28*$AP$11,0)) -> 0.0081967213 | AY28: =IF($V28>0,IF($V28<=$AZ$7,$AT28*$U$11,0))+IF($AE28>0,IF($AE28<=$AZ$7,$AT28*$AD$11,0))+IF($AL28>0,IF($AL28<=$AZ$7,$AT28*$AK$11,0))+IF($AQ28>0,IF($AQ28<=$AZ$7,$AT28*$AP$11,0)) -> 0.0081967213 | AZ28: =AY28-AX28 -> 0 | BB28: =IF(AND($U28>BA$10,$U28<=BB$10),$AT28*$U$11,0)+IF(AND($AD28>BA$10,$AD28<=BB$10),$AT28*$AD$11,0)+IF(AND($AK28>BA$10,$AK28<=BB$10),$AT28*$AK$11,0)+IF(AND($AP28>BA$10,$AP28<=BB$10),$AT28*$AP$11,0) -> 0 | BC28: =IF(AND($U28>BB$10,$U28<=BC$10),$AT28*$U$11,0)+IF(AND($AD28>BB$10,$AD28<=BC$10),$AT28*$AD$11,0)+IF(AND($AK28>BB$10,$AK28<=BC$10),$AT28*$AK$11,0)+IF(AND($AP28>BB$10,$AP28<=BC$10),$AT28*$AP$11,0) -> 0 | BD28: =IF(AND($U28>BC$10,$U28<=BD$10),$AT28*$U$11,0)+IF(AND($AD28>BC$10,$AD28<=BD$10),$AT28*$AD$11,0)+IF(AND($AK28>BC$10,$AK28<=BD$10),$AT28*$AK$11,0)+IF(AND($AP28>BC$10,$AP28<=BD$10),$AT28*$AP$11,0) -> 0 | BE28: =IF(AND($U28>BD$10,$U28<=BE$10),$AT28*$U$11,0)+IF(AND($AD28>BD$10,$AD28<=BE$10),$AT28*$AD$11,0)+IF(AND($AK28>BD$10,$AK28<=BE$10),$AT28*$AK$11,0)+IF(AND($AP28>BD$10,$AP28<=BE$10),$AT28*$AP$11,0) -> 0 | BF28: =IF(AND($U28>BE$10,$U28<=BF$10),$AT28*$U$11,0)+IF(AND($AD28>BE$10,$AD28<=BF$10),$AT28*$AD$11,0)+IF(AND($AK28>BE$10,$AK28<=BF$10),$AT28*$AK$11,0)+IF(AND($AP28>BE$10,$AP28<=BF$10),$AT28*$AP$11,0) -> 0 | BG28: =IF(AND($U28>BF$10,$U28<=BG$10),$AT28*$U$11,0)+IF(AND($AD28>BF$10,$AD28<=BG$10),$AT28*$AD$11,0)+IF(AND($AK28>BF$10,$AK28<=BG$10),$AT28*$AK$11,0)+IF(AND($AP28>BF$10,$AP28<=BG$10),$AT28*$AP$11,0) -> 0 | BH28: =IF(AND($U28>BG$10,$U28<=BH$10),$AT28*$U$11,0)+IF(AND($AD28>BG$10,$AD28<=BH$10),$AT28*$AD$11,0)+IF(AND($AK28>BG$10,$AK28<=BH$10),$AT28*$AK$11,0)+IF(AND($AP28>BG$10,$AP28<=BH$10),$AT28*$AP$11,0) -> 0 | BI28: =IF(AND($U28>BH$10,$U28<=BI$10),$AT28*$U$11,0)+IF(AND($AD28>BH$10,$AD28<=BI$10),$AT28*$AD$11,0)+IF(AND($AK28>BH$10,$AK28<=BI$10),$AT28*$AK$11,0)+IF(AND($AP28>BH$10,$AP28<=BI$10),$AT28*$AP$11,0) -> 0 | ... FR28: =IF(AND($U28>FQ$10,$U28<=FR$10),$AT28*$U$11,0)+IF(AND($AD28>FQ$10,$AD28<=FR$10),$AT28*$AD$11,0)+IF(AND($AK28>FQ$10,$AK28<=FR$10),$AT28*$AK$11,0)+IF(AND($AP28>FQ$10,$AP28<=FR$10),$AT28*$AP$11,0) -> 0 | FT28: =IF(AND($V28>FS$10,$V28<=FT$10),$AT28*$U$11,0)+IF(AND($AE28>FS$10,$AE28<=FT$10),$AT28*$AD$11,0)+IF(AND($AL28>FS$10,$AL28<=FT$10),$AT28*$AK$11,0)+IF(AND($AQ28>FS$10,$AQ28<=FT$10),$AT28*$AP$11,0) -> 0 | FU28: =IF(AND($V28>FT$10,$V28<=FU$10),$AT28*$U$11,0)+IF(AND($AE28>FT$10,$AE28<=FU$10),$AT28*$AD$11,0)+IF(AND($AL28>FT$10,$AL28<=FU$10),$AT28*$AK$11,0)+IF(AND($AQ28>FT$10,$AQ28<=FU$10),$AT28*$AP$11,0) -> 0 | FV28: =IF(AND($V28>FU$10,$V28<=FV$10),$AT28*$U$11,0)+IF(AND($AE28>FU$10,$AE28<=FV$10),$AT28*$AD$11,0)+IF(AND($AL28>FU$10,$AL28<=FV$10),$AT28*$AK$11,0)+IF(AND($AQ28>FU$10,$AQ28<=FV$10),$AT28*$AP$11,0) -> 0 | FW28: =IF(AND($V28>FV$10,$V28<=FW$10),$AT28*$U$11,0)+IF(AND($AE28>FV$10,$AE28<=FW$10),$AT28*$AD$11,0)+IF(AND($AL28>FV$10,$AL28<=FW$10),$AT28*$AK$11,0)+IF(AND($AQ28>FV$10,$AQ28<=FW$10),$AT28*$AP$11,0) -> 0 | FX28: =IF(AND($V28>FW$10,$V28<=FX$10),$AT28*$U$11,0)+IF(AND($AE28>FW$10,$AE28<=FX$10),$AT28*$AD$11,0)+IF(AND($AL28>FW$10,$AL28<=FX$10),$AT28*$AK$11,0)+IF(AND($AQ28>FW$10,$AQ28<=FX$10),$AT28*$AP$11,0) -> 0 | FY28: =IF(AND($V28>FX$10,$V28<=FY$10),$AT28*$U$11,0)+IF(AND($AE28>FX$10,$AE28<=FY$10),$AT28*$AD$11,0)+IF(AND($AL28>FX$10,$AL28<=FY$10),$AT28*$AK$11,0)+IF(AND($AQ28>FX$10,$AQ28<=FY$10),$AT28*$AP$11,0) -> 0 | FZ28: =IF(AND($V28>FY$10,$V28<=FZ$10),$AT28*$U$11,0)+IF(AND($AE28>FY$10,$AE28<=FZ$10),$AT28*$AD$11,0)+IF(AND($AL28>FY$10,$AL28<=FZ$10),$AT28*$AK$11,0)+IF(AND($AQ28>FY$10,$AQ28<=FZ$10),$AT28*$AP$11,0) -> 0 | GA28: =IF(AND($V28>FZ$10,$V28<=GA$10),$AT28*$U$11,0)+IF(AND($AE28>FZ$10,$AE28<=GA$10),$AT28*$AD$11,0)+IF(AND($AL28>FZ$10,$AL28<=GA$10),$AT28*$AK$11,0)+IF(AND($AQ28>FZ$10,$AQ28<=GA$10),$AT28*$AP$11,0) -> 0 | ... KB28: =IF(AND($V28>KA$10,$V28<=KB$10),$AT28*$U$11,0)+IF(AND($AE28>KA$10,$AE28<=KB$10),$AT28*$AD$11,0)+IF(AND($AL28>KA$10,$AL28<=KB$10),$AT28*$AK$11,0)+IF(AND($AQ28>KA$10,$AQ28<=KB$10),$AT28*$AP$11,0) -> 0 | KC28: =IF(AND($U28>KB$10,$U28<=KC$10),$AT28*$U$11,0)+IF(AND($AD28>KB$10,$AD28<=KC$10),$AT28*$AD$11,0)+IF(AND($AK28>KB$10,$AK28<=KC$10),$AT28*$AK$11,0)+IF(AND($AP28>KB$10,$AP28<=KC$10),$AT28*$AP$11,0) -> 0 | KD28: =IF(AND($U28>KC$10,$U28<=KD$10),$AT28*$U$11,0)+IF(AND($AD28>KC$10,$AD28<=KD$10),$AT28*$AD$11,0)+IF(AND($AK28>KC$10,$AK28<=KD$10),$AT28*$AK$11,0)+IF(AND($AP28>KC$10,$AP28<=KD$10),$AT28*$AP$11,0) -> 0 | KE28: =IF(AND($U28>KD$10,$U28<=KE$10),$AT28*$U$11,0)+IF(AND($AD28>KD$10,$AD28<=KE$10),$AT28*$AD$11,0)+IF(AND($AK28>KD$10,$AK28<=KE$10),$AT28*$AK$11,0)+IF(AND($AP28>KD$10,$AP28<=KE$10),$AT28*$AP$11,0) -> 0 | KF28: =IF(AND($U28>KE$10,$U28<=KF$10),$AT28*$U$11,0)+IF(AND($AD28>KE$10,$AD28<=KF$10),$AT28*$AD$11,0)+IF(AND($AK28>KE$10,$AK28<=KF$10),$AT28*$AK$11,0)+IF(AND($AP28>KE$10,$AP28<=KF$10),$AT28*$AP$11,0) -> 0 | KG28: =IF(AND($U28>KF$10,$U28<=KG$10),$AT28*$U$11,0)+IF(AND($AD28>KF$10,$AD28<=KG$10),$AT28*$AD$11,0)+IF(AND($AK28>KF$10,$AK28<=KG$10),$AT28*$AK$11,0)+IF(AND($AP28>KF$10,$AP28<=KG$10),$AT28*$AP$11,0) -> 0 | KH28: =IF(AND($U28>KG$10,$U28<=KH$10),$AT28*$U$11,0)+IF(AND($AD28>KG$10,$AD28<=KH$10),$AT28*$AD$11,0)+IF(AND($AK28>KG$10,$AK28<=KH$10),$AT28*$AK$11,0)+IF(AND($AP28>KG$10,$AP28<=KH$10),$AT28*$AP$11,0) -> 0 | KI28: =IF(AND($U28>KH$10,$U28<=KI$10),$AT28*$U$11,0)+IF(AND($AD28>KH$10,$AD28<=KI$10),$AT28*$AD$11,0)+IF(AND($AK28>KH$10,$AK28<=KI$10),$AT28*$AK$11,0)+IF(AND($AP28>KH$10,$AP28<=KI$10),$AT28*$AP$11,0) -> 0 | KJ28: =IF(AND($U28>KI$10,$U28<=KJ$10),$AT28*$U$11,0)+IF(AND($AD28>KI$10,$AD28<=KJ$10),$AT28*$AD$11,0)+IF(AND($AK28>KI$10,$AK28<=KJ$10),$AT28*$AK$11,0)+IF(AND($AP28>KI$10,$AP28<=KJ$10),$AT28*$AP$11,0) -> 0 | KL28: =IF(AND($W28>KK$10,$W28<=KL$10),$AT28*$U$11,0)+IF(AND($AF28>KK$10,$AF28<=KL$10),$AT28*$AD$11,0)+IF(AND($AO28>KK$10,$AO28<=KL$10),$AT28*$AK$11,0)+IF(AND($AR28>KK$10,$AR28<=KL$10),$AT28*$AP$11,0) -> 0 | KM28: =IF(AND($W28>KL$10,$W28<=KM$10),$AT28*$U$11,0)+IF(AND($AF28>KL$10,$AF28<=KM$10),$AT28*$AD$11,0)+IF(AND($AO28>KL$10,$AO28<=KM$10),$AT28*$AK$11,0)+IF(AND($AR28>KL$10,$AR28<=KM$10),$AT28*$AP$11,0) -> 0 | KN28: =IF(AND($W28>KM$10,$W28<=KN$10),$AT28*$U$11,0)+IF(AND($AF28>KM$10,$AF28<=KN$10),$AT28*$AD$11,0)+IF(AND($AO28>KM$10,$AO28<=KN$10),$AT28*$AK$11,0)+IF(AND($AR28>KM$10,$AR28<=KN$10),$AT28*$AP$11,0) -> 0 | KO28: =IF(AND($W28>KN$10,$W28<=KO$10),$AT28*$U$11,0)+IF(AND($AF28>KN$10,$AF28<=KO$10),$AT28*$AD$11,0)+IF(AND($AO28>KN$10,$AO28<=KO$10),$AT28*$AK$11,0)+IF(AND($AR28>KN$10,$AR28<=KO$10),$AT28*$AP$11,0) -> 0 | KP28: =IF(AND($W28>KO$10,$W28<=KP$10),$AT28*$U$11,0)+IF(AND($AF28>KO$10,$AF28<=KP$10),$AT28*$AD$11,0)+IF(AND($AO28>KO$10,$AO28<=KP$10),$AT28*$AK$11,0)+IF(AND($AR28>KO$10,$AR28<=KP$10),$AT28*$AP$11,0) -> 0 | KQ28: =IF(AND($W28>KP$10,$W28<=KQ$10),$AT28*$U$11,0)+IF(AND($AF28>KP$10,$AF28<=KQ$10),$AT28*$AD$11,0)+IF(AND($AO28>KP$10,$AO28<=KQ$10),$AT28*$AK$11,0)+IF(AND($AR28>KP$10,$AR28<=KQ$10),$AT28*$AP$11,0) -> 0 | KR28: =IF(AND($W28>KQ$10,$W28<=KR$10),$AT28*$U$11,0)+IF(AND($AF28>KQ$10,$AF28<=KR$10),$AT28*$AD$11,0)+IF(AND($AO28>KQ$10,$AO28<=KR$10),$AT28*$AK$11,0)+IF(AND($AR28>KQ$10,$AR28<=KR$10),$AT28*$AP$11,0) -> 0 | KS28: =IF(AND($W28>KR$10,$W28<=KS$10),$AT28*$U$11,0)+IF(AND($AF28>KR$10,$AF28<=KS$10),$AT28*$AD$11,0)+IF(AND($AO28>KR$10,$AO28<=KS$10),$AT28*$AK$11,0)+IF(AND($AR28>KR$10,$AR28<=KS$10),$AT28*$AP$11,0) -> 0 | ... PB28: =IF(AND($W28>PA$10,$W28<=PB$10),$AT28*$U$11,0)+IF(AND($AF28>PA$10,$AF28<=PB$10),$AT28*$AD$11,0)+IF(AND($AO28>PA$10,$AO28<=PB$10),$AT28*$AK$11,0)+IF(AND($AR28>PA$10,$AR28<=PB$10),$AT28*$AP$11,0) -> 0 | PD28: =VLOOKUP($I28,[1]IFR!$B$10:$AQ$1616,1,0) -> MM-ZTK-1F-IPX-PRO-RPT-9001 | PE28: =INT(VLOOKUP($I28,[1]IFR!$B$10:$AQ$1616,20,0)) -> 46199 | PF28: =VLOOKUP($I28,[1]IFA!$B$10:$AQ$694,1,0) -> MM-ZTK-1F-IPX-PRO-RPT-9001 | PG28: =INT(VLOOKUP($I28,[1]IFA!$B$10:$AQ$694,20,0)) -> 46219 | PH28: =VLOOKUP($I28,[1]IFC!$B$10:$AQ$702,1,0) -> MM-ZTK-1F-IPX-PRO-RPT-9001 | PI28: =INT(VLOOKUP($I28,[1]IFC!$B$10:$AQ$702,20,0)) -> 46251 | PJ28: =VLOOKUP($I28,[1]IFC!$B$10:$AQ$702,17,0) -> AFC | PK28: =VLOOKUP($I28,[1]IFC!$B$10:$AQ$702,33,0) -> Approved | PL28: =VLOOKUP($I28,[1]IFC!$B$10:$AQ$702,32,0) -> APPR | PM28: =INT(VLOOKUP($I28,[1]IFC!$B$10:$AQ$702,37,0)) -> 46264
A29: 19 | B29: =IF(J29<>"",MAX(B$14:B28)+1,"") -> 14 | C29: IPX | D29: PRO | E29: RPT | F29: 9002 | G29: docx | I29: =CONCATENATE("MM-",$D$6,"-",$D$7,"-",C29,"-",D29,"-",E29,"-",F29) -> MM-ZTK-1F-IPX-PRO-RPT-9002 | J29: Pipeline Flow Assurance -Transient Analysis (IP20, IP21, IP22, IP23) | M29: R1 | N29: =VLOOKUP(I29,'MS Project'!$B$6:$F$189,5,FALSE)+7 -> 46226 | O29: =N29+7 -> 46233 | P29: =O29+3 -> 46236 | Q29: A1 | R29: =P29+2 -> 46238 | S29: =R29+2 -> 46240 | T29: =S29+3 -> 46243 | U29: =T29+1 -> 46244 | V29: 46212 | W29: 46244 | X29: =U29+14 -> 46258 | Y29: =X29+2 -> 46260 | Z29: B1 | AA29: =Y29+4 -> 46264 | AB29: =AA29+3 -> 46267 | AC29: =AB29+4 -> 46271 | AD29: =AC29+1 -> 46272 | AE29: 46244 | AF29: 46272 | AG29: =AD29+14 -> 46286 | AH29: =AG29+2 -> 46288 | AI29: C1 | AJ29: =AH29+4 -> 46292 | AK29: =AJ29+1 -> 46293 | AL29: 46261 | AM29: =AK29+14 -> 46307 | AO29: =AK29 -> 46293 | AP29: =AM29 -> 46307 | AQ29: 46272 | AR29: =AP29 -> 46307 | AS29: 1 | AT29: =AS29/$AS$11 -> 0.0081967213 | AU29: =IF($U29>0,IF($U29<=$AV$7,$AT29*$U$11,0))+IF($AD29>0,IF($AD29<=$AV$7,$AT29*$AD$11,0))+IF($AK29>0,IF($AK29<=$AV$7,$AT29*$AK$11,0))+IF($AP29>0,IF($AP29<=$AV$7,$AT29*$AP$11,0)) -> 0.0040983607 | AV29: =IF($V29>0,IF($V29<=$AV$7,$AT29*$U$11,0))+IF($AE29>0,IF($AE29<=$AV$7,$AT29*$AD$11,0))+IF($AL29>0,IF($AL29<=$AV$7,$AT29*$AK$11,0))+IF($AQ29>0,IF($AQ29<=$AV$7,$AT29*$AP$11,0)) -> 0.006557377 | AW29: =AV29-AU29 -> 0.0024590164 | AX29: =IF($U29>0,IF($U29<=$AZ$7,$AT29*$U$11,0))+IF($AD29>0,IF($AD29<=$AZ$7,$AT29*$AD$11,0))+IF($AK29>0,IF($AK29<=$AZ$7,$AT29*$AK$11,0))+IF($AP29>0,IF($AP29<=$AZ$7,$AT29*$AP$11,0)) -> 0.0057377049 | AY29: =IF($V29>0,IF($V29<=$AZ$7,$AT29*$U$11,0))+IF($AE29>0,IF($AE29<=$AZ$7,$AT29*$AD$11,0))+IF($AL29>0,IF($AL29<=$AZ$7,$AT29*$AK$11,0))+IF($AQ29>0,IF($AQ29<=$AZ$7,$AT29*$AP$11,0)) -> 0.0081967213 | AZ29: =AY29-AX29 -> 0.0024590164 | BB29: =IF(AND($U29>BA$10,$U29<=BB$10),$AT29*$U$11,0)+IF(AND($AD29>BA$10,$AD29<=BB$10),$AT29*$AD$11,0)+IF(AND($AK29>BA$10,$AK29<=BB$10),$AT29*$AK$11,0)+IF(AND($AP29>BA$10,$AP29<=BB$10),$AT29*$AP$11,0) -> 0 | BC29: =IF(AND($U29>BB$10,$U29<=BC$10),$AT29*$U$11,0)+IF(AND($AD29>BB$10,$AD29<=BC$10),$AT29*$AD$11,0)+IF(AND($AK29>BB$10,$AK29<=BC$10),$AT29*$AK$11,0)+IF(AND($AP29>BB$10,$AP29<=BC$10),$AT29*$AP$11,0) -> 0 | BD29: =IF(AND($U29>BC$10,$U29<=BD$10),$AT29*$U$11,0)+IF(AND($AD29>BC$10,$AD29<=BD$10),$AT29*$AD$11,0)+IF(AND($AK29>BC$10,$AK29<=BD$10),$AT29*$AK$11,0)+IF(AND($AP29>BC$10,$AP29<=BD$10),$AT29*$AP$11,0) -> 0 | BE29: =IF(AND($U29>BD$10,$U29<=BE$10),$AT29*$U$11,0)+IF(AND($AD29>BD$10,$AD29<=BE$10),$AT29*$AD$11,0)+IF(AND($AK29>BD$10,$AK29<=BE$10),$AT29*$AK$11,0)+IF(AND($AP29>BD$10,$AP29<=BE$10),$AT29*$AP$11,0) -> 0 | BF29: =IF(AND($U29>BE$10,$U29<=BF$10),$AT29*$U$11,0)+IF(AND($AD29>BE$10,$AD29<=BF$10),$AT29*$AD$11,0)+IF(AND($AK29>BE$10,$AK29<=BF$10),$AT29*$AK$11,0)+IF(AND($AP29>BE$10,$AP29<=BF$10),$AT29*$AP$11,0) -> 0 | BG29: =IF(AND($U29>BF$10,$U29<=BG$10),$AT29*$U$11,0)+IF(AND($AD29>BF$10,$AD29<=BG$10),$AT29*$AD$11,0)+IF(AND($AK29>BF$10,$AK29<=BG$10),$AT29*$AK$11,0)+IF(AND($AP29>BF$10,$AP29<=BG$10),$AT29*$AP$11,0) -> 0 | BH29: =IF(AND($U29>BG$10,$U29<=BH$10),$AT29*$U$11,0)+IF(AND($AD29>BG$10,$AD29<=BH$10),$AT29*$AD$11,0)+IF(AND($AK29>BG$10,$AK29<=BH$10),$AT29*$AK$11,0)+IF(AND($AP29>BG$10,$AP29<=BH$10),$AT29*$AP$11,0) -> 0 | BI29: =IF(AND($U29>BH$10,$U29<=BI$10),$AT29*$U$11,0)+IF(AND($AD29>BH$10,$AD29<=BI$10),$AT29*$AD$11,0)+IF(AND($AK29>BH$10,$AK29<=BI$10),$AT29*$AK$11,0)+IF(AND($AP29>BH$10,$AP29<=BI$10),$AT29*$AP$11,0) -> 0 | ... FR29: =IF(AND($U29>FQ$10,$U29<=FR$10),$AT29*$U$11,0)+IF(AND($AD29>FQ$10,$AD29<=FR$10),$AT29*$AD$11,0)+IF(AND($AK29>FQ$10,$AK29<=FR$10),$AT29*$AK$11,0)+IF(AND($AP29>FQ$10,$AP29<=FR$10),$AT29*$AP$11,0) -> 0 | FT29: =IF(AND($V29>FS$10,$V29<=FT$10),$AT29*$U$11,0)+IF(AND($AE29>FS$10,$AE29<=FT$10),$AT29*$AD$11,0)+IF(AND($AL29>FS$10,$AL29<=FT$10),$AT29*$AK$11,0)+IF(AND($AQ29>FS$10,$AQ29<=FT$10),$AT29*$AP$11,0) -> 0 | FU29: =IF(AND($V29>FT$10,$V29<=FU$10),$AT29*$U$11,0)+IF(AND($AE29>FT$10,$AE29<=FU$10),$AT29*$AD$11,0)+IF(AND($AL29>FT$10,$AL29<=FU$10),$AT29*$AK$11,0)+IF(AND($AQ29>FT$10,$AQ29<=FU$10),$AT29*$AP$11,0) -> 0 | FV29: =IF(AND($V29>FU$10,$V29<=FV$10),$AT29*$U$11,0)+IF(AND($AE29>FU$10,$AE29<=FV$10),$AT29*$AD$11,0)+IF(AND($AL29>FU$10,$AL29<=FV$10),$AT29*$AK$11,0)+IF(AND($AQ29>FU$10,$AQ29<=FV$10),$AT29*$AP$11,0) -> 0 | FW29: =IF(AND($V29>FV$10,$V29<=FW$10),$AT29*$U$11,0)+IF(AND($AE29>FV$10,$AE29<=FW$10),$AT29*$AD$11,0)+IF(AND($AL29>FV$10,$AL29<=FW$10),$AT29*$AK$11,0)+IF(AND($AQ29>FV$10,$AQ29<=FW$10),$AT29*$AP$11,0) -> 0 | FX29: =IF(AND($V29>FW$10,$V29<=FX$10),$AT29*$U$11,0)+IF(AND($AE29>FW$10,$AE29<=FX$10),$AT29*$AD$11,0)+IF(AND($AL29>FW$10,$AL29<=FX$10),$AT29*$AK$11,0)+IF(AND($AQ29>FW$10,$AQ29<=FX$10),$AT29*$AP$11,0) -> 0 | FY29: =IF(AND($V29>FX$10,$V29<=FY$10),$AT29*$U$11,0)+IF(AND($AE29>FX$10,$AE29<=FY$10),$AT29*$AD$11,0)+IF(AND($AL29>FX$10,$AL29<=FY$10),$AT29*$AK$11,0)+IF(AND($AQ29>FX$10,$AQ29<=FY$10),$AT29*$AP$11,0) -> 0 | FZ29: =IF(AND($V29>FY$10,$V29<=FZ$10),$AT29*$U$11,0)+IF(AND($AE29>FY$10,$AE29<=FZ$10),$AT29*$AD$11,0)+IF(AND($AL29>FY$10,$AL29<=FZ$10),$AT29*$AK$11,0)+IF(AND($AQ29>FY$10,$AQ29<=FZ$10),$AT29*$AP$11,0) -> 0 | GA29: =IF(AND($V29>FZ$10,$V29<=GA$10),$AT29*$U$11,0)+IF(AND($AE29>FZ$10,$AE29<=GA$10),$AT29*$AD$11,0)+IF(AND($AL29>FZ$10,$AL29<=GA$10),$AT29*$AK$11,0)+IF(AND($AQ29>FZ$10,$AQ29<=GA$10),$AT29*$AP$11,0) -> 0 | ... KB29: =IF(AND($V29>KA$10,$V29<=KB$10),$AT29*$U$11,0)+IF(AND($AE29>KA$10,$AE29<=KB$10),$AT29*$AD$11,0)+IF(AND($AL29>KA$10,$AL29<=KB$10),$AT29*$AK$11,0)+IF(AND($AQ29>KA$10,$AQ29<=KB$10),$AT29*$AP$11,0) -> 0 | KC29: =IF(AND($U29>KB$10,$U29<=KC$10),$AT29*$U$11,0)+IF(AND($AD29>KB$10,$AD29<=KC$10),$AT29*$AD$11,0)+IF(AND($AK29>KB$10,$AK29<=KC$10),$AT29*$AK$11,0)+IF(AND($AP29>KB$10,$AP29<=KC$10),$AT29*$AP$11,0) -> 0 | KD29: =IF(AND($U29>KC$10,$U29<=KD$10),$AT29*$U$11,0)+IF(AND($AD29>KC$10,$AD29<=KD$10),$AT29*$AD$11,0)+IF(AND($AK29>KC$10,$AK29<=KD$10),$AT29*$AK$11,0)+IF(AND($AP29>KC$10,$AP29<=KD$10),$AT29*$AP$11,0) -> 0 | KE29: =IF(AND($U29>KD$10,$U29<=KE$10),$AT29*$U$11,0)+IF(AND($AD29>KD$10,$AD29<=KE$10),$AT29*$AD$11,0)+IF(AND($AK29>KD$10,$AK29<=KE$10),$AT29*$AK$11,0)+IF(AND($AP29>KD$10,$AP29<=KE$10),$AT29*$AP$11,0) -> 0 | KF29: =IF(AND($U29>KE$10,$U29<=KF$10),$AT29*$U$11,0)+IF(AND($AD29>KE$10,$AD29<=KF$10),$AT29*$AD$11,0)+IF(AND($AK29>KE$10,$AK29<=KF$10),$AT29*$AK$11,0)+IF(AND($AP29>KE$10,$AP29<=KF$10),$AT29*$AP$11,0) -> 0 | KG29: =IF(AND($U29>KF$10,$U29<=KG$10),$AT29*$U$11,0)+IF(AND($AD29>KF$10,$AD29<=KG$10),$AT29*$AD$11,0)+IF(AND($AK29>KF$10,$AK29<=KG$10),$AT29*$AK$11,0)+IF(AND($AP29>KF$10,$AP29<=KG$10),$AT29*$AP$11,0) -> 0 | KH29: =IF(AND($U29>KG$10,$U29<=KH$10),$AT29*$U$11,0)+IF(AND($AD29>KG$10,$AD29<=KH$10),$AT29*$AD$11,0)+IF(AND($AK29>KG$10,$AK29<=KH$10),$AT29*$AK$11,0)+IF(AND($AP29>KG$10,$AP29<=KH$10),$AT29*$AP$11,0) -> 0 | KI29: =IF(AND($U29>KH$10,$U29<=KI$10),$AT29*$U$11,0)+IF(AND($AD29>KH$10,$AD29<=KI$10),$AT29*$AD$11,0)+IF(AND($AK29>KH$10,$AK29<=KI$10),$AT29*$AK$11,0)+IF(AND($AP29>KH$10,$AP29<=KI$10),$AT29*$AP$11,0) -> 0 | KJ29: =IF(AND($U29>KI$10,$U29<=KJ$10),$AT29*$U$11,0)+IF(AND($AD29>KI$10,$AD29<=KJ$10),$AT29*$AD$11,0)+IF(AND($AK29>KI$10,$AK29<=KJ$10),$AT29*$AK$11,0)+IF(AND($AP29>KI$10,$AP29<=KJ$10),$AT29*$AP$11,0) -> 0 | KL29: =IF(AND($W29>KK$10,$W29<=KL$10),$AT29*$U$11,0)+IF(AND($AF29>KK$10,$AF29<=KL$10),$AT29*$AD$11,0)+IF(AND($AO29>KK$10,$AO29<=KL$10),$AT29*$AK$11,0)+IF(AND($AR29>KK$10,$AR29<=KL$10),$AT29*$AP$11,0) -> 0 | KM29: =IF(AND($W29>KL$10,$W29<=KM$10),$AT29*$U$11,0)+IF(AND($AF29>KL$10,$AF29<=KM$10),$AT29*$AD$11,0)+IF(AND($AO29>KL$10,$AO29<=KM$10),$AT29*$AK$11,0)+IF(AND($AR29>KL$10,$AR29<=KM$10),$AT29*$AP$11,0) -> 0 | KN29: =IF(AND($W29>KM$10,$W29<=KN$10),$AT29*$U$11,0)+IF(AND($AF29>KM$10,$AF29<=KN$10),$AT29*$AD$11,0)+IF(AND($AO29>KM$10,$AO29<=KN$10),$AT29*$AK$11,0)+IF(AND($AR29>KM$10,$AR29<=KN$10),$AT29*$AP$11,0) -> 0 | KO29: =IF(AND($W29>KN$10,$W29<=KO$10),$AT29*$U$11,0)+IF(AND($AF29>KN$10,$AF29<=KO$10),$AT29*$AD$11,0)+IF(AND($AO29>KN$10,$AO29<=KO$10),$AT29*$AK$11,0)+IF(AND($AR29>KN$10,$AR29<=KO$10),$AT29*$AP$11,0) -> 0 | KP29: =IF(AND($W29>KO$10,$W29<=KP$10),$AT29*$U$11,0)+IF(AND($AF29>KO$10,$AF29<=KP$10),$AT29*$AD$11,0)+IF(AND($AO29>KO$10,$AO29<=KP$10),$AT29*$AK$11,0)+IF(AND($AR29>KO$10,$AR29<=KP$10),$AT29*$AP$11,0) -> 0 | KQ29: =IF(AND($W29>KP$10,$W29<=KQ$10),$AT29*$U$11,0)+IF(AND($AF29>KP$10,$AF29<=KQ$10),$AT29*$AD$11,0)+IF(AND($AO29>KP$10,$AO29<=KQ$10),$AT29*$AK$11,0)+IF(AND($AR29>KP$10,$AR29<=KQ$10),$AT29*$AP$11,0) -> 0 | KR29: =IF(AND($W29>KQ$10,$W29<=KR$10),$AT29*$U$11,0)+IF(AND($AF29>KQ$10,$AF29<=KR$10),$AT29*$AD$11,0)+IF(AND($AO29>KQ$10,$AO29<=KR$10),$AT29*$AK$11,0)+IF(AND($AR29>KQ$10,$AR29<=KR$10),$AT29*$AP$11,0) -> 0 | KS29: =IF(AND($W29>KR$10,$W29<=KS$10),$AT29*$U$11,0)+IF(AND($AF29>KR$10,$AF29<=KS$10),$AT29*$AD$11,0)+IF(AND($AO29>KR$10,$AO29<=KS$10),$AT29*$AK$11,0)+IF(AND($AR29>KR$10,$AR29<=KS$10),$AT29*$AP$11,0) -> 0 | ... PB29: =IF(AND($W29>PA$10,$W29<=PB$10),$AT29*$U$11,0)+IF(AND($AF29>PA$10,$AF29<=PB$10),$AT29*$AD$11,0)+IF(AND($AO29>PA$10,$AO29<=PB$10),$AT29*$AK$11,0)+IF(AND($AR29>PA$10,$AR29<=PB$10),$AT29*$AP$11,0) -> 0 | PD29: =VLOOKUP($I29,[1]IFR!$B$10:$AQ$1616,1,0) -> MM-ZTK-1F-IPX-PRO-RPT-9002 | PE29: =INT(VLOOKUP($I29,[1]IFR!$B$10:$AQ$1616,20,0)) -> 46212 | PF29: =VLOOKUP($I29,[1]IFA!$B$10:$AQ$694,1,0) -> MM-ZTK-1F-IPX-PRO-RPT-9002 | PG29: =INT(VLOOKUP($I29,[1]IFA!$B$10:$AQ$694,20,0)) -> 46244 | PH29: =VLOOKUP($I29,[1]IFC!$B$10:$AQ$702,1,0) -> MM-ZTK-1F-IPX-PRO-RPT-9002 | PI29: =INT(VLOOKUP($I29,[1]IFC!$B$10:$AQ$702,20,0)) -> 46261 | PJ29: =VLOOKUP($I29,[1]IFC!$B$10:$AQ$702,17,0) -> AFC | PK29: =VLOOKUP($I29,[1]IFC!$B$10:$AQ$702,33,0) -> Approved | PL29: =VLOOKUP($I29,[1]IFC!$B$10:$AQ$702,32,0) -> APPR | PM29: =INT(VLOOKUP($I29,[1]IFC!$B$10:$AQ$702,37,0)) -> 46272
A30: 20 | AT30: =AS30/$AS$11 -> 0 | AU30: =IF($U30>0,IF($U30<=$AV$7,$AT30*$U$11,0))+IF($AD30>0,IF($AD30<=$AV$7,$AT30*$AD$11,0))+IF($AK30>0,IF($AK30<=$AV$7,$AT30*$AK$11,0))+IF($AP30>0,IF($AP30<=$AV$7,$AT30*$AP$11,0)) -> 0 | AV30: =IF($V30>0,IF($V30<=$AV$7,$AT30*$U$11,0))+IF($AE30>0,IF($AE30<=$AV$7,$AT30*$AD$11,0))+IF($AL30>0,IF($AL30<=$AV$7,$AT30*$AK$11,0))+IF($AQ30>0,IF($AQ30<=$AV$7,$AT30*$AP$11,0)) -> 0 | AW30: =AV30-AU30 -> 0 | AX30: =IF($U30>0,IF($U30<=$AZ$7,$AT30*$U$11,0))+IF($AD30>0,IF($AD30<=$AZ$7,$AT30*$AD$11,0))+IF($AK30>0,IF($AK30<=$AZ$7,$AT30*$AK$11,0))+IF($AP30>0,IF($AP30<=$AZ$7,$AT30*$AP$11,0)) -> 0 | AY30: =IF($V30>0,IF($V30<=$AZ$7,$AT30*$U$11,0))+IF($AE30>0,IF($AE30<=$AZ$7,$AT30*$AD$11,0))+IF($AL30>0,IF($AL30<=$AZ$7,$AT30*$AK$11,0))+IF($AQ30>0,IF($AQ30<=$AZ$7,$AT30*$AP$11,0)) -> 0 | AZ30: =AY30-AX30 -> 0 | BB30: =IF(AND($U30>BA$10,$U30<=BB$10),$AT30*$U$11,0)+IF(AND($AD30>BA$10,$AD30<=BB$10),$AT30*$AD$11,0)+IF(AND($AK30>BA$10,$AK30<=BB$10),$AT30*$AK$11,0)+IF(AND($AP30>BA$10,$AP30<=BB$10),$AT30*$AP$11,0) -> 0 | BC30: =IF(AND($U30>BB$10,$U30<=BC$10),$AT30*$U$11,0)+IF(AND($AD30>BB$10,$AD30<=BC$10),$AT30*$AD$11,0)+IF(AND($AK30>BB$10,$AK30<=BC$10),$AT30*$AK$11,0)+IF(AND($AP30>BB$10,$AP30<=BC$10),$AT30*$AP$11,0) -> 0 | BD30: =IF(AND($U30>BC$10,$U30<=BD$10),$AT30*$U$11,0)+IF(AND($AD30>BC$10,$AD30<=BD$10),$AT30*$AD$11,0)+IF(AND($AK30>BC$10,$AK30<=BD$10),$AT30*$AK$11,0)+IF(AND($AP30>BC$10,$AP30<=BD$10),$AT30*$AP$11,0) -> 0 | BE30: =IF(AND($U30>BD$10,$U30<=BE$10),$AT30*$U$11,0)+IF(AND($AD30>BD$10,$AD30<=BE$10),$AT30*$AD$11,0)+IF(AND($AK30>BD$10,$AK30<=BE$10),$AT30*$AK$11,0)+IF(AND($AP30>BD$10,$AP30<=BE$10),$AT30*$AP$11,0) -> 0 | BF30: =IF(AND($U30>BE$10,$U30<=BF$10),$AT30*$U$11,0)+IF(AND($AD30>BE$10,$AD30<=BF$10),$AT30*$AD$11,0)+IF(AND($AK30>BE$10,$AK30<=BF$10),$AT30*$AK$11,0)+IF(AND($AP30>BE$10,$AP30<=BF$10),$AT30*$AP$11,0) -> 0 | BG30: =IF(AND($U30>BF$10,$U30<=BG$10),$AT30*$U$11,0)+IF(AND($AD30>BF$10,$AD30<=BG$10),$AT30*$AD$11,0)+IF(AND($AK30>BF$10,$AK30<=BG$10),$AT30*$AK$11,0)+IF(AND($AP30>BF$10,$AP30<=BG$10),$AT30*$AP$11,0) -> 0 | BH30: =IF(AND($U30>BG$10,$U30<=BH$10),$AT30*$U$11,0)+IF(AND($AD30>BG$10,$AD30<=BH$10),$AT30*$AD$11,0)+IF(AND($AK30>BG$10,$AK30<=BH$10),$AT30*$AK$11,0)+IF(AND($AP30>BG$10,$AP30<=BH$10),$AT30*$AP$11,0) -> 0 | BI30: =IF(AND($U30>BH$10,$U30<=BI$10),$AT30*$U$11,0)+IF(AND($AD30>BH$10,$AD30<=BI$10),$AT30*$AD$11,0)+IF(AND($AK30>BH$10,$AK30<=BI$10),$AT30*$AK$11,0)+IF(AND($AP30>BH$10,$AP30<=BI$10),$AT30*$AP$11,0) -> 0 | ... FR30: =IF(AND($U30>FQ$10,$U30<=FR$10),$AT30*$U$11,0)+IF(AND($AD30>FQ$10,$AD30<=FR$10),$AT30*$AD$11,0)+IF(AND($AK30>FQ$10,$AK30<=FR$10),$AT30*$AK$11,0)+IF(AND($AP30>FQ$10,$AP30<=FR$10),$AT30*$AP$11,0) -> 0 | FT30: =IF(AND($V30>FS$10,$V30<=FT$10),$AT30*$U$11,0)+IF(AND($AE30>FS$10,$AE30<=FT$10),$AT30*$AD$11,0)+IF(AND($AL30>FS$10,$AL30<=FT$10),$AT30*$AK$11,0)+IF(AND($AQ30>FS$10,$AQ30<=FT$10),$AT30*$AP$11,0) -> 0 | FU30: =IF(AND($V30>FT$10,$V30<=FU$10),$AT30*$U$11,0)+IF(AND($AE30>FT$10,$AE30<=FU$10),$AT30*$AD$11,0)+IF(AND($AL30>FT$10,$AL30<=FU$10),$AT30*$AK$11,0)+IF(AND($AQ30>FT$10,$AQ30<=FU$10),$AT30*$AP$11,0) -> 0 | FV30: =IF(AND($V30>FU$10,$V30<=FV$10),$AT30*$U$11,0)+IF(AND($AE30>FU$10,$AE30<=FV$10),$AT30*$AD$11,0)+IF(AND($AL30>FU$10,$AL30<=FV$10),$AT30*$AK$11,0)+IF(AND($AQ30>FU$10,$AQ30<=FV$10),$AT30*$AP$11,0) -> 0 | FW30: =IF(AND($V30>FV$10,$V30<=FW$10),$AT30*$U$11,0)+IF(AND($AE30>FV$10,$AE30<=FW$10),$AT30*$AD$11,0)+IF(AND($AL30>FV$10,$AL30<=FW$10),$AT30*$AK$11,0)+IF(AND($AQ30>FV$10,$AQ30<=FW$10),$AT30*$AP$11,0) -> 0 | FX30: =IF(AND($V30>FW$10,$V30<=FX$10),$AT30*$U$11,0)+IF(AND($AE30>FW$10,$AE30<=FX$10),$AT30*$AD$11,0)+IF(AND($AL30>FW$10,$AL30<=FX$10),$AT30*$AK$11,0)+IF(AND($AQ30>FW$10,$AQ30<=FX$10),$AT30*$AP$11,0) -> 0 | FY30: =IF(AND($V30>FX$10,$V30<=FY$10),$AT30*$U$11,0)+IF(AND($AE30>FX$10,$AE30<=FY$10),$AT30*$AD$11,0)+IF(AND($AL30>FX$10,$AL30<=FY$10),$AT30*$AK$11,0)+IF(AND($AQ30>FX$10,$AQ30<=FY$10),$AT30*$AP$11,0) -> 0 | FZ30: =IF(AND($V30>FY$10,$V30<=FZ$10),$AT30*$U$11,0)+IF(AND($AE30>FY$10,$AE30<=FZ$10),$AT30*$AD$11,0)+IF(AND($AL30>FY$10,$AL30<=FZ$10),$AT30*$AK$11,0)+IF(AND($AQ30>FY$10,$AQ30<=FZ$10),$AT30*$AP$11,0) -> 0 | GA30: =IF(AND($V30>FZ$10,$V30<=GA$10),$AT30*$U$11,0)+IF(AND($AE30>FZ$10,$AE30<=GA$10),$AT30*$AD$11,0)+IF(AND($AL30>FZ$10,$AL30<=GA$10),$AT30*$AK$11,0)+IF(AND($AQ30>FZ$10,$AQ30<=GA$10),$AT30*$AP$11,0) -> 0 | ... KB30: =IF(AND($V30>KA$10,$V30<=KB$10),$AT30*$U$11,0)+IF(AND($AE30>KA$10,$AE30<=KB$10),$AT30*$AD$11,0)+IF(AND($AL30>KA$10,$AL30<=KB$10),$AT30*$AK$11,0)+IF(AND($AQ30>KA$10,$AQ30<=KB$10),$AT30*$AP$11,0) -> 0 | KC30: =IF(AND($U30>KB$10,$U30<=KC$10),$AT30*$U$11,0)+IF(AND($AD30>KB$10,$AD30<=KC$10),$AT30*$AD$11,0)+IF(AND($AK30>KB$10,$AK30<=KC$10),$AT30*$AK$11,0)+IF(AND($AP30>KB$10,$AP30<=KC$10),$AT30*$AP$11,0) -> 0 | KD30: =IF(AND($U30>KC$10,$U30<=KD$10),$AT30*$U$11,0)+IF(AND($AD30>KC$10,$AD30<=KD$10),$AT30*$AD$11,0)+IF(AND($AK30>KC$10,$AK30<=KD$10),$AT30*$AK$11,0)+IF(AND($AP30>KC$10,$AP30<=KD$10),$AT30*$AP$11,0) -> 0 | KE30: =IF(AND($U30>KD$10,$U30<=KE$10),$AT30*$U$11,0)+IF(AND($AD30>KD$10,$AD30<=KE$10),$AT30*$AD$11,0)+IF(AND($AK30>KD$10,$AK30<=KE$10),$AT30*$AK$11,0)+IF(AND($AP30>KD$10,$AP30<=KE$10),$AT30*$AP$11,0) -> 0 | KF30: =IF(AND($U30>KE$10,$U30<=KF$10),$AT30*$U$11,0)+IF(AND($AD30>KE$10,$AD30<=KF$10),$AT30*$AD$11,0)+IF(AND($AK30>KE$10,$AK30<=KF$10),$AT30*$AK$11,0)+IF(AND($AP30>KE$10,$AP30<=KF$10),$AT30*$AP$11,0) -> 0 | KG30: =IF(AND($U30>KF$10,$U30<=KG$10),$AT30*$U$11,0)+IF(AND($AD30>KF$10,$AD30<=KG$10),$AT30*$AD$11,0)+IF(AND($AK30>KF$10,$AK30<=KG$10),$AT30*$AK$11,0)+IF(AND($AP30>KF$10,$AP30<=KG$10),$AT30*$AP$11,0) -> 0 | KH30: =IF(AND($U30>KG$10,$U30<=KH$10),$AT30*$U$11,0)+IF(AND($AD30>KG$10,$AD30<=KH$10),$AT30*$AD$11,0)+IF(AND($AK30>KG$10,$AK30<=KH$10),$AT30*$AK$11,0)+IF(AND($AP30>KG$10,$AP30<=KH$10),$AT30*$AP$11,0) -> 0 | KI30: =IF(AND($U30>KH$10,$U30<=KI$10),$AT30*$U$11,0)+IF(AND($AD30>KH$10,$AD30<=KI$10),$AT30*$AD$11,0)+IF(AND($AK30>KH$10,$AK30<=KI$10),$AT30*$AK$11,0)+IF(AND($AP30>KH$10,$AP30<=KI$10),$AT30*$AP$11,0) -> 0 | KJ30: =IF(AND($U30>KI$10,$U30<=KJ$10),$AT30*$U$11,0)+IF(AND($AD30>KI$10,$AD30<=KJ$10),$AT30*$AD$11,0)+IF(AND($AK30>KI$10,$AK30<=KJ$10),$AT30*$AK$11,0)+IF(AND($AP30>KI$10,$AP30<=KJ$10),$AT30*$AP$11,0) -> 0 | KL30: =IF(AND($W30>KK$10,$W30<=KL$10),$AT30*$U$11,0)+IF(AND($AF30>KK$10,$AF30<=KL$10),$AT30*$AD$11,0)+IF(AND($AO30>KK$10,$AO30<=KL$10),$AT30*$AK$11,0)+IF(AND($AR30>KK$10,$AR30<=KL$10),$AT30*$AP$11,0) -> 0 | KM30: =IF(AND($W30>KL$10,$W30<=KM$10),$AT30*$U$11,0)+IF(AND($AF30>KL$10,$AF30<=KM$10),$AT30*$AD$11,0)+IF(AND($AO30>KL$10,$AO30<=KM$10),$AT30*$AK$11,0)+IF(AND($AR30>KL$10,$AR30<=KM$10),$AT30*$AP$11,0) -> 0 | KN30: =IF(AND($W30>KM$10,$W30<=KN$10),$AT30*$U$11,0)+IF(AND($AF30>KM$10,$AF30<=KN$10),$AT30*$AD$11,0)+IF(AND($AO30>KM$10,$AO30<=KN$10),$AT30*$AK$11,0)+IF(AND($AR30>KM$10,$AR30<=KN$10),$AT30*$AP$11,0) -> 0 | KO30: =IF(AND($W30>KN$10,$W30<=KO$10),$AT30*$U$11,0)+IF(AND($AF30>KN$10,$AF30<=KO$10),$AT30*$AD$11,0)+IF(AND($AO30>KN$10,$AO30<=KO$10),$AT30*$AK$11,0)+IF(AND($AR30>KN$10,$AR30<=KO$10),$AT30*$AP$11,0) -> 0 | KP30: =IF(AND($W30>KO$10,$W30<=KP$10),$AT30*$U$11,0)+IF(AND($AF30>KO$10,$AF30<=KP$10),$AT30*$AD$11,0)+IF(AND($AO30>KO$10,$AO30<=KP$10),$AT30*$AK$11,0)+IF(AND($AR30>KO$10,$AR30<=KP$10),$AT30*$AP$11,0) -> 0 | KQ30: =IF(AND($W30>KP$10,$W30<=KQ$10),$AT30*$U$11,0)+IF(AND($AF30>KP$10,$AF30<=KQ$10),$AT30*$AD$11,0)+IF(AND($AO30>KP$10,$AO30<=KQ$10),$AT30*$AK$11,0)+IF(AND($AR30>KP$10,$AR30<=KQ$10),$AT30*$AP$11,0) -> 0 | KR30: =IF(AND($W30>KQ$10,$W30<=KR$10),$AT30*$U$11,0)+IF(AND($AF30>KQ$10,$AF30<=KR$10),$AT30*$AD$11,0)+IF(AND($AO30>KQ$10,$AO30<=KR$10),$AT30*$AK$11,0)+IF(AND($AR30>KQ$10,$AR30<=KR$10),$AT30*$AP$11,0) -> 0 | KS30: =IF(AND($W30>KR$10,$W30<=KS$10),$AT30*$U$11,0)+IF(AND($AF30>KR$10,$AF30<=KS$10),$AT30*$AD$11,0)+IF(AND($AO30>KR$10,$AO30<=KS$10),$AT30*$AK$11,0)+IF(AND($AR30>KR$10,$AR30<=KS$10),$AT30*$AP$11,0) -> 0 | ... PB30: =IF(AND($W30>PA$10,$W30<=PB$10),$AT30*$U$11,0)+IF(AND($AF30>PA$10,$AF30<=PB$10),$AT30*$AD$11,0)+IF(AND($AO30>PA$10,$AO30<=PB$10),$AT30*$AK$11,0)+IF(AND($AR30>PA$10,$AR30<=PB$10),$AT30*$AP$11,0) -> 0 | PD30: =VLOOKUP($I30,[1]IFR!$B$10:$AQ$1616,1,0) -> #N/A | PE30: =INT(VLOOKUP($I30,[1]IFR!$B$10:$AQ$1616,20,0)) -> #N/A | PF30: =VLOOKUP($I30,[1]IFA!$B$10:$AQ$694,1,0) -> #N/A | PG30: =INT(VLOOKUP($I30,[1]IFA!$B$10:$AQ$694,20,0)) -> #N/A | PH30: =VLOOKUP($I30,[1]IFC!$B$10:$AQ$702,1,0) -> #N/A | PI30: =INT(VLOOKUP($I30,[1]IFC!$B$10:$AQ$702,20,0)) -> #N/A | PJ30: =VLOOKUP($I30,[1]IFC!$B$10:$AQ$702,17,0) -> #N/A | PK30: =VLOOKUP($I30,[1]IFC!$B$10:$AQ$702,33,0) -> #N/A | PL30: =VLOOKUP($I30,[1]IFC!$B$10:$AQ$702,32,0) -> #N/A | PM30: =INT(VLOOKUP($I30,[1]IFC!$B$10:$AQ$702,37,0)) -> #N/A
A31: 21 | B31: General Drawings | J31: =B31 -> General Drawings | BB31: =IF(AND($U31>BA$10,$U31<=BB$10),$AT31*$U$11,0)+IF(AND($AD31>BA$10,$AD31<=BB$10),$AT31*$AD$11,0)+IF(AND($AK31>BA$10,$AK31<=BB$10),$AT31*$AK$11,0)+IF(AND($AP31>BA$10,$AP31<=BB$10),$AT31*$AP$11,0) -> 0 | BC31: =IF(AND($U31>BB$10,$U31<=BC$10),$AT31*$U$11,0)+IF(AND($AD31>BB$10,$AD31<=BC$10),$AT31*$AD$11,0)+IF(AND($AK31>BB$10,$AK31<=BC$10),$AT31*$AK$11,0)+IF(AND($AP31>BB$10,$AP31<=BC$10),$AT31*$AP$11,0) -> 0 | BD31: =IF(AND($U31>BC$10,$U31<=BD$10),$AT31*$U$11,0)+IF(AND($AD31>BC$10,$AD31<=BD$10),$AT31*$AD$11,0)+IF(AND($AK31>BC$10,$AK31<=BD$10),$AT31*$AK$11,0)+IF(AND($AP31>BC$10,$AP31<=BD$10),$AT31*$AP$11,0) -> 0 | BE31: =IF(AND($U31>BD$10,$U31<=BE$10),$AT31*$U$11,0)+IF(AND($AD31>BD$10,$AD31<=BE$10),$AT31*$AD$11,0)+IF(AND($AK31>BD$10,$AK31<=BE$10),$AT31*$AK$11,0)+IF(AND($AP31>BD$10,$AP31<=BE$10),$AT31*$AP$11,0) -> 0 | BF31: =IF(AND($U31>BE$10,$U31<=BF$10),$AT31*$U$11,0)+IF(AND($AD31>BE$10,$AD31<=BF$10),$AT31*$AD$11,0)+IF(AND($AK31>BE$10,$AK31<=BF$10),$AT31*$AK$11,0)+IF(AND($AP31>BE$10,$AP31<=BF$10),$AT31*$AP$11,0) -> 0 | BG31: =IF(AND($U31>BF$10,$U31<=BG$10),$AT31*$U$11,0)+IF(AND($AD31>BF$10,$AD31<=BG$10),$AT31*$AD$11,0)+IF(AND($AK31>BF$10,$AK31<=BG$10),$AT31*$AK$11,0)+IF(AND($AP31>BF$10,$AP31<=BG$10),$AT31*$AP$11,0) -> 0 | BH31: =IF(AND($U31>BG$10,$U31<=BH$10),$AT31*$U$11,0)+IF(AND($AD31>BG$10,$AD31<=BH$10),$AT31*$AD$11,0)+IF(AND($AK31>BG$10,$AK31<=BH$10),$AT31*$AK$11,0)+IF(AND($AP31>BG$10,$AP31<=BH$10),$AT31*$AP$11,0) -> 0 | BI31: =IF(AND($U31>BH$10,$U31<=BI$10),$AT31*$U$11,0)+IF(AND($AD31>BH$10,$AD31<=BI$10),$AT31*$AD$11,0)+IF(AND($AK31>BH$10,$AK31<=BI$10),$AT31*$AK$11,0)+IF(AND($AP31>BH$10,$AP31<=BI$10),$AT31*$AP$11,0) -> 0 | ... FR31: =IF(AND($U31>FQ$10,$U31<=FR$10),$AT31*$U$11,0)+IF(AND($AD31>FQ$10,$AD31<=FR$10),$AT31*$AD$11,0)+IF(AND($AK31>FQ$10,$AK31<=FR$10),$AT31*$AK$11,0)+IF(AND($AP31>FQ$10,$AP31<=FR$10),$AT31*$AP$11,0) -> 0 | FT31: =IF(AND($V31>FS$10,$V31<=FT$10),$AT31*$U$11,0)+IF(AND($AE31>FS$10,$AE31<=FT$10),$AT31*$AD$11,0)+IF(AND($AL31>FS$10,$AL31<=FT$10),$AT31*$AK$11,0)+IF(AND($AQ31>FS$10,$AQ31<=FT$10),$AT31*$AP$11,0) -> 0 | FU31: =IF(AND($V31>FT$10,$V31<=FU$10),$AT31*$U$11,0)+IF(AND($AE31>FT$10,$AE31<=FU$10),$AT31*$AD$11,0)+IF(AND($AL31>FT$10,$AL31<=FU$10),$AT31*$AK$11,0)+IF(AND($AQ31>FT$10,$AQ31<=FU$10),$AT31*$AP$11,0) -> 0 | FV31: =IF(AND($V31>FU$10,$V31<=FV$10),$AT31*$U$11,0)+IF(AND($AE31>FU$10,$AE31<=FV$10),$AT31*$AD$11,0)+IF(AND($AL31>FU$10,$AL31<=FV$10),$AT31*$AK$11,0)+IF(AND($AQ31>FU$10,$AQ31<=FV$10),$AT31*$AP$11,0) -> 0 | FW31: =IF(AND($V31>FV$10,$V31<=FW$10),$AT31*$U$11,0)+IF(AND($AE31>FV$10,$AE31<=FW$10),$AT31*$AD$11,0)+IF(AND($AL31>FV$10,$AL31<=FW$10),$AT31*$AK$11,0)+IF(AND($AQ31>FV$10,$AQ31<=FW$10),$AT31*$AP$11,0) -> 0 | FX31: =IF(AND($V31>FW$10,$V31<=FX$10),$AT31*$U$11,0)+IF(AND($AE31>FW$10,$AE31<=FX$10),$AT31*$AD$11,0)+IF(AND($AL31>FW$10,$AL31<=FX$10),$AT31*$AK$11,0)+IF(AND($AQ31>FW$10,$AQ31<=FX$10),$AT31*$AP$11,0) -> 0 | FY31: =IF(AND($V31>FX$10,$V31<=FY$10),$AT31*$U$11,0)+IF(AND($AE31>FX$10,$AE31<=FY$10),$AT31*$AD$11,0)+IF(AND($AL31>FX$10,$AL31<=FY$10),$AT31*$AK$11,0)+IF(AND($AQ31>FX$10,$AQ31<=FY$10),$AT31*$AP$11,0) -> 0 | FZ31: =IF(AND($V31>FY$10,$V31<=FZ$10),$AT31*$U$11,0)+IF(AND($AE31>FY$10,$AE31<=FZ$10),$AT31*$AD$11,0)+IF(AND($AL31>FY$10,$AL31<=FZ$10),$AT31*$AK$11,0)+IF(AND($AQ31>FY$10,$AQ31<=FZ$10),$AT31*$AP$11,0) -> 0 | GA31: =IF(AND($V31>FZ$10,$V31<=GA$10),$AT31*$U$11,0)+IF(AND($AE31>FZ$10,$AE31<=GA$10),$AT31*$AD$11,0)+IF(AND($AL31>FZ$10,$AL31<=GA$10),$AT31*$AK$11,0)+IF(AND($AQ31>FZ$10,$AQ31<=GA$10),$AT31*$AP$11,0) -> 0 | ... KB31: =IF(AND($V31>KA$10,$V31<=KB$10),$AT31*$U$11,0)+IF(AND($AE31>KA$10,$AE31<=KB$10),$AT31*$AD$11,0)+IF(AND($AL31>KA$10,$AL31<=KB$10),$AT31*$AK$11,0)+IF(AND($AQ31>KA$10,$AQ31<=KB$10),$AT31*$AP$11,0) -> 0 | KC31: =IF(AND($U31>KB$10,$U31<=KC$10),$AT31*$U$11,0)+IF(AND($AD31>KB$10,$AD31<=KC$10),$AT31*$AD$11,0)+IF(AND($AK31>KB$10,$AK31<=KC$10),$AT31*$AK$11,0)+IF(AND($AP31>KB$10,$AP31<=KC$10),$AT31*$AP$11,0) -> 0 | KD31: =IF(AND($U31>KC$10,$U31<=KD$10),$AT31*$U$11,0)+IF(AND($AD31>KC$10,$AD31<=KD$10),$AT31*$AD$11,0)+IF(AND($AK31>KC$10,$AK31<=KD$10),$AT31*$AK$11,0)+IF(AND($AP31>KC$10,$AP31<=KD$10),$AT31*$AP$11,0) -> 0 | KE31: =IF(AND($U31>KD$10,$U31<=KE$10),$AT31*$U$11,0)+IF(AND($AD31>KD$10,$AD31<=KE$10),$AT31*$AD$11,0)+IF(AND($AK31>KD$10,$AK31<=KE$10),$AT31*$AK$11,0)+IF(AND($AP31>KD$10,$AP31<=KE$10),$AT31*$AP$11,0) -> 0 | KF31: =IF(AND($U31>KE$10,$U31<=KF$10),$AT31*$U$11,0)+IF(AND($AD31>KE$10,$AD31<=KF$10),$AT31*$AD$11,0)+IF(AND($AK31>KE$10,$AK31<=KF$10),$AT31*$AK$11,0)+IF(AND($AP31>KE$10,$AP31<=KF$10),$AT31*$AP$11,0) -> 0 | KG31: =IF(AND($U31>KF$10,$U31<=KG$10),$AT31*$U$11,0)+IF(AND($AD31>KF$10,$AD31<=KG$10),$AT31*$AD$11,0)+IF(AND($AK31>KF$10,$AK31<=KG$10),$AT31*$AK$11,0)+IF(AND($AP31>KF$10,$AP31<=KG$10),$AT31*$AP$11,0) -> 0 | KH31: =IF(AND($U31>KG$10,$U31<=KH$10),$AT31*$U$11,0)+IF(AND($AD31>KG$10,$AD31<=KH$10),$AT31*$AD$11,0)+IF(AND($AK31>KG$10,$AK31<=KH$10),$AT31*$AK$11,0)+IF(AND($AP31>KG$10,$AP31<=KH$10),$AT31*$AP$11,0) -> 0 | KI31: =IF(AND($U31>KH$10,$U31<=KI$10),$AT31*$U$11,0)+IF(AND($AD31>KH$10,$AD31<=KI$10),$AT31*$AD$11,0)+IF(AND($AK31>KH$10,$AK31<=KI$10),$AT31*$AK$11,0)+IF(AND($AP31>KH$10,$AP31<=KI$10),$AT31*$AP$11,0) -> 0 | KJ31: =IF(AND($U31>KI$10,$U31<=KJ$10),$AT31*$U$11,0)+IF(AND($AD31>KI$10,$AD31<=KJ$10),$AT31*$AD$11,0)+IF(AND($AK31>KI$10,$AK31<=KJ$10),$AT31*$AK$11,0)+IF(AND($AP31>KI$10,$AP31<=KJ$10),$AT31*$AP$11,0) -> 0 | KL31: =IF(AND($W31>KK$10,$W31<=KL$10),$AT31*$U$11,0)+IF(AND($AF31>KK$10,$AF31<=KL$10),$AT31*$AD$11,0)+IF(AND($AO31>KK$10,$AO31<=KL$10),$AT31*$AK$11,0)+IF(AND($AR31>KK$10,$AR31<=KL$10),$AT31*$AP$11,0) -> 0 | KM31: =IF(AND($W31>KL$10,$W31<=KM$10),$AT31*$U$11,0)+IF(AND($AF31>KL$10,$AF31<=KM$10),$AT31*$AD$11,0)+IF(AND($AO31>KL$10,$AO31<=KM$10),$AT31*$AK$11,0)+IF(AND($AR31>KL$10,$AR31<=KM$10),$AT31*$AP$11,0) -> 0 | KN31: =IF(AND($W31>KM$10,$W31<=KN$10),$AT31*$U$11,0)+IF(AND($AF31>KM$10,$AF31<=KN$10),$AT31*$AD$11,0)+IF(AND($AO31>KM$10,$AO31<=KN$10),$AT31*$AK$11,0)+IF(AND($AR31>KM$10,$AR31<=KN$10),$AT31*$AP$11,0) -> 0 | KO31: =IF(AND($W31>KN$10,$W31<=KO$10),$AT31*$U$11,0)+IF(AND($AF31>KN$10,$AF31<=KO$10),$AT31*$AD$11,0)+IF(AND($AO31>KN$10,$AO31<=KO$10),$AT31*$AK$11,0)+IF(AND($AR31>KN$10,$AR31<=KO$10),$AT31*$AP$11,0) -> 0 | KP31: =IF(AND($W31>KO$10,$W31<=KP$10),$AT31*$U$11,0)+IF(AND($AF31>KO$10,$AF31<=KP$10),$AT31*$AD$11,0)+IF(AND($AO31>KO$10,$AO31<=KP$10),$AT31*$AK$11,0)+IF(AND($AR31>KO$10,$AR31<=KP$10),$AT31*$AP$11,0) -> 0 | KQ31: =IF(AND($W31>KP$10,$W31<=KQ$10),$AT31*$U$11,0)+IF(AND($AF31>KP$10,$AF31<=KQ$10),$AT31*$AD$11,0)+IF(AND($AO31>KP$10,$AO31<=KQ$10),$AT31*$AK$11,0)+IF(AND($AR31>KP$10,$AR31<=KQ$10),$AT31*$AP$11,0) -> 0 | KR31: =IF(AND($W31>KQ$10,$W31<=KR$10),$AT31*$U$11,0)+IF(AND($AF31>KQ$10,$AF31<=KR$10),$AT31*$AD$11,0)+IF(AND($AO31>KQ$10,$AO31<=KR$10),$AT31*$AK$11,0)+IF(AND($AR31>KQ$10,$AR31<=KR$10),$AT31*$AP$11,0) -> 0 | KS31: =IF(AND($W31>KR$10,$W31<=KS$10),$AT31*$U$11,0)+IF(AND($AF31>KR$10,$AF31<=KS$10),$AT31*$AD$11,0)+IF(AND($AO31>KR$10,$AO31<=KS$10),$AT31*$AK$11,0)+IF(AND($AR31>KR$10,$AR31<=KS$10),$AT31*$AP$11,0) -> 0 | ... PB31: =IF(AND($W31>PA$10,$W31<=PB$10),$AT31*$U$11,0)+IF(AND($AF31>PA$10,$AF31<=PB$10),$AT31*$AD$11,0)+IF(AND($AO31>PA$10,$AO31<=PB$10),$AT31*$AK$11,0)+IF(AND($AR31>PA$10,$AR31<=PB$10),$AT31*$AP$11,0) -> 0 | PD31: =VLOOKUP($I31,[1]IFR!$B$10:$AQ$1616,1,0) -> #N/A | PE31: =INT(VLOOKUP($I31,[1]IFR!$B$10:$AQ$1616,20,0)) -> #N/A | PF31: =VLOOKUP($I31,[1]IFA!$B$10:$AQ$694,1,0) -> #N/A | PG31: =INT(VLOOKUP($I31,[1]IFA!$B$10:$AQ$694,20,0)) -> #N/A | PH31: =VLOOKUP($I31,[1]IFC!$B$10:$AQ$702,1,0) -> #N/A | PI31: =INT(VLOOKUP($I31,[1]IFC!$B$10:$AQ$702,20,0)) -> #N/A | PJ31: =VLOOKUP($I31,[1]IFC!$B$10:$AQ$702,17,0) -> #N/A | PK31: =VLOOKUP($I31,[1]IFC!$B$10:$AQ$702,33,0) -> #N/A | PL31: =VLOOKUP($I31,[1]IFC!$B$10:$AQ$702,32,0) -> #N/A | PM31: =INT(VLOOKUP($I31,[1]IFC!$B$10:$AQ$702,37,0)) -> #N/A
A32: 22 | B32: =IF(J32<>"",MAX(B$14:B30)+1,"") -> 15 | C32: IPX | D32: PLR | E32: DWG | F32: 9000 | G32: dwg | I32: =CONCATENATE("MM-",$D$6,"-",$D$7,"-",C32,"-",D32,"-",E32,"-",F32) -> MM-ZTK-1F-IPX-PLR-DWG-9000 | J32: Pipeline Drawing Index | M32: R1 | N32: =VLOOKUP(I32,'MS Project'!$B$6:$F$189,5,FALSE)+7 -> 46177 | O32: =N32+7 -> 46184 | P32: =O32+3 -> 46187 | Q32: A1 | R32: =P32+2 -> 46189 | S32: =R32+2 -> 46191 | T32: =S32+3 -> 46194 | U32: =T32+1 -> 46195 | V32: 46199 | W32: =V32 -> 46199 | X32: =U32+14 -> 46209 | Y32: =X32+2 -> 46211 | Z32: B1 | AA32: =Y32+4 -> 46215 | AB32: =AA32+3 -> 46218 | AC32: =AB32+4 -> 46222 | AD32: =AC32+1 -> 46223 | AE32: 46220 | AF32: 46223 | AG32: =AD32+14 -> 46237 | AH32: =AG32+2 -> 46239 | AI32: C1 | AJ32: =AH32+4 -> 46243 | AK32: =AJ32+1 -> 46244 | AL32: 46244 | AM32: =AK32+14 -> 46258 | AO32: =AK32 -> 46244 | AP32: =AM32 -> 46258 | AQ32: 46244 | AR32: =AP32 -> 46258 | AS32: 1 | AT32: =AS32/$AS$11 -> 0.0081967213 | AU32: =IF($U32>0,IF($U32<=$AV$7,$AT32*$U$11,0))+IF($AD32>0,IF($AD32<=$AV$7,$AT32*$AD$11,0))+IF($AK32>0,IF($AK32<=$AV$7,$AT32*$AK$11,0))+IF($AP32>0,IF($AP32<=$AV$7,$AT32*$AP$11,0)) -> 0.0081967213 | AV32: =IF($V32>0,IF($V32<=$AV$7,$AT32*$U$11,0))+IF($AE32>0,IF($AE32<=$AV$7,$AT32*$AD$11,0))+IF($AL32>0,IF($AL32<=$AV$7,$AT32*$AK$11,0))+IF($AQ32>0,IF($AQ32<=$AV$7,$AT32*$AP$11,0)) -> 0.0081967213 | AW32: =AV32-AU32 -> 0 | AX32: =IF($U32>0,IF($U32<=$AZ$7,$AT32*$U$11,0))+IF($AD32>0,IF($AD32<=$AZ$7,$AT32*$AD$11,0))+IF($AK32>0,IF($AK32<=$AZ$7,$AT32*$AK$11,0))+IF($AP32>0,IF($AP32<=$AZ$7,$AT32*$AP$11,0)) -> 0.0081967213 | AY32: =IF($V32>0,IF($V32<=$AZ$7,$AT32*$U$11,0))+IF($AE32>0,IF($AE32<=$AZ$7,$AT32*$AD$11,0))+IF($AL32>0,IF($AL32<=$AZ$7,$AT32*$AK$11,0))+IF($AQ32>0,IF($AQ32<=$AZ$7,$AT32*$AP$11,0)) -> 0.0081967213 | AZ32: =AY32-AX32 -> 0 | BB32: =IF(AND($U32>BA$10,$U32<=BB$10),$AT32*$U$11,0)+IF(AND($AD32>BA$10,$AD32<=BB$10),$AT32*$AD$11,0)+IF(AND($AK32>BA$10,$AK32<=BB$10),$AT32*$AK$11,0)+IF(AND($AP32>BA$10,$AP32<=BB$10),$AT32*$AP$11,0) -> 0 | BC32: =IF(AND($U32>BB$10,$U32<=BC$10),$AT32*$U$11,0)+IF(AND($AD32>BB$10,$AD32<=BC$10),$AT32*$AD$11,0)+IF(AND($AK32>BB$10,$AK32<=BC$10),$AT32*$AK$11,0)+IF(AND($AP32>BB$10,$AP32<=BC$10),$AT32*$AP$11,0) -> 0 | BD32: =IF(AND($U32>BC$10,$U32<=BD$10),$AT32*$U$11,0)+IF(AND($AD32>BC$10,$AD32<=BD$10),$AT32*$AD$11,0)+IF(AND($AK32>BC$10,$AK32<=BD$10),$AT32*$AK$11,0)+IF(AND($AP32>BC$10,$AP32<=BD$10),$AT32*$AP$11,0) -> 0 | BE32: =IF(AND($U32>BD$10,$U32<=BE$10),$AT32*$U$11,0)+IF(AND($AD32>BD$10,$AD32<=BE$10),$AT32*$AD$11,0)+IF(AND($AK32>BD$10,$AK32<=BE$10),$AT32*$AK$11,0)+IF(AND($AP32>BD$10,$AP32<=BE$10),$AT32*$AP$11,0) -> 0 | BF32: =IF(AND($U32>BE$10,$U32<=BF$10),$AT32*$U$11,0)+IF(AND($AD32>BE$10,$AD32<=BF$10),$AT32*$AD$11,0)+IF(AND($AK32>BE$10,$AK32<=BF$10),$AT32*$AK$11,0)+IF(AND($AP32>BE$10,$AP32<=BF$10),$AT32*$AP$11,0) -> 0 | BG32: =IF(AND($U32>BF$10,$U32<=BG$10),$AT32*$U$11,0)+IF(AND($AD32>BF$10,$AD32<=BG$10),$AT32*$AD$11,0)+IF(AND($AK32>BF$10,$AK32<=BG$10),$AT32*$AK$11,0)+IF(AND($AP32>BF$10,$AP32<=BG$10),$AT32*$AP$11,0) -> 0 | BH32: =IF(AND($U32>BG$10,$U32<=BH$10),$AT32*$U$11,0)+IF(AND($AD32>BG$10,$AD32<=BH$10),$AT32*$AD$11,0)+IF(AND($AK32>BG$10,$AK32<=BH$10),$AT32*$AK$11,0)+IF(AND($AP32>BG$10,$AP32<=BH$10),$AT32*$AP$11,0) -> 0 | BI32: =IF(AND($U32>BH$10,$U32<=BI$10),$AT32*$U$11,0)+IF(AND($AD32>BH$10,$AD32<=BI$10),$AT32*$AD$11,0)+IF(AND($AK32>BH$10,$AK32<=BI$10),$AT32*$AK$11,0)+IF(AND($AP32>BH$10,$AP32<=BI$10),$AT32*$AP$11,0) -> 0 | ... FR32: =IF(AND($U32>FQ$10,$U32<=FR$10),$AT32*$U$11,0)+IF(AND($AD32>FQ$10,$AD32<=FR$10),$AT32*$AD$11,0)+IF(AND($AK32>FQ$10,$AK32<=FR$10),$AT32*$AK$11,0)+IF(AND($AP32>FQ$10,$AP32<=FR$10),$AT32*$AP$11,0) -> 0 | FT32: =IF(AND($V32>FS$10,$V32<=FT$10),$AT32*$U$11,0)+IF(AND($AE32>FS$10,$AE32<=FT$10),$AT32*$AD$11,0)+IF(AND($AL32>FS$10,$AL32<=FT$10),$AT32*$AK$11,0)+IF(AND($AQ32>FS$10,$AQ32<=FT$10),$AT32*$AP$11,0) -> 0 | FU32: =IF(AND($V32>FT$10,$V32<=FU$10),$AT32*$U$11,0)+IF(AND($AE32>FT$10,$AE32<=FU$10),$AT32*$AD$11,0)+IF(AND($AL32>FT$10,$AL32<=FU$10),$AT32*$AK$11,0)+IF(AND($AQ32>FT$10,$AQ32<=FU$10),$AT32*$AP$11,0) -> 0 | FV32: =IF(AND($V32>FU$10,$V32<=FV$10),$AT32*$U$11,0)+IF(AND($AE32>FU$10,$AE32<=FV$10),$AT32*$AD$11,0)+IF(AND($AL32>FU$10,$AL32<=FV$10),$AT32*$AK$11,0)+IF(AND($AQ32>FU$10,$AQ32<=FV$10),$AT32*$AP$11,0) -> 0 | FW32: =IF(AND($V32>FV$10,$V32<=FW$10),$AT32*$U$11,0)+IF(AND($AE32>FV$10,$AE32<=FW$10),$AT32*$AD$11,0)+IF(AND($AL32>FV$10,$AL32<=FW$10),$AT32*$AK$11,0)+IF(AND($AQ32>FV$10,$AQ32<=FW$10),$AT32*$AP$11,0) -> 0 | FX32: =IF(AND($V32>FW$10,$V32<=FX$10),$AT32*$U$11,0)+IF(AND($AE32>FW$10,$AE32<=FX$10),$AT32*$AD$11,0)+IF(AND($AL32>FW$10,$AL32<=FX$10),$AT32*$AK$11,0)+IF(AND($AQ32>FW$10,$AQ32<=FX$10),$AT32*$AP$11,0) -> 0 | FY32: =IF(AND($V32>FX$10,$V32<=FY$10),$AT32*$U$11,0)+IF(AND($AE32>FX$10,$AE32<=FY$10),$AT32*$AD$11,0)+IF(AND($AL32>FX$10,$AL32<=FY$10),$AT32*$AK$11,0)+IF(AND($AQ32>FX$10,$AQ32<=FY$10),$AT32*$AP$11,0) -> 0 | FZ32: =IF(AND($V32>FY$10,$V32<=FZ$10),$AT32*$U$11,0)+IF(AND($AE32>FY$10,$AE32<=FZ$10),$AT32*$AD$11,0)+IF(AND($AL32>FY$10,$AL32<=FZ$10),$AT32*$AK$11,0)+IF(AND($AQ32>FY$10,$AQ32<=FZ$10),$AT32*$AP$11,0) -> 0 | GA32: =IF(AND($V32>FZ$10,$V32<=GA$10),$AT32*$U$11,0)+IF(AND($AE32>FZ$10,$AE32<=GA$10),$AT32*$AD$11,0)+IF(AND($AL32>FZ$10,$AL32<=GA$10),$AT32*$AK$11,0)+IF(AND($AQ32>FZ$10,$AQ32<=GA$10),$AT32*$AP$11,0) -> 0 | ... KB32: =IF(AND($V32>KA$10,$V32<=KB$10),$AT32*$U$11,0)+IF(AND($AE32>KA$10,$AE32<=KB$10),$AT32*$AD$11,0)+IF(AND($AL32>KA$10,$AL32<=KB$10),$AT32*$AK$11,0)+IF(AND($AQ32>KA$10,$AQ32<=KB$10),$AT32*$AP$11,0) -> 0 | KC32: =IF(AND($U32>KB$10,$U32<=KC$10),$AT32*$U$11,0)+IF(AND($AD32>KB$10,$AD32<=KC$10),$AT32*$AD$11,0)+IF(AND($AK32>KB$10,$AK32<=KC$10),$AT32*$AK$11,0)+IF(AND($AP32>KB$10,$AP32<=KC$10),$AT32*$AP$11,0) -> 0 | KD32: =IF(AND($U32>KC$10,$U32<=KD$10),$AT32*$U$11,0)+IF(AND($AD32>KC$10,$AD32<=KD$10),$AT32*$AD$11,0)+IF(AND($AK32>KC$10,$AK32<=KD$10),$AT32*$AK$11,0)+IF(AND($AP32>KC$10,$AP32<=KD$10),$AT32*$AP$11,0) -> 0 | KE32: =IF(AND($U32>KD$10,$U32<=KE$10),$AT32*$U$11,0)+IF(AND($AD32>KD$10,$AD32<=KE$10),$AT32*$AD$11,0)+IF(AND($AK32>KD$10,$AK32<=KE$10),$AT32*$AK$11,0)+IF(AND($AP32>KD$10,$AP32<=KE$10),$AT32*$AP$11,0) -> 0 | KF32: =IF(AND($U32>KE$10,$U32<=KF$10),$AT32*$U$11,0)+IF(AND($AD32>KE$10,$AD32<=KF$10),$AT32*$AD$11,0)+IF(AND($AK32>KE$10,$AK32<=KF$10),$AT32*$AK$11,0)+IF(AND($AP32>KE$10,$AP32<=KF$10),$AT32*$AP$11,0) -> 0 | KG32: =IF(AND($U32>KF$10,$U32<=KG$10),$AT32*$U$11,0)+IF(AND($AD32>KF$10,$AD32<=KG$10),$AT32*$AD$11,0)+IF(AND($AK32>KF$10,$AK32<=KG$10),$AT32*$AK$11,0)+IF(AND($AP32>KF$10,$AP32<=KG$10),$AT32*$AP$11,0) -> 0 | KH32: =IF(AND($U32>KG$10,$U32<=KH$10),$AT32*$U$11,0)+IF(AND($AD32>KG$10,$AD32<=KH$10),$AT32*$AD$11,0)+IF(AND($AK32>KG$10,$AK32<=KH$10),$AT32*$AK$11,0)+IF(AND($AP32>KG$10,$AP32<=KH$10),$AT32*$AP$11,0) -> 0 | KI32: =IF(AND($U32>KH$10,$U32<=KI$10),$AT32*$U$11,0)+IF(AND($AD32>KH$10,$AD32<=KI$10),$AT32*$AD$11,0)+IF(AND($AK32>KH$10,$AK32<=KI$10),$AT32*$AK$11,0)+IF(AND($AP32>KH$10,$AP32<=KI$10),$AT32*$AP$11,0) -> 0 | KJ32: =IF(AND($U32>KI$10,$U32<=KJ$10),$AT32*$U$11,0)+IF(AND($AD32>KI$10,$AD32<=KJ$10),$AT32*$AD$11,0)+IF(AND($AK32>KI$10,$AK32<=KJ$10),$AT32*$AK$11,0)+IF(AND($AP32>KI$10,$AP32<=KJ$10),$AT32*$AP$11,0) -> 0 | KL32: =IF(AND($W32>KK$10,$W32<=KL$10),$AT32*$U$11,0)+IF(AND($AF32>KK$10,$AF32<=KL$10),$AT32*$AD$11,0)+IF(AND($AO32>KK$10,$AO32<=KL$10),$AT32*$AK$11,0)+IF(AND($AR32>KK$10,$AR32<=KL$10),$AT32*$AP$11,0) -> 0 | KM32: =IF(AND($W32>KL$10,$W32<=KM$10),$AT32*$U$11,0)+IF(AND($AF32>KL$10,$AF32<=KM$10),$AT32*$AD$11,0)+IF(AND($AO32>KL$10,$AO32<=KM$10),$AT32*$AK$11,0)+IF(AND($AR32>KL$10,$AR32<=KM$10),$AT32*$AP$11,0) -> 0 | KN32: =IF(AND($W32>KM$10,$W32<=KN$10),$AT32*$U$11,0)+IF(AND($AF32>KM$10,$AF32<=KN$10),$AT32*$AD$11,0)+IF(AND($AO32>KM$10,$AO32<=KN$10),$AT32*$AK$11,0)+IF(AND($AR32>KM$10,$AR32<=KN$10),$AT32*$AP$11,0) -> 0 | KO32: =IF(AND($W32>KN$10,$W32<=KO$10),$AT32*$U$11,0)+IF(AND($AF32>KN$10,$AF32<=KO$10),$AT32*$AD$11,0)+IF(AND($AO32>KN$10,$AO32<=KO$10),$AT32*$AK$11,0)+IF(AND($AR32>KN$10,$AR32<=KO$10),$AT32*$AP$11,0) -> 0 | KP32: =IF(AND($W32>KO$10,$W32<=KP$10),$AT32*$U$11,0)+IF(AND($AF32>KO$10,$AF32<=KP$10),$AT32*$AD$11,0)+IF(AND($AO32>KO$10,$AO32<=KP$10),$AT32*$AK$11,0)+IF(AND($AR32>KO$10,$AR32<=KP$10),$AT32*$AP$11,0) -> 0 | KQ32: =IF(AND($W32>KP$10,$W32<=KQ$10),$AT32*$U$11,0)+IF(AND($AF32>KP$10,$AF32<=KQ$10),$AT32*$AD$11,0)+IF(AND($AO32>KP$10,$AO32<=KQ$10),$AT32*$AK$11,0)+IF(AND($AR32>KP$10,$AR32<=KQ$10),$AT32*$AP$11,0) -> 0 | KR32: =IF(AND($W32>KQ$10,$W32<=KR$10),$AT32*$U$11,0)+IF(AND($AF32>KQ$10,$AF32<=KR$10),$AT32*$AD$11,0)+IF(AND($AO32>KQ$10,$AO32<=KR$10),$AT32*$AK$11,0)+IF(AND($AR32>KQ$10,$AR32<=KR$10),$AT32*$AP$11,0) -> 0 | KS32: =IF(AND($W32>KR$10,$W32<=KS$10),$AT32*$U$11,0)+IF(AND($AF32>KR$10,$AF32<=KS$10),$AT32*$AD$11,0)+IF(AND($AO32>KR$10,$AO32<=KS$10),$AT32*$AK$11,0)+IF(AND($AR32>KR$10,$AR32<=KS$10),$AT32*$AP$11,0) -> 0 | ... PB32: =IF(AND($W32>PA$10,$W32<=PB$10),$AT32*$U$11,0)+IF(AND($AF32>PA$10,$AF32<=PB$10),$AT32*$AD$11,0)+IF(AND($AO32>PA$10,$AO32<=PB$10),$AT32*$AK$11,0)+IF(AND($AR32>PA$10,$AR32<=PB$10),$AT32*$AP$11,0) -> 0 | PD32: =VLOOKUP($I32,[1]IFR!$B$10:$AQ$1616,1,0) -> MM-ZTK-1F-IPX-PLR-DWG-9000 | PE32: =INT(VLOOKUP($I32,[1]IFR!$B$10:$AQ$1616,20,0)) -> 46199 | PF32: =VLOOKUP($I32,[1]IFA!$B$10:$AQ$694,1,0) -> MM-ZTK-1F-IPX-PLR-DWG-9000 | PG32: =INT(VLOOKUP($I32,[1]IFA!$B$10:$AQ$694,20,0)) -> 46220 | PH32: =VLOOKUP($I32,[1]IFC!$B$10:$AQ$702,1,0) -> MM-ZTK-1F-IPX-PLR-DWG-9000 | PI32: =INT(VLOOKUP($I32,[1]IFC!$B$10:$AQ$702,20,0)) -> 46244 | PJ32: =VLOOKUP($I32,[1]IFC!$B$10:$AQ$702,17,0) -> AFC | PK32: =VLOOKUP($I32,[1]IFC!$B$10:$AQ$702,33,0) -> Approved | PL32: =VLOOKUP($I32,[1]IFC!$B$10:$AQ$702,32,0) -> APPR | PM32: =INT(VLOOKUP($I32,[1]IFC!$B$10:$AQ$702,37,0)) -> 46258
A33: 23 | B33: =IF(J33<>"",MAX(B$14:B32)+1,"") -> 16 | C33: IPX | D33: PLR | E33: DWG | F33: 9001 | G33: dwg | I33: =CONCATENATE("MM-",$D$6,"-",$D$7,"-",C33,"-",D33,"-",E33,"-",F33) -> MM-ZTK-1F-IPX-PLR-DWG-9001 | J33: Overall Field Layout | M33: R1 | N33: =VLOOKUP(I33,'MS Project'!$B$6:$F$189,5,FALSE)+7 -> 46174 | O33: =N33+7 -> 46181 | P33: =O33+3 -> 46184 | Q33: A1 | R33: =P33+2 -> 46186 | S33: =R33+2 -> 46188 | T33: =S33+3 -> 46191 | U33: =T33+1 -> 46192 | V33: 46199 | W33: =V33 -> 46199 | X33: =U33+14 -> 46206 | Y33: =X33+2 -> 46208 | Z33: B1 | AA33: =Y33+4 -> 46212 | AB33: =AA33+3 -> 46215 | AC33: =AB33+4 -> 46219 | AD33: =AC33+1 -> 46220 | AE33: 46220 | AF33: 46220 | AG33: =AD33+14 -> 46234 | AH33: =AG33+2 -> 46236 | AI33: C1 | AJ33: =AH33+4 -> 46240 | AK33: =AJ33+1 -> 46241 | AL33: 46220 | AM33: =AK33+14 -> 46255 | AO33: =AK33 -> 46241 | AP33: =AM33 -> 46255 | AQ33: 46227 | AR33: =AP33 -> 46255 | AS33: 1 | AT33: =AS33/$AS$11 -> 0.0081967213 | AU33: =IF($U33>0,IF($U33<=$AV$7,$AT33*$U$11,0))+IF($AD33>0,IF($AD33<=$AV$7,$AT33*$AD$11,0))+IF($AK33>0,IF($AK33<=$AV$7,$AT33*$AK$11,0))+IF($AP33>0,IF($AP33<=$AV$7,$AT33*$AP$11,0)) -> 0.0081967213 | AV33: =IF($V33>0,IF($V33<=$AV$7,$AT33*$U$11,0))+IF($AE33>0,IF($AE33<=$AV$7,$AT33*$AD$11,0))+IF($AL33>0,IF($AL33<=$AV$7,$AT33*$AK$11,0))+IF($AQ33>0,IF($AQ33<=$AV$7,$AT33*$AP$11,0)) -> 0.0081967213 | AW33: =AV33-AU33 -> 0 | AX33: =IF($U33>0,IF($U33<=$AZ$7,$AT33*$U$11,0))+IF($AD33>0,IF($AD33<=$AZ$7,$AT33*$AD$11,0))+IF($AK33>0,IF($AK33<=$AZ$7,$AT33*$AK$11,0))+IF($AP33>0,IF($AP33<=$AZ$7,$AT33*$AP$11,0)) -> 0.0081967213 | AY33: =IF($V33>0,IF($V33<=$AZ$7,$AT33*$U$11,0))+IF($AE33>0,IF($AE33<=$AZ$7,$AT33*$AD$11,0))+IF($AL33>0,IF($AL33<=$AZ$7,$AT33*$AK$11,0))+IF($AQ33>0,IF($AQ33<=$AZ$7,$AT33*$AP$11,0)) -> 0.0081967213 | AZ33: =AY33-AX33 -> 0 | BB33: =IF(AND($U33>BA$10,$U33<=BB$10),$AT33*$U$11,0)+IF(AND($AD33>BA$10,$AD33<=BB$10),$AT33*$AD$11,0)+IF(AND($AK33>BA$10,$AK33<=BB$10),$AT33*$AK$11,0)+IF(AND($AP33>BA$10,$AP33<=BB$10),$AT33*$AP$11,0) -> 0 | BC33: =IF(AND($U33>BB$10,$U33<=BC$10),$AT33*$U$11,0)+IF(AND($AD33>BB$10,$AD33<=BC$10),$AT33*$AD$11,0)+IF(AND($AK33>BB$10,$AK33<=BC$10),$AT33*$AK$11,0)+IF(AND($AP33>BB$10,$AP33<=BC$10),$AT33*$AP$11,0) -> 0 | BD33: =IF(AND($U33>BC$10,$U33<=BD$10),$AT33*$U$11,0)+IF(AND($AD33>BC$10,$AD33<=BD$10),$AT33*$AD$11,0)+IF(AND($AK33>BC$10,$AK33<=BD$10),$AT33*$AK$11,0)+IF(AND($AP33>BC$10,$AP33<=BD$10),$AT33*$AP$11,0) -> 0 | BE33: =IF(AND($U33>BD$10,$U33<=BE$10),$AT33*$U$11,0)+IF(AND($AD33>BD$10,$AD33<=BE$10),$AT33*$AD$11,0)+IF(AND($AK33>BD$10,$AK33<=BE$10),$AT33*$AK$11,0)+IF(AND($AP33>BD$10,$AP33<=BE$10),$AT33*$AP$11,0) -> 0 | BF33: =IF(AND($U33>BE$10,$U33<=BF$10),$AT33*$U$11,0)+IF(AND($AD33>BE$10,$AD33<=BF$10),$AT33*$AD$11,0)+IF(AND($AK33>BE$10,$AK33<=BF$10),$AT33*$AK$11,0)+IF(AND($AP33>BE$10,$AP33<=BF$10),$AT33*$AP$11,0) -> 0 | BG33: =IF(AND($U33>BF$10,$U33<=BG$10),$AT33*$U$11,0)+IF(AND($AD33>BF$10,$AD33<=BG$10),$AT33*$AD$11,0)+IF(AND($AK33>BF$10,$AK33<=BG$10),$AT33*$AK$11,0)+IF(AND($AP33>BF$10,$AP33<=BG$10),$AT33*$AP$11,0) -> 0 | BH33: =IF(AND($U33>BG$10,$U33<=BH$10),$AT33*$U$11,0)+IF(AND($AD33>BG$10,$AD33<=BH$10),$AT33*$AD$11,0)+IF(AND($AK33>BG$10,$AK33<=BH$10),$AT33*$AK$11,0)+IF(AND($AP33>BG$10,$AP33<=BH$10),$AT33*$AP$11,0) -> 0 | BI33: =IF(AND($U33>BH$10,$U33<=BI$10),$AT33*$U$11,0)+IF(AND($AD33>BH$10,$AD33<=BI$10),$AT33*$AD$11,0)+IF(AND($AK33>BH$10,$AK33<=BI$10),$AT33*$AK$11,0)+IF(AND($AP33>BH$10,$AP33<=BI$10),$AT33*$AP$11,0) -> 0 | ... FR33: =IF(AND($U33>FQ$10,$U33<=FR$10),$AT33*$U$11,0)+IF(AND($AD33>FQ$10,$AD33<=FR$10),$AT33*$AD$11,0)+IF(AND($AK33>FQ$10,$AK33<=FR$10),$AT33*$AK$11,0)+IF(AND($AP33>FQ$10,$AP33<=FR$10),$AT33*$AP$11,0) -> 0 | FT33: =IF(AND($V33>FS$10,$V33<=FT$10),$AT33*$U$11,0)+IF(AND($AE33>FS$10,$AE33<=FT$10),$AT33*$AD$11,0)+IF(AND($AL33>FS$10,$AL33<=FT$10),$AT33*$AK$11,0)+IF(AND($AQ33>FS$10,$AQ33<=FT$10),$AT33*$AP$11,0) -> 0 | FU33: =IF(AND($V33>FT$10,$V33<=FU$10),$AT33*$U$11,0)+IF(AND($AE33>FT$10,$AE33<=FU$10),$AT33*$AD$11,0)+IF(AND($AL33>FT$10,$AL33<=FU$10),$AT33*$AK$11,0)+IF(AND($AQ33>FT$10,$AQ33<=FU$10),$AT33*$AP$11,0) -> 0 | FV33: =IF(AND($V33>FU$10,$V33<=FV$10),$AT33*$U$11,0)+IF(AND($AE33>FU$10,$AE33<=FV$10),$AT33*$AD$11,0)+IF(AND($AL33>FU$10,$AL33<=FV$10),$AT33*$AK$11,0)+IF(AND($AQ33>FU$10,$AQ33<=FV$10),$AT33*$AP$11,0) -> 0 | FW33: =IF(AND($V33>FV$10,$V33<=FW$10),$AT33*$U$11,0)+IF(AND($AE33>FV$10,$AE33<=FW$10),$AT33*$AD$11,0)+IF(AND($AL33>FV$10,$AL33<=FW$10),$AT33*$AK$11,0)+IF(AND($AQ33>FV$10,$AQ33<=FW$10),$AT33*$AP$11,0) -> 0 | FX33: =IF(AND($V33>FW$10,$V33<=FX$10),$AT33*$U$11,0)+IF(AND($AE33>FW$10,$AE33<=FX$10),$AT33*$AD$11,0)+IF(AND($AL33>FW$10,$AL33<=FX$10),$AT33*$AK$11,0)+IF(AND($AQ33>FW$10,$AQ33<=FX$10),$AT33*$AP$11,0) -> 0 | FY33: =IF(AND($V33>FX$10,$V33<=FY$10),$AT33*$U$11,0)+IF(AND($AE33>FX$10,$AE33<=FY$10),$AT33*$AD$11,0)+IF(AND($AL33>FX$10,$AL33<=FY$10),$AT33*$AK$11,0)+IF(AND($AQ33>FX$10,$AQ33<=FY$10),$AT33*$AP$11,0) -> 0 | FZ33: =IF(AND($V33>FY$10,$V33<=FZ$10),$AT33*$U$11,0)+IF(AND($AE33>FY$10,$AE33<=FZ$10),$AT33*$AD$11,0)+IF(AND($AL33>FY$10,$AL33<=FZ$10),$AT33*$AK$11,0)+IF(AND($AQ33>FY$10,$AQ33<=FZ$10),$AT33*$AP$11,0) -> 0 | GA33: =IF(AND($V33>FZ$10,$V33<=GA$10),$AT33*$U$11,0)+IF(AND($AE33>FZ$10,$AE33<=GA$10),$AT33*$AD$11,0)+IF(AND($AL33>FZ$10,$AL33<=GA$10),$AT33*$AK$11,0)+IF(AND($AQ33>FZ$10,$AQ33<=GA$10),$AT33*$AP$11,0) -> 0 | ... KB33: =IF(AND($V33>KA$10,$V33<=KB$10),$AT33*$U$11,0)+IF(AND($AE33>KA$10,$AE33<=KB$10),$AT33*$AD$11,0)+IF(AND($AL33>KA$10,$AL33<=KB$10),$AT33*$AK$11,0)+IF(AND($AQ33>KA$10,$AQ33<=KB$10),$AT33*$AP$11,0) -> 0 | KC33: =IF(AND($U33>KB$10,$U33<=KC$10),$AT33*$U$11,0)+IF(AND($AD33>KB$10,$AD33<=KC$10),$AT33*$AD$11,0)+IF(AND($AK33>KB$10,$AK33<=KC$10),$AT33*$AK$11,0)+IF(AND($AP33>KB$10,$AP33<=KC$10),$AT33*$AP$11,0) -> 0 | KD33: =IF(AND($U33>KC$10,$U33<=KD$10),$AT33*$U$11,0)+IF(AND($AD33>KC$10,$AD33<=KD$10),$AT33*$AD$11,0)+IF(AND($AK33>KC$10,$AK33<=KD$10),$AT33*$AK$11,0)+IF(AND($AP33>KC$10,$AP33<=KD$10),$AT33*$AP$11,0) -> 0 | KE33: =IF(AND($U33>KD$10,$U33<=KE$10),$AT33*$U$11,0)+IF(AND($AD33>KD$10,$AD33<=KE$10),$AT33*$AD$11,0)+IF(AND($AK33>KD$10,$AK33<=KE$10),$AT33*$AK$11,0)+IF(AND($AP33>KD$10,$AP33<=KE$10),$AT33*$AP$11,0) -> 0 | KF33: =IF(AND($U33>KE$10,$U33<=KF$10),$AT33*$U$11,0)+IF(AND($AD33>KE$10,$AD33<=KF$10),$AT33*$AD$11,0)+IF(AND($AK33>KE$10,$AK33<=KF$10),$AT33*$AK$11,0)+IF(AND($AP33>KE$10,$AP33<=KF$10),$AT33*$AP$11,0) -> 0 | KG33: =IF(AND($U33>KF$10,$U33<=KG$10),$AT33*$U$11,0)+IF(AND($AD33>KF$10,$AD33<=KG$10),$AT33*$AD$11,0)+IF(AND($AK33>KF$10,$AK33<=KG$10),$AT33*$AK$11,0)+IF(AND($AP33>KF$10,$AP33<=KG$10),$AT33*$AP$11,0) -> 0 | KH33: =IF(AND($U33>KG$10,$U33<=KH$10),$AT33*$U$11,0)+IF(AND($AD33>KG$10,$AD33<=KH$10),$AT33*$AD$11,0)+IF(AND($AK33>KG$10,$AK33<=KH$10),$AT33*$AK$11,0)+IF(AND($AP33>KG$10,$AP33<=KH$10),$AT33*$AP$11,0) -> 0 | KI33: =IF(AND($U33>KH$10,$U33<=KI$10),$AT33*$U$11,0)+IF(AND($AD33>KH$10,$AD33<=KI$10),$AT33*$AD$11,0)+IF(AND($AK33>KH$10,$AK33<=KI$10),$AT33*$AK$11,0)+IF(AND($AP33>KH$10,$AP33<=KI$10),$AT33*$AP$11,0) -> 0 | KJ33: =IF(AND($U33>KI$10,$U33<=KJ$10),$AT33*$U$11,0)+IF(AND($AD33>KI$10,$AD33<=KJ$10),$AT33*$AD$11,0)+IF(AND($AK33>KI$10,$AK33<=KJ$10),$AT33*$AK$11,0)+IF(AND($AP33>KI$10,$AP33<=KJ$10),$AT33*$AP$11,0) -> 0 | KL33: =IF(AND($W33>KK$10,$W33<=KL$10),$AT33*$U$11,0)+IF(AND($AF33>KK$10,$AF33<=KL$10),$AT33*$AD$11,0)+IF(AND($AO33>KK$10,$AO33<=KL$10),$AT33*$AK$11,0)+IF(AND($AR33>KK$10,$AR33<=KL$10),$AT33*$AP$11,0) -> 0 | KM33: =IF(AND($W33>KL$10,$W33<=KM$10),$AT33*$U$11,0)+IF(AND($AF33>KL$10,$AF33<=KM$10),$AT33*$AD$11,0)+IF(AND($AO33>KL$10,$AO33<=KM$10),$AT33*$AK$11,0)+IF(AND($AR33>KL$10,$AR33<=KM$10),$AT33*$AP$11,0) -> 0 | KN33: =IF(AND($W33>KM$10,$W33<=KN$10),$AT33*$U$11,0)+IF(AND($AF33>KM$10,$AF33<=KN$10),$AT33*$AD$11,0)+IF(AND($AO33>KM$10,$AO33<=KN$10),$AT33*$AK$11,0)+IF(AND($AR33>KM$10,$AR33<=KN$10),$AT33*$AP$11,0) -> 0 | KO33: =IF(AND($W33>KN$10,$W33<=KO$10),$AT33*$U$11,0)+IF(AND($AF33>KN$10,$AF33<=KO$10),$AT33*$AD$11,0)+IF(AND($AO33>KN$10,$AO33<=KO$10),$AT33*$AK$11,0)+IF(AND($AR33>KN$10,$AR33<=KO$10),$AT33*$AP$11,0) -> 0 | KP33: =IF(AND($W33>KO$10,$W33<=KP$10),$AT33*$U$11,0)+IF(AND($AF33>KO$10,$AF33<=KP$10),$AT33*$AD$11,0)+IF(AND($AO33>KO$10,$AO33<=KP$10),$AT33*$AK$11,0)+IF(AND($AR33>KO$10,$AR33<=KP$10),$AT33*$AP$11,0) -> 0 | KQ33: =IF(AND($W33>KP$10,$W33<=KQ$10),$AT33*$U$11,0)+IF(AND($AF33>KP$10,$AF33<=KQ$10),$AT33*$AD$11,0)+IF(AND($AO33>KP$10,$AO33<=KQ$10),$AT33*$AK$11,0)+IF(AND($AR33>KP$10,$AR33<=KQ$10),$AT33*$AP$11,0) -> 0 | KR33: =IF(AND($W33>KQ$10,$W33<=KR$10),$AT33*$U$11,0)+IF(AND($AF33>KQ$10,$AF33<=KR$10),$AT33*$AD$11,0)+IF(AND($AO33>KQ$10,$AO33<=KR$10),$AT33*$AK$11,0)+IF(AND($AR33>KQ$10,$AR33<=KR$10),$AT33*$AP$11,0) -> 0 | KS33: =IF(AND($W33>KR$10,$W33<=KS$10),$AT33*$U$11,0)+IF(AND($AF33>KR$10,$AF33<=KS$10),$AT33*$AD$11,0)+IF(AND($AO33>KR$10,$AO33<=KS$10),$AT33*$AK$11,0)+IF(AND($AR33>KR$10,$AR33<=KS$10),$AT33*$AP$11,0) -> 0 | ... PB33: =IF(AND($W33>PA$10,$W33<=PB$10),$AT33*$U$11,0)+IF(AND($AF33>PA$10,$AF33<=PB$10),$AT33*$AD$11,0)+IF(AND($AO33>PA$10,$AO33<=PB$10),$AT33*$AK$11,0)+IF(AND($AR33>PA$10,$AR33<=PB$10),$AT33*$AP$11,0) -> 0 | PD33: =VLOOKUP($I33,[1]IFR!$B$10:$AQ$1616,1,0) -> MM-ZTK-1F-IPX-PLR-DWG-9001 | PE33: =INT(VLOOKUP($I33,[1]IFR!$B$10:$AQ$1616,20,0)) -> 46199 | PF33: =VLOOKUP($I33,[1]IFA!$B$10:$AQ$694,1,0) -> #N/A | PG33: =INT(VLOOKUP($I33,[1]IFA!$B$10:$AQ$694,20,0)) -> #N/A | PH33: =VLOOKUP($I33,[1]IFC!$B$10:$AQ$702,1,0) -> MM-ZTK-1F-IPX-PLR-DWG-9001 | PI33: =INT(VLOOKUP($I33,[1]IFC!$B$10:$AQ$702,20,0)) -> 46220 | PJ33: =VLOOKUP($I33,[1]IFC!$B$10:$AQ$702,17,0) -> AFC | PK33: =VLOOKUP($I33,[1]IFC!$B$10:$AQ$702,33,0) -> Approved | PL33: =VLOOKUP($I33,[1]IFC!$B$10:$AQ$702,32,0) -> APPR | PM33: =INT(VLOOKUP($I33,[1]IFC!$B$10:$AQ$702,37,0)) -> 46230
