Workbook
Name B: #REF!
Name Cutoff_Date: HLOOKUP(#REF!,#REF!,2,FALSE)
Name Cutoff_Date: HLOOKUP(#REF!,#REF!,2,FALSE)
Name Cutoff_Date: HLOOKUP(#REF!,#REF!,2,FALSE)
Name G: #REF!
Name Graph_Select: 'Overall S-Curves DDE Only'!$A$7&" | "&'Overall S-Curves DDE Only'!$A$8&IF('Overall S-Curves DDE Only'!$A$7="Structural Engineering"," | "&'Overall S-Curves DDE Only'!$A$11,"")
Name Graph_Select: 'S-Curves'!$A$7&" | "&'S-Curves'!$A$8&IF('S-Curves'!$A$7="Structural Engineering"," | "&'S-Curves'!$A$11,"")
Name Graph_Select: #REF!&" | "&#REF!&IF(#REF!="Structural Engineering"," | "&#REF!,"")
Name H: #REF!
Name I: #REF!

Sheet Cut_Off
B2: 46101 | E2: ZAWTIKA Z1F TS | F2: ='Progress%'!A7 -> 7
B3: =B2+7 -> 46108
B4: =B3+7 -> 46115
B5: =B4+7 -> 46122
B6: =B5+7 -> 46129
B7: =B6+7 -> 46136
B8: =B7+7 -> 46143
B9: =B8+7 -> 46150
B10: =B9+7 -> 46157
B11: =B10+7 -> 46164
B12: =B11+7 -> 46171
B13: =B12+7 -> 46178
B14: =B13+7 -> 46185
... B115: =B114+7 -> 46892

Sheet Progress Summary
F1: =N1-1 -> 25 | G1: =O1-1 -> 25 | H1: =P1-1 -> 25 | I1: =Q1-1 -> 25 | N1: =_xlfn.XLOOKUP(D3,'Progress%'!6:6,'Progress%'!1:1,0) -> 26 | O1: =_xlfn.XLOOKUP(D3,'Progress%'!6:6,'Progress%'!1:1,0) -> 26 | P1: =N1 -> 26 | Q1: =P1 -> 26
D2: Cut_Off Date
D3: 46241
D5: Topsides DDE Progress by Platform
D6: Descriptions | E6: % WT | F6: Last Week Cumulative (%) | J6: This Week Period (%) | N6: Cumulative up to this week (%)
F7: Plan [A] | G7: Forecast [B] | H7: Actual [C] | I7: Var. [C-A] | J7: Plan [A] | K7: Forecast [B] | L7: Actual [C] | M7: Var. [C-A] | N7: Plan [A] | O7: Forecast [B] | P7: Actual [C] | Q7: Var. [C-A]
A8: ='Progress%'!A7 -> 7 | B8: =A8+1 -> 8 | C8: =B8+1 -> 9 | D8: Overall Topsides | E8: 1 | F8: {=INDEX('Progress%'!$A$1:$DG$10,'Progress Summary'!$A8,'Progress Summary'!F$1)} -> 0.6242 | G8: {=INDEX('Progress%'!$A$1:$DG$10,'Progress Summary'!$A8,'Progress Summary'!G$1)} -> 0.6242 | H8: {=INDEX('Progress%'!$A$1:$DG$10,'Progress Summary'!$C8,'Progress Summary'!H$1)} -> 0.6246 | I8: =H8-F8 -> 0.0004 | J8: =N8-F8 -> 0.03535 | K8: =O8-G8 -> 0.03535 | L8: =P8-H8 -> 0.02625 | M8: =Q8-I8 -> -0.0091 | N8: {=INDEX('Progress%'!$A$1:$DG$10,'Progress Summary'!$A8,'Progress Summary'!N$1)} -> 0.65955 | O8: {=INDEX('Progress%'!$A$1:$DG$10,'Progress Summary'!$B8,'Progress Summary'!O$1)} -> 0.65955 | P8: {=INDEX('Progress%'!$A$1:$DG$10,'Progress Summary'!$C8,'Progress Summary'!P$1)} -> 0.65085 | Q8: =P8-N8 -> -0.0087

Sheet Progress%
A1: 1 | B1: 2 | C1: 3 | D1: 4 | E1: 5 | F1: 6 | G1: 7 | H1: 8 | I1: 9 | J1: 10 | K1: 11 | L1: 12 | M1: 13 | N1: 14 | O1: 15 | P1: 16 | Q1: 17 | R1: 18 | S1: 19 | T1: 20 | U1: 21 | V1: 22 | W1: 23 | X1: 24 | Y1: 25 | Z1: 26 | AA1: 27 | AB1: 28 | AC1: 29 | AD1: 30 | AE1: 31 | AF1: 32 | AG1: 33 | AH1: 34 | AI1: 35 | AJ1: 36 | AK1: 37 | AL1: 38 | AM1: 39 | AN1: 40 | AO1: 41 | AP1: 42 | AQ1: 43 | AR1: 44 | AS1: 45 | AT1: 46 | AU1: 47 | AV1: 48 | AW1: 49 | AX1: 50 | AY1: 51 | AZ1: 52 | BA1: 53 | BB1: 54 | BC1: 55 | BD1: 56 | BE1: 57 | BF1: 58 | BG1: 59 | BH1: 60 | BI1: 61 | BJ1: 62 | BK1: 63 | BL1: 64 | BM1: 65 | BN1: 66 | BO1: 67 | BP1: 68 | BQ1: 69 | BR1: 70 | BS1: 71 | BT1: 72 | BU1: 73 | BV1: 74 | BW1: 75 | BX1: 76 | BY1: 77 | BZ1: 78 | CA1: 79 | CB1: 80 | CC1: 81 | CD1: 82 | CE1: 83 | CF1: 84 | CG1: 85 | CH1: 86 | CI1: 87 | CJ1: 88 | CK1: 89 | CL1: 90 | CM1: 91 | CN1: 92 | CO1: 93 | CP1: 94 | CQ1: 95 | CR1: 96 | CS1: 97 | CT1: 98 | CU1: 99 | CV1: 100 | CW1: 101 | CX1: 102 | CY1: 103 | CZ1: 104 | DA1: 105 | DB1: 106 | DC1: 107 | DD1: 108 | DE1: 109 | DF1: 110 | DG1: 111 | DH1: 112 | DI1: 113 | DJ1: 114 | DK1: 115 | DL1: 116 | DM1: 117
A2: 2 | D2: Cut_Off
A3: 3 | D3: ='Progress Summary'!D3 -> 46241
A4: 4
A5: 5 | B5: Scope | C5: Total WF | D5: WF% | E5: ZWP-18 Topsides
A6: 6 | F6: 46101 | G6: =F6+7 -> 46108 | H6: =G6+7 -> 46115 | I6: =H6+7 -> 46122 | J6: =I6+7 -> 46129 | K6: =J6+7 -> 46136 | L6: =K6+7 -> 46143 | M6: =L6+7 -> 46150 | N6: =M6+7 -> 46157 | ... DM6: =DL6+7 -> 46878
A7: 7 | B7: ZAWTIKA Z1F TS | C7: 100 | D7: 1 | E7: Plan | F7: =IF($C7>0,SUMIFS(EDSR!$J:$J,EDSR!$A:$A,'Progress%'!$B7,EDSR!$K:$K,"<="&F$6)*0.5+SUMIFS(EDSR!$J:$J,EDSR!$A:$A,'Progress%'!$B7,EDSR!$N:$N,"<="&F$6)*0.2+SUMIFS(EDSR!$J:$J,EDSR!$A:$A,'Progress%'!$B7,EDSR!$Q:$Q,"<="&F$6)*0.1+SUMIFS(EDSR!$J:$J,EDSR!$A:$A,'Progress%'!$B7,EDSR!$T:$T,"<="&F$6)*0.2)/$C7 -> 0 | G7: =IF($C7>0,SUMIFS(EDSR!$J:$J,EDSR!$A:$A,'Progress%'!$B7,EDSR!$K:$K,"<="&G$6)*0.5+SUMIFS(EDSR!$J:$J,EDSR!$A:$A,'Progress%'!$B7,EDSR!$N:$N,"<="&G$6)*0.2+SUMIFS(EDSR!$J:$J,EDSR!$A:$A,'Progress%'!$B7,EDSR!$Q:$Q,"<="&G$6)*0.1+SUMIFS(EDSR!$J:$J,EDSR!$A:$A,'Progress%'!$B7,EDSR!$T:$T,"<="&G$6)*0.2)/$C7 -> 0 | H7: =IF($C7>0,SUMIFS(EDSR!$J:$J,EDSR!$A:$A,'Progress%'!$B7,EDSR!$K:$K,"<="&H$6)*0.5+SUMIFS(EDSR!$J:$J,EDSR!$A:$A,'Progress%'!$B7,EDSR!$N:$N,"<="&H$6)*0.2+SUMIFS(EDSR!$J:$J,EDSR!$A:$A,'Progress%'!$B7,EDSR!$Q:$Q,"<="&H$6)*0.1+SUMIFS(EDSR!$J:$J,EDSR!$A:$A,'Progress%'!$B7,EDSR!$T:$T,"<="&H$6)*0.2)/$C7 -> 0.005 | I7: =IF($C7>0,SUMIFS(EDSR!$J:$J,EDSR!$A:$A,'Progress%'!$B7,EDSR!$K:$K,"<="&I$6)*0.5+SUMIFS(EDSR!$J:$J,EDSR!$A:$A,'Progress%'!$B7,EDSR!$N:$N,"<="&I$6)*0.2+SUMIFS(EDSR!$J:$J,EDSR!$A:$A,'Progress%'!$B7,EDSR!$Q:$Q,"<="&I$6)*0.1+SUMIFS(EDSR!$J:$J,EDSR!$A:$A,'Progress%'!$B7,EDSR!$T:$T,"<="&I$6)*0.2)/$C7 -> 0.07 | J7: =IF($C7>0,SUMIFS(EDSR!$J:$J,EDSR!$A:$A,'Progress%'!$B7,EDSR!$K:$K,"<="&J$6)*0.5+SUMIFS(EDSR!$J:$J,EDSR!$A:$A,'Progress%'!$B7,EDSR!$N:$N,"<="&J$6)*0.2+SUMIFS(EDSR!$J:$J,EDSR!$A:$A,'Progress%'!$B7,EDSR!$Q:$Q,"<="&J$6)*0.1+SUMIFS(EDSR!$J:$J,EDSR!$A:$A,'Progress%'!$B7,EDSR!$T:$T,"<="&J$6)*0.2)/$C7 -> 0.07 | K7: =IF($C7>0,SUMIFS(EDSR!$J:$J,EDSR!$A:$A,'Progress%'!$B7,EDSR!$K:$K,"<="&K$6)*0.5+SUMIFS(EDSR!$J:$J,EDSR!$A:$A,'Progress%'!$B7,EDSR!$N:$N,"<="&K$6)*0.2+SUMIFS(EDSR!$J:$J,EDSR!$A:$A,'Progress%'!$B7,EDSR!$Q:$Q,"<="&K$6)*0.1+SUMIFS(EDSR!$J:$J,EDSR!$A:$A,'Progress%'!$B7,EDSR!$T:$T,"<="&K$6)*0.2)/$C7 -> 0.0975 | L7: =IF($C7>0,SUMIFS(EDSR!$J:$J,EDSR!$A:$A,'Progress%'!$B7,EDSR!$K:$K,"<="&L$6)*0.5+SUMIFS(EDSR!$J:$J,EDSR!$A:$A,'Progress%'!$B7,EDSR!$N:$N,"<="&L$6)*0.2+SUMIFS(EDSR!$J:$J,EDSR!$A:$A,'Progress%'!$B7,EDSR!$Q:$Q,"<="&L$6)*0.1+SUMIFS(EDSR!$J:$J,EDSR!$A:$A,'Progress%'!$B7,EDSR!$T:$T,"<="&L$6)*0.2)/$C7 -> 0.13 | M7: =IF($C7>0,SUMIFS(EDSR!$J:$J,EDSR!$A:$A,'Progress%'!$B7,EDSR!$K:$K,"<="&M$6)*0.5+SUMIFS(EDSR!$J:$J,EDSR!$A:$A,'Progress%'!$B7,EDSR!$N:$N,"<="&M$6)*0.2+SUMIFS(EDSR!$J:$J,EDSR!$A:$A,'Progress%'!$B7,EDSR!$Q:$Q,"<="&M$6)*0.1+SUMIFS(EDSR!$J:$J,EDSR!$A:$A,'Progress%'!$B7,EDSR!$T:$T,"<="&M$6)*0.2)/$C7 -> 0.14 | ... DM7: =IF($C7>0,SUMIFS(EDSR!$J:$J,EDSR!$A:$A,'Progress%'!$B7,EDSR!$K:$K,"<="&DM$6)*0.5+SUMIFS(EDSR!$J:$J,EDSR!$A:$A,'Progress%'!$B7,EDSR!$N:$N,"<="&DM$6)*0.2+SUMIFS(EDSR!$J:$J,EDSR!$A:$A,'Progress%'!$B7,EDSR!$Q:$Q,"<="&DM$6)*0.1+SUMIFS(EDSR!$J:$J,EDSR!$A:$A,'Progress%'!$B7,EDSR!$T:$T,"<="&DM$6)*0.2)/$C7 -> 0.9
A8: 8 | B8: ZAWTIKA Z1F TS | C8: 100 | D8: 1 | E8: Forecast | F8: =IF($C7>0,SUMIFS(EDSR!$J:$J,EDSR!$A:$A,'Progress%'!$B7,EDSR!$L:$L,"<="&F$6)*0.5+SUMIFS(EDSR!$J:$J,EDSR!$A:$A,'Progress%'!$B7,EDSR!$O:$O,"<="&F$6)*0.2+SUMIFS(EDSR!$J:$J,EDSR!$A:$A,'Progress%'!$B7,EDSR!$R:$R,"<="&F$6)*0.1+SUMIFS(EDSR!$J:$J,EDSR!$A:$A,'Progress%'!$B7,EDSR!$U:$U,"<="&F$6)*0.2)/$C7 -> 0 | G8: =IF($C7>0,SUMIFS(EDSR!$J:$J,EDSR!$A:$A,'Progress%'!$B7,EDSR!$L:$L,"<="&G$6)*0.5+SUMIFS(EDSR!$J:$J,EDSR!$A:$A,'Progress%'!$B7,EDSR!$O:$O,"<="&G$6)*0.2+SUMIFS(EDSR!$J:$J,EDSR!$A:$A,'Progress%'!$B7,EDSR!$R:$R,"<="&G$6)*0.1+SUMIFS(EDSR!$J:$J,EDSR!$A:$A,'Progress%'!$B7,EDSR!$U:$U,"<="&G$6)*0.2)/$C7 -> 0 | H8: =IF($C7>0,SUMIFS(EDSR!$J:$J,EDSR!$A:$A,'Progress%'!$B7,EDSR!$L:$L,"<="&H$6)*0.5+SUMIFS(EDSR!$J:$J,EDSR!$A:$A,'Progress%'!$B7,EDSR!$O:$O,"<="&H$6)*0.2+SUMIFS(EDSR!$J:$J,EDSR!$A:$A,'Progress%'!$B7,EDSR!$R:$R,"<="&H$6)*0.1+SUMIFS(EDSR!$J:$J,EDSR!$A:$A,'Progress%'!$B7,EDSR!$U:$U,"<="&H$6)*0.2)/$C7 -> 0.005 | I8: =IF($C7>0,SUMIFS(EDSR!$J:$J,EDSR!$A:$A,'Progress%'!$B7,EDSR!$L:$L,"<="&I$6)*0.5+SUMIFS(EDSR!$J:$J,EDSR!$A:$A,'Progress%'!$B7,EDSR!$O:$O,"<="&I$6)*0.2+SUMIFS(EDSR!$J:$J,EDSR!$A:$A,'Progress%'!$B7,EDSR!$R:$R,"<="&I$6)*0.1+SUMIFS(EDSR!$J:$J,EDSR!$A:$A,'Progress%'!$B7,EDSR!$U:$U,"<="&I$6)*0.2)/$C7 -> 0.07 | J8: =IF($C7>0,SUMIFS(EDSR!$J:$J,EDSR!$A:$A,'Progress%'!$B7,EDSR!$L:$L,"<="&J$6)*0.5+SUMIFS(EDSR!$J:$J,EDSR!$A:$A,'Progress%'!$B7,EDSR!$O:$O,"<="&J$6)*0.2+SUMIFS(EDSR!$J:$J,EDSR!$A:$A,'Progress%'!$B7,EDSR!$R:$R,"<="&J$6)*0.1+SUMIFS(EDSR!$J:$J,EDSR!$A:$A,'Progress%'!$B7,EDSR!$U:$U,"<="&J$6)*0.2)/$C7 -> 0.07 | K8: =IF($C7>0,SUMIFS(EDSR!$J:$J,EDSR!$A:$A,'Progress%'!$B7,EDSR!$L:$L,"<="&K$6)*0.5+SUMIFS(EDSR!$J:$J,EDSR!$A:$A,'Progress%'!$B7,EDSR!$O:$O,"<="&K$6)*0.2+SUMIFS(EDSR!$J:$J,EDSR!$A:$A,'Progress%'!$B7,EDSR!$R:$R,"<="&K$6)*0.1+SUMIFS(EDSR!$J:$J,EDSR!$A:$A,'Progress%'!$B7,EDSR!$U:$U,"<="&K$6)*0.2)/$C7 -> 0.0975 | L8: =IF($C7>0,SUMIFS(EDSR!$J:$J,EDSR!$A:$A,'Progress%'!$B7,EDSR!$L:$L,"<="&L$6)*0.5+SUMIFS(EDSR!$J:$J,EDSR!$A:$A,'Progress%'!$B7,EDSR!$O:$O,"<="&L$6)*0.2+SUMIFS(EDSR!$J:$J,EDSR!$A:$A,'Progress%'!$B7,EDSR!$R:$R,"<="&L$6)*0.1+SUMIFS(EDSR!$J:$J,EDSR!$A:$A,'Progress%'!$B7,EDSR!$U:$U,"<="&L$6)*0.2)/$C7 -> 0.13 | M8: =IF($C7>0,SUMIFS(EDSR!$J:$J,EDSR!$A:$A,'Progress%'!$B7,EDSR!$L:$L,"<="&M$6)*0.5+SUMIFS(EDSR!$J:$J,EDSR!$A:$A,'Progress%'!$B7,EDSR!$O:$O,"<="&M$6)*0.2+SUMIFS(EDSR!$J:$J,EDSR!$A:$A,'Progress%'!$B7,EDSR!$R:$R,"<="&M$6)*0.1+SUMIFS(EDSR!$J:$J,EDSR!$A:$A,'Progress%'!$B7,EDSR!$U:$U,"<="&M$6)*0.2)/$C7 -> 0.14 | ... DM8: =IF($C7>0,SUMIFS(EDSR!$J:$J,EDSR!$A:$A,'Progress%'!$B7,EDSR!$L:$L,"<="&DM$6)*0.5+SUMIFS(EDSR!$J:$J,EDSR!$A:$A,'Progress%'!$B7,EDSR!$O:$O,"<="&DM$6)*0.2+SUMIFS(EDSR!$J:$J,EDSR!$A:$A,'Progress%'!$B7,EDSR!$R:$R,"<="&DM$6)*0.1+SUMIFS(EDSR!$J:$J,EDSR!$A:$A,'Progress%'!$B7,EDSR!$U:$U,"<="&DM$6)*0.2)/$C7 -> 0.9
A9: 9 | B9: ZAWTIKA Z1F TS | C9: 100 | D9: 1 | E9: Actual | F9: =IF($C9>0,SUMIFS(EDSR!$J:$J,EDSR!$A:$A,'Progress%'!$B9,EDSR!$M:$M,"<="&F$6)*0.5+SUMIFS(EDSR!$J:$J,EDSR!$A:$A,'Progress%'!$B9,EDSR!$P:$P,"<="&F$6)*0.2+SUMIFS(EDSR!$J:$J,EDSR!$A:$A,'Progress%'!$B9,EDSR!$S:$S,"<="&F$6)*0.1+SUMIFS(EDSR!$J:$J,EDSR!$A:$A,'Progress%'!$B9,EDSR!$V:$V,"<="&F$6)*0.2)/$C9 -> 0 | G9: =IF($C9>0,SUMIFS(EDSR!$J:$J,EDSR!$A:$A,'Progress%'!$B9,EDSR!$M:$M,"<="&G$6)*0.5+SUMIFS(EDSR!$J:$J,EDSR!$A:$A,'Progress%'!$B9,EDSR!$P:$P,"<="&G$6)*0.2+SUMIFS(EDSR!$J:$J,EDSR!$A:$A,'Progress%'!$B9,EDSR!$S:$S,"<="&G$6)*0.1+SUMIFS(EDSR!$J:$J,EDSR!$A:$A,'Progress%'!$B9,EDSR!$V:$V,"<="&G$6)*0.2)/$C9 -> 0 | H9: =IF($C9>0,SUMIFS(EDSR!$J:$J,EDSR!$A:$A,'Progress%'!$B9,EDSR!$M:$M,"<="&H$6)*0.5+SUMIFS(EDSR!$J:$J,EDSR!$A:$A,'Progress%'!$B9,EDSR!$P:$P,"<="&H$6)*0.2+SUMIFS(EDSR!$J:$J,EDSR!$A:$A,'Progress%'!$B9,EDSR!$S:$S,"<="&H$6)*0.1+SUMIFS(EDSR!$J:$J,EDSR!$A:$A,'Progress%'!$B9,EDSR!$V:$V,"<="&H$6)*0.2)/$C9 -> 0 | I9: =IF($C9>0,SUMIFS(EDSR!$J:$J,EDSR!$A:$A,'Progress%'!$B9,EDSR!$M:$M,"<="&I$6)*0.5+SUMIFS(EDSR!$J:$J,EDSR!$A:$A,'Progress%'!$B9,EDSR!$P:$P,"<="&I$6)*0.2+SUMIFS(EDSR!$J:$J,EDSR!$A:$A,'Progress%'!$B9,EDSR!$S:$S,"<="&I$6)*0.1+SUMIFS(EDSR!$J:$J,EDSR!$A:$A,'Progress%'!$B9,EDSR!$V:$V,"<="&I$6)*0.2)/$C9 -> 0.02 | J9: =IF($C9>0,SUMIFS(EDSR!$J:$J,EDSR!$A:$A,'Progress%'!$B9,EDSR!$M:$M,"<="&J$6)*0.5+SUMIFS(EDSR!$J:$J,EDSR!$A:$A,'Progress%'!$B9,EDSR!$P:$P,"<="&J$6)*0.2+SUMIFS(EDSR!$J:$J,EDSR!$A:$A,'Progress%'!$B9,EDSR!$S:$S,"<="&J$6)*0.1+SUMIFS(EDSR!$J:$J,EDSR!$A:$A,'Progress%'!$B9,EDSR!$V:$V,"<="&J$6)*0.2)/$C9 -> 0.02 | K9: =IF($C9>0,SUMIFS(EDSR!$J:$J,EDSR!$A:$A,'Progress%'!$B9,EDSR!$M:$M,"<="&K$6)*0.5+SUMIFS(EDSR!$J:$J,EDSR!$A:$A,'Progress%'!$B9,EDSR!$P:$P,"<="&K$6)*0.2+SUMIFS(EDSR!$J:$J,EDSR!$A:$A,'Progress%'!$B9,EDSR!$S:$S,"<="&K$6)*0.1+SUMIFS(EDSR!$J:$J,EDSR!$A:$A,'Progress%'!$B9,EDSR!$V:$V,"<="&K$6)*0.2)/$C9 -> 0.06125 | L9: =IF($C9>0,SUMIFS(EDSR!$J:$J,EDSR!$A:$A,'Progress%'!$B9,EDSR!$M:$M,"<="&L$6)*0.5+SUMIFS(EDSR!$J:$J,EDSR!$A:$A,'Progress%'!$B9,EDSR!$P:$P,"<="&L$6)*0.2+SUMIFS(EDSR!$J:$J,EDSR!$A:$A,'Progress%'!$B9,EDSR!$S:$S,"<="&L$6)*0.1+SUMIFS(EDSR!$J:$J,EDSR!$A:$A,'Progress%'!$B9,EDSR!$V:$V,"<="&L$6)*0.2)/$C9 -> 0.11125 | M9: =IF($C9>0,SUMIFS(EDSR!$J:$J,EDSR!$A:$A,'Progress%'!$B9,EDSR!$M:$M,"<="&M$6)*0.5+SUMIFS(EDSR!$J:$J,EDSR!$A:$A,'Progress%'!$B9,EDSR!$P:$P,"<="&M$6)*0.2+SUMIFS(EDSR!$J:$J,EDSR!$A:$A,'Progress%'!$B9,EDSR!$S:$S,"<="&M$6)*0.1+SUMIFS(EDSR!$J:$J,EDSR!$A:$A,'Progress%'!$B9,EDSR!$V:$V,"<="&M$6)*0.2)/$C9 -> 0.1345 | ... DM9: =IF($C9>0,SUMIFS(EDSR!$J:$J,EDSR!$A:$A,'Progress%'!$B9,EDSR!$M:$M,"<="&DM$6)*0.5+SUMIFS(EDSR!$J:$J,EDSR!$A:$A,'Progress%'!$B9,EDSR!$P:$P,"<="&DM$6)*0.2+SUMIFS(EDSR!$J:$J,EDSR!$A:$A,'Progress%'!$B9,EDSR!$S:$S,"<="&DM$6)*0.1+SUMIFS(EDSR!$J:$J,EDSR!$A:$A,'Progress%'!$B9,EDSR!$V:$V,"<="&DM$6)*0.2)/$C9 -> 0.65085
A10: 10

Sheet S-Curves
C4: Zawtika 1F
C5: Topsides Detailed Design
D10: 6 | E10: 7 | F10: 8 | G10: 9 | H10: 10 | I10: 11 | J10: 12 | K10: 13 | L10: 14 | M10: 15 | N10: 16 | O10: 17 | P10: 18 | Q10: 19 | R10: 20 | S10: 21 | T10: 22 | U10: 23 | V10: 24 | W10: 25 | X10: 26 | Y10: 27 | Z10: 28 | AA10: 29 | AB10: 30 | AC10: 31 | AD10: 32 | AE10: 33 | AF10: 34 | AG10: 35 | AH10: 36 | AI10: 37 | AJ10: 38 | AK10: 39 | AL10: 40 | AM10: 41 | AN10: 42 | AO10: 43 | AP10: 44 | AQ10: 45 | AR10: 46 | AS10: 47 | AT10: 48 | AU10: 49 | AV10: 50 | AW10: 51 | AX10: 52 | AY10: 53 | AZ10: 54 | BA10: 55 | BB10: 56 | BC10: 57 | BD10: 58 | BE10: 59 | BF10: 60 | BG10: 61 | BH10: 62 | BI10: 63 | BJ10: 64 | BK10: 65 | BL10: 66 | BM10: 67 | BN10: 68 | BO10: 69 | BP10: 70 | BQ10: 71 | BR10: 72 | BS10: 73 | BT10: 74 | BU10: 75 | BV10: 76 | BW10: 77 | BX10: 78 | BY10: 79 | BZ10: 80 | CA10: 81 | CB10: 82 | CC10: 83 | CD10: 84 | CE10: 85 | CF10: 86 | CG10: 87 | CH10: 88 | CI10: 89 | CJ10: 90 | CK10: 91 | CL10: 92 | CM10: 93 | CN10: 94 | CO10: 95 | CP10: 96 | CQ10: 97 | CR10: 98 | CS10: 99 | CT10: 100 | CU10: 101 | CV10: 102 | CW10: 103 | CX10: 104 | CY10: 105 | CZ10: 106 | DA10: 107 | DB10: 108 | DC10: 109 | DD10: 110 | DE10: 111
A11: ZAWTIKA Z1F TS | C11: Description | D11: 46101 | E11: 46108 | F11: 46115 | G11: 46122 | H11: 46129 | I11: 46136 | J11: 46143 | K11: 46150 | L11: 46157 | M11: 46164 | N11: 46171 | O11: 46178 | P11: 46185 | Q11: 46192 | R11: 46199 | S11: 46206 | T11: 46213 | U11: 46220 | V11: 46227 | W11: 46234 | X11: 46241 | Y11: 46248 | Z11: 46255 | AA11: 46262 | AB11: 46269 | AC11: 46276 | AD11: 46283 | AE11: 46290 | AF11: 46297 | AG11: 46304 | AH11: 46311 | AI11: 46318 | AJ11: 46325 | AK11: 46332 | AL11: 46339 | AM11: 46346 | AN11: 46353 | AO11: 46360 | AP11: 46367 | AQ11: 46374 | AR11: 46381 | AS11: 46388 | AT11: 46395 | AU11: 46402 | AV11: 46409 | AW11: 46416 | AX11: 46423 | AY11: 46430 | AZ11: 46437 | BA11: 46444 | BB11: 46451 | BC11: 46458 | BD11: 46465 | BE11: 46472 | BF11: 46479 | BG11: 46486 | BH11: 46493 | BI11: 46500 | BJ11: 46507 | BK11: 46514 | BL11: 46521 | BM11: 46528 | BN11: 46535 | BO11: 46542 | BP11: 46549 | BQ11: 46556 | BR11: 46563 | BS11: 46570 | BT11: 46577 | BU11: 46584 | BV11: 46591 | BW11: 46598 | BX11: 46605 | BY11: 46612 | BZ11: 46619 | CA11: 46626 | CB11: 46633 | CC11: 46640 | CD11: 46647 | CE11: 46654 | CF11: 46661 | CG11: 46668 | CH11: 46675 | CI11: 46682 | CJ11: 46689 | CK11: 46696 | CL11: 46703 | CM11: 46710 | CN11: 46717 | CO11: 46724 | CP11: 46731 | CQ11: 46738 | CR11: 46745 | CS11: 46752 | CT11: 46759 | CU11: 46766 | CV11: 46773 | CW11: 46780 | CX11: 46787 | CY11: 46794 | CZ11: 46801 | DA11: 46808 | DB11: 46815 | DC11: 46822 | DD11: 46829 | DE11: 46836
A12: =_xlfn.XLOOKUP(A11,Cut_Off!E:E,Cut_Off!F:F,0) -> 7 | C12: Cumulative Plan | D12: {=INDEX('Progress%'!$A$1:$DG$10,'S-Curves'!$A12,'S-Curves'!D$10)} -> 0 | E12: {=INDEX('Progress%'!$A$1:$DG$10,'S-Curves'!$A12,'S-Curves'!E$10)} -> 0 | F12: {=INDEX('Progress%'!$A$1:$DG$10,'S-Curves'!$A12,'S-Curves'!F$10)} -> 0.005 | G12: {=INDEX('Progress%'!$A$1:$DG$10,'S-Curves'!$A12,'S-Curves'!G$10)} -> 0.07 | H12: {=INDEX('Progress%'!$A$1:$DG$10,'S-Curves'!$A12,'S-Curves'!H$10)} -> 0.07 | I12: {=INDEX('Progress%'!$A$1:$DG$10,'S-Curves'!$A12,'S-Curves'!I$10)} -> 0.0975 | J12: {=INDEX('Progress%'!$A$1:$DG$10,'S-Curves'!$A12,'S-Curves'!J$10)} -> 0.13 | K12: {=INDEX('Progress%'!$A$1:$DG$10,'S-Curves'!$A12,'S-Curves'!K$10)} -> 0.14 | ... DE12: {=INDEX('Progress%'!$A$1:$DG$10,'S-Curves'!$A12,'S-Curves'!DE$10)} -> 0.9
A13: =A12+1 -> 8 | C13: Cumulative Forecast | D13: {=INDEX('Progress%'!$A$1:$DG$10,'S-Curves'!$A13,'S-Curves'!D$10)} -> 0 | E13: {=INDEX('Progress%'!$A$1:$DG$10,'S-Curves'!$A13,'S-Curves'!E$10)} -> 0 | F13: {=INDEX('Progress%'!$A$1:$DG$10,'S-Curves'!$A13,'S-Curves'!F$10)} -> 0.005 | G13: {=INDEX('Progress%'!$A$1:$DG$10,'S-Curves'!$A13,'S-Curves'!G$10)} -> 0.07 | H13: {=INDEX('Progress%'!$A$1:$DG$10,'S-Curves'!$A13,'S-Curves'!H$10)} -> 0.07 | I13: {=INDEX('Progress%'!$A$1:$DG$10,'S-Curves'!$A13,'S-Curves'!I$10)} -> 0.0975 | J13: {=INDEX('Progress%'!$A$1:$DG$10,'S-Curves'!$A13,'S-Curves'!J$10)} -> 0.13 | K13: {=INDEX('Progress%'!$A$1:$DG$10,'S-Curves'!$A13,'S-Curves'!K$10)} -> 0.14 | ... DE13: {=INDEX('Progress%'!$A$1:$DG$10,'S-Curves'!$A13,'S-Curves'!DE$10)} -> 0.9
A14: =A12+2 -> 9 | C14: Cumulative Actual | D14: {=INDEX('Progress%'!$A$1:$DG$10,'S-Curves'!$A14,'S-Curves'!D$10)} -> 0 | E14: {=INDEX('Progress%'!$A$1:$DG$10,'S-Curves'!$A14,'S-Curves'!E$10)} -> 0 | F14: {=INDEX('Progress%'!$A$1:$DG$10,'S-Curves'!$A14,'S-Curves'!F$10)} -> 0 | G14: {=INDEX('Progress%'!$A$1:$DG$10,'S-Curves'!$A14,'S-Curves'!G$10)} -> 0.02 | H14: {=INDEX('Progress%'!$A$1:$DG$10,'S-Curves'!$A14,'S-Curves'!H$10)} -> 0.02 | I14: {=INDEX('Progress%'!$A$1:$DG$10,'S-Curves'!$A14,'S-Curves'!I$10)} -> 0.06125 | J14: {=INDEX('Progress%'!$A$1:$DG$10,'S-Curves'!$A14,'S-Curves'!J$10)} -> 0.11125 | K14: {=INDEX('Progress%'!$A$1:$DG$10,'S-Curves'!$A14,'S-Curves'!K$10)} -> 0.1345 | ... X14: {=INDEX('Progress%'!$A$1:$DG$10,'S-Curves'!$A14,'S-Curves'!X$10)} -> 0.65085
C15: Period Plan (Early) | D15: =D12 -> 0 | E15: =E12-D12 -> 0 | F15: =F12-E12 -> 0.005 | G15: =G12-F12 -> 0.065 | H15: =H12-G12 -> 0 | I15: =I12-H12 -> 0.0275 | J15: =J12-I12 -> 0.0325 | K15: =K12-J12 -> 0.01 | L15: =L12-K12 -> 0.02575 | ... DE15: =DE12-DD12 -> 0
C16: Period Forecast | D16: =D13 -> 0 | E16: =E13-D13 -> 0 | F16: =F13-E13 -> 0.005 | G16: =G13-F13 -> 0.065 | H16: =H13-G13 -> 0 | I16: =I13-H13 -> 0.0275 | J16: =J13-I13 -> 0.0325 | K16: =K13-J13 -> 0.01 | L16: =L13-K13 -> 0.02575 | ... DE16: =DE13-DD13 -> 0
B17: Remaining Units | C17: Period Actual | D17: =D14 -> 0 | E17: =E14-D14 -> 0 | F17: =F14-E14 -> 0 | G17: =G14-F14 -> 0.02 | H17: =H14-G14 -> 0 | I17: =I14-H14 -> 0.04125 | J17: =J14-I14 -> 0.05 | K17: =K14-J14 -> 0.02325 | L17: =L14-K14 -> 0.02 | ... X17: =X14-W14 -> 0.02625

Sheet EDSR
A1: Cut-off Date | D1: 46241
A2: EDSR -TOPSIDES | K2: IFR (50%) | N2: IFA (20%) | Q2: AFC Sub (10%) | T2: AFC App. (20%) | X2: For Project control engineer follow up
A3: Facility | C3: Type | D3: Deliverable Title | E3: Description | F3: Plan [A] | G3: Forecast [B] | H3: Actual [C] | I3: Var. [C-A] | J3: Weight % | K3: Plan | L3: Forecast | M3: Actual | N3: Plan | O3: Forecast | P3: Actual | Q3: Plan | R3: Forecast | S3: Actual | T3: Plan | U3: Forecast | V3: Actual | X3: IFR (50%) | Y3: IFA (20%) | Z3: AFC Sub (10%) | AA3: AFC App. (20%)
A4: ZAWTIKA Z1F TS | B4: GENERIC | C4: RPT | D4: MM-ZTK-1F-GEN-STR-BOD-0001 | E4: STRUCTURAL DESIGN BASIS | F4: =(COUNTIFS(K4,"<="&$D$1)*50%)+(COUNTIFS(N4,"<="&$D$1)*20%)+(COUNTIFS(Q4,"<="&$D$1)*10%)+(COUNTIFS(T4,"<="&$D$1)*20%) -> 1 | G4: =(COUNTIFS(L4,"<="&$D$1)*50%)+(COUNTIFS(O4,"<="&$D$1)*20%)+(COUNTIFS(R4,"<="&$D$1)*10%)+(COUNTIFS(U4,"<="&$D$1)*20%) -> 1 | H4: =(COUNTIFS(M4,"<="&$D$1)*50%)+(COUNTIFS(P4,"<="&$D$1)*20%)+(COUNTIFS(S4,"<="&$D$1)*10%)+(COUNTIFS(V4,"<="&$D$1)*20%) -> 0.7 | I4: =H4-F4 -> -0.3 | J4: 1 | K4: 46115 | L4: =K4 -> 46115 | M4: 46136 | N4: =K4+42 -> 46157 | O4: =N4 -> 46157 | P4: 46227 | Q4: =N4+42 -> 46199 | R4: =Q4 -> 46199 | T4: =Q4+14 -> 46213 | U4: =T4 -> 46213 | X4: =IF(OR(M4<>""),"Completed", IF(L4="","",IF(L4<TODAY(),"Overdue", IF(AND(L4>=TODAY()-WEEKDAY(TODAY(),2)+1,L4<=TODAY()-WEEKDAY(TODAY(),2)+7),"Follow-This Week", IF(AND(L4>=TODAY()-WEEKDAY(TODAY(),2)+8,L4<=TODAY()-WEEKDAY(TODAY(),2)+14),"Follow-Next Week",""))))) -> Completed | Y4: =IF(OR(P4<>""),"Completed",IF(O4="","", IF(O4<TODAY(),"Overdue", IF(AND(O4>=TODAY()-WEEKDAY(TODAY(),2)+1,O4<=TODAY()-WEEKDAY(TODAY(),2)+7),"Follow-This Week", IF(AND(O4>=TODAY()-WEEKDAY(TODAY(),2)+8,O4<=TODAY()-WEEKDAY(TODAY(),2)+14),"Follow-Next Week",""))))) -> Completed | Z4: =IF(OR(S4<>""),"Completed",IF(R4="","", IF(R4<TODAY(),"Overdue", IF(AND(R4>=TODAY()-WEEKDAY(TODAY(),2)+1,R4<=TODAY()-WEEKDAY(TODAY(),2)+7),"Follow-This Week", IF(AND(R4>=TODAY()-WEEKDAY(TODAY(),2)+8,R4<=TODAY()-WEEKDAY(TODAY(),2)+14),"Follow-Next Week",""))))) -> Overdue | AA4: =IF(OR(V4<>""),"Completed",IF(U4="","", IF(U4<TODAY(),"Overdue", IF(AND(U4>=TODAY()-WEEKDAY(TODAY(),2)+1,U4<=TODAY()-WEEKDAY(TODAY(),2)+7),"Follow-This Week", IF(AND(U4>=TODAY()-WEEKDAY(TODAY(),2)+8,U4<=TODAY()-WEEKDAY(TODAY(),2)+14),"Follow-Next Week",""))))) -> Overdue
A5: ZAWTIKA Z1F TS | B5: GENERIC | C5: RPT | D5: MM-ZTK-1F-GEN-NVA-BOD-0001 | E5: NAVAL ARCHITECTURE DESIGN BASIS | F5: =(COUNTIFS(K5,"<="&$D$1)*50%)+(COUNTIFS(N5,"<="&$D$1)*20%)+(COUNTIFS(Q5,"<="&$D$1)*10%)+(COUNTIFS(T5,"<="&$D$1)*20%) -> 1 | G5: =(COUNTIFS(L5,"<="&$D$1)*50%)+(COUNTIFS(O5,"<="&$D$1)*20%)+(COUNTIFS(R5,"<="&$D$1)*10%)+(COUNTIFS(U5,"<="&$D$1)*20%) -> 1 | H5: =(COUNTIFS(M5,"<="&$D$1)*50%)+(COUNTIFS(P5,"<="&$D$1)*20%)+(COUNTIFS(S5,"<="&$D$1)*10%)+(COUNTIFS(V5,"<="&$D$1)*20%) -> 0.7 | I5: =H5-F5 -> -0.3 | J5: 1 | K5: 46122 | L5: =K5 -> 46122 | M5: 46135 | N5: =K5+42 -> 46164 | O5: =N5 -> 46164 | P5: 46230 | Q5: =N5+42 -> 46206 | R5: =Q5 -> 46206 | T5: =Q5+14 -> 46220 | U5: =T5 -> 46220 | X5: =IF(OR(M5<>""),"Completed", IF(L5="","",IF(L5<TODAY(),"Overdue", IF(AND(L5>=TODAY()-WEEKDAY(TODAY(),2)+1,L5<=TODAY()-WEEKDAY(TODAY(),2)+7),"Follow-This Week", IF(AND(L5>=TODAY()-WEEKDAY(TODAY(),2)+8,L5<=TODAY()-WEEKDAY(TODAY(),2)+14),"Follow-Next Week",""))))) -> Completed | Y5: =IF(OR(P5<>""),"Completed",IF(O5="","", IF(O5<TODAY(),"Overdue", IF(AND(O5>=TODAY()-WEEKDAY(TODAY(),2)+1,O5<=TODAY()-WEEKDAY(TODAY(),2)+7),"Follow-This Week", IF(AND(O5>=TODAY()-WEEKDAY(TODAY(),2)+8,O5<=TODAY()-WEEKDAY(TODAY(),2)+14),"Follow-Next Week",""))))) -> Completed | Z5: =IF(OR(S5<>""),"Completed",IF(R5="","", IF(R5<TODAY(),"Overdue", IF(AND(R5>=TODAY()-WEEKDAY(TODAY(),2)+1,R5<=TODAY()-WEEKDAY(TODAY(),2)+7),"Follow-This Week", IF(AND(R5>=TODAY()-WEEKDAY(TODAY(),2)+8,R5<=TODAY()-WEEKDAY(TODAY(),2)+14),"Follow-Next Week",""))))) -> Overdue | AA5: =IF(OR(V5<>""),"Completed",IF(U5="","", IF(U5<TODAY(),"Overdue", IF(AND(U5>=TODAY()-WEEKDAY(TODAY(),2)+1,U5<=TODAY()-WEEKDAY(TODAY(),2)+7),"Follow-This Week", IF(AND(U5>=TODAY()-WEEKDAY(TODAY(),2)+8,U5<=TODAY()-WEEKDAY(TODAY(),2)+14),"Follow-Next Week",""))))) -> Overdue
A6: ZAWTIKA Z1F TS | B6: GENERIC | C6: RPT | D6: MM-ZTK-1F-GEN-STR-PDR-0001 | E6: WEIGHT CONTROL PROCEDURE | F6: =(COUNTIFS(K6,"<="&$D$1)*50%)+(COUNTIFS(N6,"<="&$D$1)*20%)+(COUNTIFS(Q6,"<="&$D$1)*10%)+(COUNTIFS(T6,"<="&$D$1)*20%) -> 1 | G6: =(COUNTIFS(L6,"<="&$D$1)*50%)+(COUNTIFS(O6,"<="&$D$1)*20%)+(COUNTIFS(R6,"<="&$D$1)*10%)+(COUNTIFS(U6,"<="&$D$1)*20%) -> 1 | H6: =(COUNTIFS(M6,"<="&$D$1)*50%)+(COUNTIFS(P6,"<="&$D$1)*20%)+(COUNTIFS(S6,"<="&$D$1)*10%)+(COUNTIFS(V6,"<="&$D$1)*20%) -> 1 | I6: =H6-F6 -> 0 | J6: 1 | K6: 46122 | L6: =K6 -> 46122 | M6: 46122 | N6: =K6+42 -> 46164 | O6: =N6 -> 46164 | P6: 46171 | Q6: =N6+42 -> 46206 | R6: =Q6 -> 46206 | S6: 46171 | T6: =Q6+14 -> 46220 | U6: =T6 -> 46220 | V6: 46192 | X6: =IF(OR(M6<>""),"Completed", IF(L6="","",IF(L6<TODAY(),"Overdue", IF(AND(L6>=TODAY()-WEEKDAY(TODAY(),2)+1,L6<=TODAY()-WEEKDAY(TODAY(),2)+7),"Follow-This Week", IF(AND(L6>=TODAY()-WEEKDAY(TODAY(),2)+8,L6<=TODAY()-WEEKDAY(TODAY(),2)+14),"Follow-Next Week",""))))) -> Completed | Y6: =IF(OR(P6<>""),"Completed",IF(O6="","", IF(O6<TODAY(),"Overdue", IF(AND(O6>=TODAY()-WEEKDAY(TODAY(),2)+1,O6<=TODAY()-WEEKDAY(TODAY(),2)+7),"Follow-This Week", IF(AND(O6>=TODAY()-WEEKDAY(TODAY(),2)+8,O6<=TODAY()-WEEKDAY(TODAY(),2)+14),"Follow-Next Week",""))))) -> Completed | Z6: =IF(OR(S6<>""),"Completed",IF(R6="","", IF(R6<TODAY(),"Overdue", IF(AND(R6>=TODAY()-WEEKDAY(TODAY(),2)+1,R6<=TODAY()-WEEKDAY(TODAY(),2)+7),"Follow-This Week", IF(AND(R6>=TODAY()-WEEKDAY(TODAY(),2)+8,R6<=TODAY()-WEEKDAY(TODAY(),2)+14),"Follow-Next Week",""))))) -> Completed | AA6: =IF(OR(V6<>""),"Completed",IF(U6="","", IF(U6<TODAY(),"Overdue", IF(AND(U6>=TODAY()-WEEKDAY(TODAY(),2)+1,U6<=TODAY()-WEEKDAY(TODAY(),2)+7),"Follow-This Week", IF(AND(U6>=TODAY()-WEEKDAY(TODAY(),2)+8,U6<=TODAY()-WEEKDAY(TODAY(),2)+14),"Follow-Next Week",""))))) -> Completed
A7: ZAWTIKA Z1F TS | B7: ZWP-20 | C7: RPT | D7: MM-ZTK-1F-ZWP20-STR-CAL-0001 | E7: ZWP20- BASIC STRUCTURAL ENGINEERING VERIFICATION REPORT | X7: =IF(OR(M7<>""),"Completed", IF(L7="","",IF(L7<TODAY(),"Overdue", IF(AND(L7>=TODAY()-WEEKDAY(TODAY(),2)+1,L7<=TODAY()-WEEKDAY(TODAY(),2)+7),"Follow-This Week", IF(AND(L7>=TODAY()-WEEKDAY(TODAY(),2)+8,L7<=TODAY()-WEEKDAY(TODAY(),2)+14),"Follow-Next Week",""))))) | Y7: =IF(OR(P7<>""),"Completed",IF(O7="","", IF(O7<TODAY(),"Overdue", IF(AND(O7>=TODAY()-WEEKDAY(TODAY(),2)+1,O7<=TODAY()-WEEKDAY(TODAY(),2)+7),"Follow-This Week", IF(AND(O7>=TODAY()-WEEKDAY(TODAY(),2)+8,O7<=TODAY()-WEEKDAY(TODAY(),2)+14),"Follow-Next Week",""))))) | Z7: =IF(OR(S7<>""),"Completed",IF(R7="","", IF(R7<TODAY(),"Overdue", IF(AND(R7>=TODAY()-WEEKDAY(TODAY(),2)+1,R7<=TODAY()-WEEKDAY(TODAY(),2)+7),"Follow-This Week", IF(AND(R7>=TODAY()-WEEKDAY(TODAY(),2)+8,R7<=TODAY()-WEEKDAY(TODAY(),2)+14),"Follow-Next Week",""))))) | AA7: =IF(OR(V7<>""),"Completed",IF(U7="","", IF(U7<TODAY(),"Overdue", IF(AND(U7>=TODAY()-WEEKDAY(TODAY(),2)+1,U7<=TODAY()-WEEKDAY(TODAY(),2)+7),"Follow-This Week", IF(AND(U7>=TODAY()-WEEKDAY(TODAY(),2)+8,U7<=TODAY()-WEEKDAY(TODAY(),2)+14),"Follow-Next Week","")))))
A8: ZAWTIKA Z1F TS | B8: ZWP-21 | C8: RPT | D8: MM-ZTK-1F-ZWP21-STR-CAL-0001 | E8: ZWP21- BASIC STRUCTURAL ENGINEERING VERIFICATION REPORT | X8: =IF(OR(M8<>""),"Completed", IF(L8="","",IF(L8<TODAY(),"Overdue", IF(AND(L8>=TODAY()-WEEKDAY(TODAY(),2)+1,L8<=TODAY()-WEEKDAY(TODAY(),2)+7),"Follow-This Week", IF(AND(L8>=TODAY()-WEEKDAY(TODAY(),2)+8,L8<=TODAY()-WEEKDAY(TODAY(),2)+14),"Follow-Next Week",""))))) | Y8: =IF(OR(P8<>""),"Completed",IF(O8="","", IF(O8<TODAY(),"Overdue", IF(AND(O8>=TODAY()-WEEKDAY(TODAY(),2)+1,O8<=TODAY()-WEEKDAY(TODAY(),2)+7),"Follow-This Week", IF(AND(O8>=TODAY()-WEEKDAY(TODAY(),2)+8,O8<=TODAY()-WEEKDAY(TODAY(),2)+14),"Follow-Next Week",""))))) | Z8: =IF(OR(S8<>""),"Completed",IF(R8="","", IF(R8<TODAY(),"Overdue", IF(AND(R8>=TODAY()-WEEKDAY(TODAY(),2)+1,R8<=TODAY()-WEEKDAY(TODAY(),2)+7),"Follow-This Week", IF(AND(R8>=TODAY()-WEEKDAY(TODAY(),2)+8,R8<=TODAY()-WEEKDAY(TODAY(),2)+14),"Follow-Next Week",""))))) | AA8: =IF(OR(V8<>""),"Completed",IF(U8="","", IF(U8<TODAY(),"Overdue", IF(AND(U8>=TODAY()-WEEKDAY(TODAY(),2)+1,U8<=TODAY()-WEEKDAY(TODAY(),2)+7),"Follow-This Week", IF(AND(U8>=TODAY()-WEEKDAY(TODAY(),2)+8,U8<=TODAY()-WEEKDAY(TODAY(),2)+14),"Follow-Next Week","")))))
A9: ZAWTIKA Z1F TS | B9: ZWP-22 | C9: RPT | D9: MM-ZTK-1F-ZWP22-STR-CAL-0001 | E9: ZWP22- BASIC STRUCTURAL ENGINEERING VERIFICATION REPORT | X9: =IF(OR(M9<>""),"Completed", IF(L9="","",IF(L9<TODAY(),"Overdue", IF(AND(L9>=TODAY()-WEEKDAY(TODAY(),2)+1,L9<=TODAY()-WEEKDAY(TODAY(),2)+7),"Follow-This Week", IF(AND(L9>=TODAY()-WEEKDAY(TODAY(),2)+8,L9<=TODAY()-WEEKDAY(TODAY(),2)+14),"Follow-Next Week",""))))) | Y9: =IF(OR(P9<>""),"Completed",IF(O9="","", IF(O9<TODAY(),"Overdue", IF(AND(O9>=TODAY()-WEEKDAY(TODAY(),2)+1,O9<=TODAY()-WEEKDAY(TODAY(),2)+7),"Follow-This Week", IF(AND(O9>=TODAY()-WEEKDAY(TODAY(),2)+8,O9<=TODAY()-WEEKDAY(TODAY(),2)+14),"Follow-Next Week",""))))) | Z9: =IF(OR(S9<>""),"Completed",IF(R9="","", IF(R9<TODAY(),"Overdue", IF(AND(R9>=TODAY()-WEEKDAY(TODAY(),2)+1,R9<=TODAY()-WEEKDAY(TODAY(),2)+7),"Follow-This Week", IF(AND(R9>=TODAY()-WEEKDAY(TODAY(),2)+8,R9<=TODAY()-WEEKDAY(TODAY(),2)+14),"Follow-Next Week",""))))) | AA9: =IF(OR(V9<>""),"Completed",IF(U9="","", IF(U9<TODAY(),"Overdue", IF(AND(U9>=TODAY()-WEEKDAY(TODAY(),2)+1,U9<=TODAY()-WEEKDAY(TODAY(),2)+7),"Follow-This Week", IF(AND(U9>=TODAY()-WEEKDAY(TODAY(),2)+8,U9<=TODAY()-WEEKDAY(TODAY(),2)+14),"Follow-Next Week","")))))
A10: ZAWTIKA Z1F TS | B10: ZWP-23 | C10: RPT | D10: MM-ZTK-1F-ZWP23-STR-CAL-0001 | E10: ZWP23- BASIC STRUCTURAL ENGINEERING VERIFICATION REPORT | X10: =IF(OR(M10<>""),"Completed", IF(L10="","",IF(L10<TODAY(),"Overdue", IF(AND(L10>=TODAY()-WEEKDAY(TODAY(),2)+1,L10<=TODAY()-WEEKDAY(TODAY(),2)+7),"Follow-This Week", IF(AND(L10>=TODAY()-WEEKDAY(TODAY(),2)+8,L10<=TODAY()-WEEKDAY(TODAY(),2)+14),"Follow-Next Week",""))))) | Y10: =IF(OR(P10<>""),"Completed",IF(O10="","", IF(O10<TODAY(),"Overdue", IF(AND(O10>=TODAY()-WEEKDAY(TODAY(),2)+1,O10<=TODAY()-WEEKDAY(TODAY(),2)+7),"Follow-This Week", IF(AND(O10>=TODAY()-WEEKDAY(TODAY(),2)+8,O10<=TODAY()-WEEKDAY(TODAY(),2)+14),"Follow-Next Week",""))))) | Z10: =IF(OR(S10<>""),"Completed",IF(R10="","", IF(R10<TODAY(),"Overdue", IF(AND(R10>=TODAY()-WEEKDAY(TODAY(),2)+1,R10<=TODAY()-WEEKDAY(TODAY(),2)+7),"Follow-This Week", IF(AND(R10>=TODAY()-WEEKDAY(TODAY(),2)+8,R10<=TODAY()-WEEKDAY(TODAY(),2)+14),"Follow-Next Week",""))))) | AA10: =IF(OR(V10<>""),"Completed",IF(U10="","", IF(U10<TODAY(),"Overdue", IF(AND(U10>=TODAY()-WEEKDAY(TODAY(),2)+1,U10<=TODAY()-WEEKDAY(TODAY(),2)+7),"Follow-This Week", IF(AND(U10>=TODAY()-WEEKDAY(TODAY(),2)+8,U10<=TODAY()-WEEKDAY(TODAY(),2)+14),"Follow-Next Week","")))))
A11: ZAWTIKA Z1F TS | B11: GENERIC | C11: RPT | D11: MM-ZTK-1F-GEN-STR-CAL-0001 | E11: TOPSIDES- BASIC STRUCTURAL ENGINEERING VERIFICATION REPORT | F11: =(COUNTIFS(K11,"<="&$D$1)*50%)+(COUNTIFS(N11,"<="&$D$1)*20%)+(COUNTIFS(Q11,"<="&$D$1)*10%)+(COUNTIFS(T11,"<="&$D$1)*20%) -> 1 | G11: =(COUNTIFS(L11,"<="&$D$1)*50%)+(COUNTIFS(O11,"<="&$D$1)*20%)+(COUNTIFS(R11,"<="&$D$1)*10%)+(COUNTIFS(U11,"<="&$D$1)*20%) -> 1 | H11: =(COUNTIFS(M11,"<="&$D$1)*50%)+(COUNTIFS(P11,"<="&$D$1)*20%)+(COUNTIFS(S11,"<="&$D$1)*10%)+(COUNTIFS(V11,"<="&$D$1)*20%) -> 1 | I11: =H11-F11 -> 0 | J11: 8 | K11: 46122 | L11: =K11 -> 46122 | M11: 46142 | N11: =K11+42 -> 46164 | O11: =N11 -> 46164 | P11: 46183 | Q11: =N11+42 -> 46206 | R11: =Q11 -> 46206 | S11: 46183 | T11: =Q11+14 -> 46220 | U11: =T11 -> 46220 | V11: 46183 | X11: =IF(OR(M11<>""),"Completed", IF(L11="","",IF(L11<TODAY(),"Overdue", IF(AND(L11>=TODAY()-WEEKDAY(TODAY(),2)+1,L11<=TODAY()-WEEKDAY(TODAY(),2)+7),"Follow-This Week", IF(AND(L11>=TODAY()-WEEKDAY(TODAY(),2)+8,L11<=TODAY()-WEEKDAY(TODAY(),2)+14),"Follow-Next Week",""))))) -> Completed | Y11: =IF(OR(P11<>""),"Completed",IF(O11="","", IF(O11<TODAY(),"Overdue", IF(AND(O11>=TODAY()-WEEKDAY(TODAY(),2)+1,O11<=TODAY()-WEEKDAY(TODAY(),2)+7),"Follow-This Week", IF(AND(O11>=TODAY()-WEEKDAY(TODAY(),2)+8,O11<=TODAY()-WEEKDAY(TODAY(),2)+14),"Follow-Next Week",""))))) -> Completed | Z11: =IF(OR(S11<>""),"Completed",IF(R11="","", IF(R11<TODAY(),"Overdue", IF(AND(R11>=TODAY()-WEEKDAY(TODAY(),2)+1,R11<=TODAY()-WEEKDAY(TODAY(),2)+7),"Follow-This Week", IF(AND(R11>=TODAY()-WEEKDAY(TODAY(),2)+8,R11<=TODAY()-WEEKDAY(TODAY(),2)+14),"Follow-Next Week",""))))) -> Completed | AA11: =IF(OR(V11<>""),"Completed",IF(U11="","", IF(U11<TODAY(),"Overdue", IF(AND(U11>=TODAY()-WEEKDAY(TODAY(),2)+1,U11<=TODAY()-WEEKDAY(TODAY(),2)+7),"Follow-This Week", IF(AND(U11>=TODAY()-WEEKDAY(TODAY(),2)+8,U11<=TODAY()-WEEKDAY(TODAY(),2)+14),"Follow-Next Week",""))))) -> Completed
A12: ZAWTIKA Z1F TS | B12: GENERIC | C12: RPT | D12: MM-ZTK-1F-GEN-STR-WCR-1001 | E12: TOPSIDES WEIGHT CONTROL REPORT (UPDATE MONHLY) | F12: =(COUNTIFS(K12,"<="&$D$1)*50%)+(COUNTIFS(N12,"<="&$D$1)*20%)+(COUNTIFS(Q12,"<="&$D$1)*10%)+(COUNTIFS(T12,"<="&$D$1)*20%) -> 1 | G12: =(COUNTIFS(L12,"<="&$D$1)*50%)+(COUNTIFS(O12,"<="&$D$1)*20%)+(COUNTIFS(R12,"<="&$D$1)*10%)+(COUNTIFS(U12,"<="&$D$1)*20%) -> 1 | H12: =(COUNTIFS(M12,"<="&$D$1)*50%)+(COUNTIFS(P12,"<="&$D$1)*20%)+(COUNTIFS(S12,"<="&$D$1)*10%)+(COUNTIFS(V12,"<="&$D$1)*20%) -> 0.7 | I12: =H12-F12 -> -0.3 | J12: 2 | K12: 46136 | L12: =K12 -> 46136 | M12: 46136 | N12: =K12+42 -> 46178 | O12: =N12 -> 46178 | P12: 46188 | Q12: =N12+42 -> 46220 | R12: =Q12 -> 46220 | T12: =Q12+14 -> 46234 | U12: =T12 -> 46234 | X12: =IF(OR(M12<>""),"Completed", IF(L12="","",IF(L12<TODAY(),"Overdue", IF(AND(L12>=TODAY()-WEEKDAY(TODAY(),2)+1,L12<=TODAY()-WEEKDAY(TODAY(),2)+7),"Follow-This Week", IF(AND(L12>=TODAY()-WEEKDAY(TODAY(),2)+8,L12<=TODAY()-WEEKDAY(TODAY(),2)+14),"Follow-Next Week",""))))) -> Completed | Y12: =IF(OR(P12<>""),"Completed",IF(O12="","", IF(O12<TODAY(),"Overdue", IF(AND(O12>=TODAY()-WEEKDAY(TODAY(),2)+1,O12<=TODAY()-WEEKDAY(TODAY(),2)+7),"Follow-This Week", IF(AND(O12>=TODAY()-WEEKDAY(TODAY(),2)+8,O12<=TODAY()-WEEKDAY(TODAY(),2)+14),"Follow-Next Week",""))))) -> Completed | Z12: =IF(OR(S12<>""),"Completed",IF(R12="","", IF(R12<TODAY(),"Overdue", IF(AND(R12>=TODAY()-WEEKDAY(TODAY(),2)+1,R12<=TODAY()-WEEKDAY(TODAY(),2)+7),"Follow-This Week", IF(AND(R12>=TODAY()-WEEKDAY(TODAY(),2)+8,R12<=TODAY()-WEEKDAY(TODAY(),2)+14),"Follow-Next Week",""))))) -> Overdue | AA12: =IF(OR(V12<>""),"Completed",IF(U12="","", IF(U12<TODAY(),"Overdue", IF(AND(U12>=TODAY()-WEEKDAY(TODAY(),2)+1,U12<=TODAY()-WEEKDAY(TODAY(),2)+7),"Follow-This Week", IF(AND(U12>=TODAY()-WEEKDAY(TODAY(),2)+8,U12<=TODAY()-WEEKDAY(TODAY(),2)+14),"Follow-Next Week",""))))) -> Overdue
A13: ZAWTIKA Z1F TS | B13: GENERIC | C13: RPT | D13: MM-ZTK-1F-GEN-STR-CAL-1001 | E13: TOPSIDES COMPUTER MODELLING WITH VENT BOOM & LOAD FORMULATION | F13: =(COUNTIFS(K13,"<="&$D$1)*50%)+(COUNTIFS(N13,"<="&$D$1)*20%)+(COUNTIFS(Q13,"<="&$D$1)*10%)+(COUNTIFS(T13,"<="&$D$1)*20%) -> 1 | G13: =(COUNTIFS(L13,"<="&$D$1)*50%)+(COUNTIFS(O13,"<="&$D$1)*20%)+(COUNTIFS(R13,"<="&$D$1)*10%)+(COUNTIFS(U13,"<="&$D$1)*20%) -> 1 | H13: =(COUNTIFS(M13,"<="&$D$1)*50%)+(COUNTIFS(P13,"<="&$D$1)*20%)+(COUNTIFS(S13,"<="&$D$1)*10%)+(COUNTIFS(V13,"<="&$D$1)*20%) -> 0.7 | I13: =H13-F13 -> -0.3 | J13: 2 | K13: 46136 | L13: =K13 -> 46136 | M13: 46142 | N13: =K13+42 -> 46178 | O13: =N13 -> 46178 | P13: 46220 | Q13: =N13+42 -> 46220 | R13: =Q13 -> 46220 | T13: =Q13+14 -> 46234 | U13: =T13 -> 46234 | X13: =IF(OR(M13<>""),"Completed", IF(L13="","",IF(L13<TODAY(),"Overdue", IF(AND(L13>=TODAY()-WEEKDAY(TODAY(),2)+1,L13<=TODAY()-WEEKDAY(TODAY(),2)+7),"Follow-This Week", IF(AND(L13>=TODAY()-WEEKDAY(TODAY(),2)+8,L13<=TODAY()-WEEKDAY(TODAY(),2)+14),"Follow-Next Week",""))))) -> Completed | Y13: =IF(OR(P13<>""),"Completed",IF(O13="","", IF(O13<TODAY(),"Overdue", IF(AND(O13>=TODAY()-WEEKDAY(TODAY(),2)+1,O13<=TODAY()-WEEKDAY(TODAY(),2)+7),"Follow-This Week", IF(AND(O13>=TODAY()-WEEKDAY(TODAY(),2)+8,O13<=TODAY()-WEEKDAY(TODAY(),2)+14),"Follow-Next Week",""))))) -> Completed | Z13: =IF(OR(S13<>""),"Completed",IF(R13="","", IF(R13<TODAY(),"Overdue", IF(AND(R13>=TODAY()-WEEKDAY(TODAY(),2)+1,R13<=TODAY()-WEEKDAY(TODAY(),2)+7),"Follow-This Week", IF(AND(R13>=TODAY()-WEEKDAY(TODAY(),2)+8,R13<=TODAY()-WEEKDAY(TODAY(),2)+14),"Follow-Next Week",""))))) -> Overdue | AA13: =IF(OR(V13<>""),"Completed",IF(U13="","", IF(U13<TODAY(),"Overdue", IF(AND(U13>=TODAY()-WEEKDAY(TODAY(),2)+1,U13<=TODAY()-WEEKDAY(TODAY(),2)+7),"Follow-This Week", IF(AND(U13>=TODAY()-WEEKDAY(TODAY(),2)+8,U13<=TODAY()-WEEKDAY(TODAY(),2)+14),"Follow-Next Week",""))))) -> Overdue
A14: ZAWTIKA Z1F TS | B14: GENERIC | C14: RPT | D14: MM-ZTK-1F-GEN-STR-CAL-1011 | E14: TOPSIDES IN-PLACE ANALYSIS REPORT | F14: =(COUNTIFS(K14,"<="&$D$1)*50%)+(COUNTIFS(N14,"<="&$D$1)*20%)+(COUNTIFS(Q14,"<="&$D$1)*10%)+(COUNTIFS(T14,"<="&$D$1)*20%) -> 1 | G14: =(COUNTIFS(L14,"<="&$D$1)*50%)+(COUNTIFS(O14,"<="&$D$1)*20%)+(COUNTIFS(R14,"<="&$D$1)*10%)+(COUNTIFS(U14,"<="&$D$1)*20%) -> 1 | H14: =(COUNTIFS(M14,"<="&$D$1)*50%)+(COUNTIFS(P14,"<="&$D$1)*20%)+(COUNTIFS(S14,"<="&$D$1)*10%)+(COUNTIFS(V14,"<="&$D$1)*20%) -> 0.7 | I14: =H14-F14 -> -0.3 | J14: 2 | K14: 46143 | L14: =K14 -> 46143 | M14: 46161 | N14: =K14+42 -> 46185 | O14: =N14 -> 46185 | P14: 46234 | Q14: =N14+42 -> 46227 | R14: =Q14 -> 46227 | T14: =Q14+14 -> 46241 | U14: =T14 -> 46241 | X14: =IF(OR(M14<>""),"Completed", IF(L14="","",IF(L14<TODAY(),"Overdue", IF(AND(L14>=TODAY()-WEEKDAY(TODAY(),2)+1,L14<=TODAY()-WEEKDAY(TODAY(),2)+7),"Follow-This Week", IF(AND(L14>=TODAY()-WEEKDAY(TODAY(),2)+8,L14<=TODAY()-WEEKDAY(TODAY(),2)+14),"Follow-Next Week",""))))) -> Completed | Y14: =IF(OR(P14<>""),"Completed",IF(O14="","", IF(O14<TODAY(),"Overdue", IF(AND(O14>=TODAY()-WEEKDAY(TODAY(),2)+1,O14<=TODAY()-WEEKDAY(TODAY(),2)+7),"Follow-This Week", IF(AND(O14>=TODAY()-WEEKDAY(TODAY(),2)+8,O14<=TODAY()-WEEKDAY(TODAY(),2)+14),"Follow-Next Week",""))))) -> Completed | Z14: =IF(OR(S14<>""),"Completed",IF(R14="","", IF(R14<TODAY(),"Overdue", IF(AND(R14>=TODAY()-WEEKDAY(TODAY(),2)+1,R14<=TODAY()-WEEKDAY(TODAY(),2)+7),"Follow-This Week", IF(AND(R14>=TODAY()-WEEKDAY(TODAY(),2)+8,R14<=TODAY()-WEEKDAY(TODAY(),2)+14),"Follow-Next Week",""))))) -> Overdue | AA14: =IF(OR(V14<>""),"Completed",IF(U14="","", IF(U14<TODAY(),"Overdue", IF(AND(U14>=TODAY()-WEEKDAY(TODAY(),2)+1,U14<=TODAY()-WEEKDAY(TODAY(),2)+7),"Follow-This Week", IF(AND(U14>=TODAY()-WEEKDAY(TODAY(),2)+8,U14<=TODAY()-WEEKDAY(TODAY(),2)+14),"Follow-Next Week",""))))) -> Overdue
A15: ZAWTIKA Z1F TS | B15: GENERIC | C15: RPT | D15: MM-ZTK-1F-GEN-STR-CAL-1012 | E15: TOPSIDES LOADOUT ANALYSIS REPORT | F15: =(COUNTIFS(K15,"<="&$D$1)*50%)+(COUNTIFS(N15,"<="&$D$1)*20%)+(COUNTIFS(Q15,"<="&$D$1)*10%)+(COUNTIFS(T15,"<="&$D$1)*20%) -> 0.8 | G15: =(COUNTIFS(L15,"<="&$D$1)*50%)+(COUNTIFS(O15,"<="&$D$1)*20%)+(COUNTIFS(R15,"<="&$D$1)*10%)+(COUNTIFS(U15,"<="&$D$1)*20%) -> 0.8 | H15: =(COUNTIFS(M15,"<="&$D$1)*50%)+(COUNTIFS(P15,"<="&$D$1)*20%)+(COUNTIFS(S15,"<="&$D$1)*10%)+(COUNTIFS(V15,"<="&$D$1)*20%) -> 0.7 | I15: =H15-F15 -> -0.1 | J15: 2 | K15: 46150 | L15: =K15 -> 46150 | M15: 46155 | N15: =K15+42 -> 46192 | O15: =N15 -> 46192 | P15: 46226 | Q15: =N15+42 -> 46234 | R15: =Q15 -> 46234 | T15: =Q15+14 -> 46248 | U15: =T15 -> 46248 | X15: =IF(OR(M15<>""),"Completed", IF(L15="","",IF(L15<TODAY(),"Overdue", IF(AND(L15>=TODAY()-WEEKDAY(TODAY(),2)+1,L15<=TODAY()-WEEKDAY(TODAY(),2)+7),"Follow-This Week", IF(AND(L15>=TODAY()-WEEKDAY(TODAY(),2)+8,L15<=TODAY()-WEEKDAY(TODAY(),2)+14),"Follow-Next Week",""))))) -> Completed | Y15: =IF(OR(P15<>""),"Completed",IF(O15="","", IF(O15<TODAY(),"Overdue", IF(AND(O15>=TODAY()-WEEKDAY(TODAY(),2)+1,O15<=TODAY()-WEEKDAY(TODAY(),2)+7),"Follow-This Week", IF(AND(O15>=TODAY()-WEEKDAY(TODAY(),2)+8,O15<=TODAY()-WEEKDAY(TODAY(),2)+14),"Follow-Next Week",""))))) -> Completed | Z15: =IF(OR(S15<>""),"Completed",IF(R15="","", IF(R15<TODAY(),"Overdue", IF(AND(R15>=TODAY()-WEEKDAY(TODAY(),2)+1,R15<=TODAY()-WEEKDAY(TODAY(),2)+7),"Follow-This Week", IF(AND(R15>=TODAY()-WEEKDAY(TODAY(),2)+8,R15<=TODAY()-WEEKDAY(TODAY(),2)+14),"Follow-Next Week",""))))) -> Overdue | AA15: =IF(OR(V15<>""),"Completed",IF(U15="","", IF(U15<TODAY(),"Overdue", IF(AND(U15>=TODAY()-WEEKDAY(TODAY(),2)+1,U15<=TODAY()-WEEKDAY(TODAY(),2)+7),"Follow-This Week", IF(AND(U15>=TODAY()-WEEKDAY(TODAY(),2)+8,U15<=TODAY()-WEEKDAY(TODAY(),2)+14),"Follow-Next Week",""))))) -> Follow-Next Week
A16: ZAWTIKA Z1F TS | B16: GENERIC | C16: RPT | D16: MM-ZTK-1F-GEN-STR-CAL-1013 | E16: TOPSIDES TRANSPORATION ANALYSIS - SUPERSEDED | F16: =(COUNTIFS(K16,"<="&$D$1)*50%)+(COUNTIFS(N16,"<="&$D$1)*20%)+(COUNTIFS(Q16,"<="&$D$1)*10%)+(COUNTIFS(T16,"<="&$D$1)*20%) -> 0.7 | G16: =(COUNTIFS(L16,"<="&$D$1)*50%)+(COUNTIFS(O16,"<="&$D$1)*20%)+(COUNTIFS(R16,"<="&$D$1)*10%)+(COUNTIFS(U16,"<="&$D$1)*20%) -> 0.7 | H16: =(COUNTIFS(M16,"<="&$D$1)*50%)+(COUNTIFS(P16,"<="&$D$1)*20%)+(COUNTIFS(S16,"<="&$D$1)*10%)+(COUNTIFS(V16,"<="&$D$1)*20%) -> 1 | I16: =H16-F16 -> 0.3 | J16: 1.2 | K16: 46171 | L16: =K16 -> 46171 | M16: 46178 | N16: =K16+42 -> 46213 | O16: =N16 -> 46213 | P16: 46234 | Q16: =N16+42 -> 46255 | R16: =Q16 -> 46255 | S16: 46234 | T16: =Q16+14 -> 46269 | U16: =T16 -> 46269 | V16: 46234 | X16: =IF(OR(M16<>""),"Completed", IF(L16="","",IF(L16<TODAY(),"Overdue", IF(AND(L16>=TODAY()-WEEKDAY(TODAY(),2)+1,L16<=TODAY()-WEEKDAY(TODAY(),2)+7),"Follow-This Week", IF(AND(L16>=TODAY()-WEEKDAY(TODAY(),2)+8,L16<=TODAY()-WEEKDAY(TODAY(),2)+14),"Follow-Next Week",""))))) -> Completed | Y16: =IF(OR(P16<>""),"Completed",IF(O16="","", IF(O16<TODAY(),"Overdue", IF(AND(O16>=TODAY()-WEEKDAY(TODAY(),2)+1,O16<=TODAY()-WEEKDAY(TODAY(),2)+7),"Follow-This Week", IF(AND(O16>=TODAY()-WEEKDAY(TODAY(),2)+8,O16<=TODAY()-WEEKDAY(TODAY(),2)+14),"Follow-Next Week",""))))) -> Completed | Z16: =IF(OR(S16<>""),"Completed",IF(R16="","", IF(R16<TODAY(),"Overdue", IF(AND(R16>=TODAY()-WEEKDAY(TODAY(),2)+1,R16<=TODAY()-WEEKDAY(TODAY(),2)+7),"Follow-This Week", IF(AND(R16>=TODAY()-WEEKDAY(TODAY(),2)+8,R16<=TODAY()-WEEKDAY(TODAY(),2)+14),"Follow-Next Week",""))))) -> Completed | AA16: =IF(OR(V16<>""),"Completed",IF(U16="","", IF(U16<TODAY(),"Overdue", IF(AND(U16>=TODAY()-WEEKDAY(TODAY(),2)+1,U16<=TODAY()-WEEKDAY(TODAY(),2)+7),"Follow-This Week", IF(AND(U16>=TODAY()-WEEKDAY(TODAY(),2)+8,U16<=TODAY()-WEEKDAY(TODAY(),2)+14),"Follow-Next Week",""))))) -> Completed
A17: ZAWTIKA Z1F TS | B17: GENERIC | C17: RPT | D17: MM-ZTK-1F-GEN-STR-CAL-1013 | E17: TOPSIDES TRANSPORATION ANALYSIS REPORT - UPDATED TOW ROUTE | F17: =(COUNTIFS(K17,"<="&$D$1)*50%)+(COUNTIFS(N17,"<="&$D$1)*20%)+(COUNTIFS(Q17,"<="&$D$1)*10%)+(COUNTIFS(T17,"<="&$D$1)*20%) -> 0.7 | G17: =(COUNTIFS(L17,"<="&$D$1)*50%)+(COUNTIFS(O17,"<="&$D$1)*20%)+(COUNTIFS(R17,"<="&$D$1)*10%)+(COUNTIFS(U17,"<="&$D$1)*20%) -> 0.7 | H17: =(COUNTIFS(M17,"<="&$D$1)*50%)+(COUNTIFS(P17,"<="&$D$1)*20%)+(COUNTIFS(S17,"<="&$D$1)*10%)+(COUNTIFS(V17,"<="&$D$1)*20%) -> 0.5 | I17: =H17-F17 -> -0.2 | J17: 0.8 | K17: 46171 | L17: =K17 -> 46171 | M17: 46178 | N17: =K17+42 -> 46213 | O17: =N17 -> 46213 | Q17: =N17+42 -> 46255 | R17: =Q17 -> 46255 | T17: =Q17+14 -> 46269 | U17: =T17 -> 46269 | X17: =IF(OR(M17<>""),"Completed", IF(L17="","",IF(L17<TODAY(),"Overdue", IF(AND(L17>=TODAY()-WEEKDAY(TODAY(),2)+1,L17<=TODAY()-WEEKDAY(TODAY(),2)+7),"Follow-This Week", IF(AND(L17>=TODAY()-WEEKDAY(TODAY(),2)+8,L17<=TODAY()-WEEKDAY(TODAY(),2)+14),"Follow-Next Week",""))))) -> Completed | Y17: =IF(OR(P17<>""),"Completed",IF(O17="","", IF(O17<TODAY(),"Overdue", IF(AND(O17>=TODAY()-WEEKDAY(TODAY(),2)+1,O17<=TODAY()-WEEKDAY(TODAY(),2)+7),"Follow-This Week", IF(AND(O17>=TODAY()-WEEKDAY(TODAY(),2)+8,O17<=TODAY()-WEEKDAY(TODAY(),2)+14),"Follow-Next Week",""))))) -> Overdue | Z17: =IF(OR(S17<>""),"Completed",IF(R17="","", IF(R17<TODAY(),"Overdue", IF(AND(R17>=TODAY()-WEEKDAY(TODAY(),2)+1,R17<=TODAY()-WEEKDAY(TODAY(),2)+7),"Follow-This Week", IF(AND(R17>=TODAY()-WEEKDAY(TODAY(),2)+8,R17<=TODAY()-WEEKDAY(TODAY(),2)+14),"Follow-Next Week",""))))) | AA17: =IF(OR(V17<>""),"Completed",IF(U17="","", IF(U17<TODAY(),"Overdue", IF(AND(U17>=TODAY()-WEEKDAY(TODAY(),2)+1,U17<=TODAY()-WEEKDAY(TODAY(),2)+7),"Follow-This Week", IF(AND(U17>=TODAY()-WEEKDAY(TODAY(),2)+8,U17<=TODAY()-WEEKDAY(TODAY(),2)+14),"Follow-Next Week","")))))
A18: ZAWTIKA Z1F TS | B18: GENERIC | C18: RPT | D18: MM-ZTK-1F-GEN-STR-CAL-1014 | E18: TOPSIDES TRANSPORATION FATIGUE ANALYSIS REPORT - SUPERSEDED | F18: =(COUNTIFS(K18,"<="&$D$1)*50%)+(COUNTIFS(N18,"<="&$D$1)*20%)+(COUNTIFS(Q18,"<="&$D$1)*10%)+(COUNTIFS(T18,"<="&$D$1)*20%) -> 0.7 | G18: =(COUNTIFS(L18,"<="&$D$1)*50%)+(COUNTIFS(O18,"<="&$D$1)*20%)+(COUNTIFS(R18,"<="&$D$1)*10%)+(COUNTIFS(U18,"<="&$D$1)*20%) -> 0.7 | H18: =(COUNTIFS(M18,"<="&$D$1)*50%)+(COUNTIFS(P18,"<="&$D$1)*20%)+(COUNTIFS(S18,"<="&$D$1)*10%)+(COUNTIFS(V18,"<="&$D$1)*20%) -> 1 | I18: =H18-F18 -> 0.3 | J18: 1.2 | K18: 46185 | L18: =K18 -> 46185 | M18: 46205 | N18: =K18+42 -> 46227 | O18: =N18 -> 46227 | P18: 46234 | Q18: =N18+42 -> 46269 | R18: =Q18 -> 46269 | S18: 46234 | T18: =Q18+14 -> 46283 | U18: =T18 -> 46283 | V18: 46234 | X18: =IF(OR(M18<>""),"Completed", IF(L18="","",IF(L18<TODAY(),"Overdue", IF(AND(L18>=TODAY()-WEEKDAY(TODAY(),2)+1,L18<=TODAY()-WEEKDAY(TODAY(),2)+7),"Follow-This Week", IF(AND(L18>=TODAY()-WEEKDAY(TODAY(),2)+8,L18<=TODAY()-WEEKDAY(TODAY(),2)+14),"Follow-Next Week",""))))) -> Completed | Y18: =IF(OR(P18<>""),"Completed",IF(O18="","", IF(O18<TODAY(),"Overdue", IF(AND(O18>=TODAY()-WEEKDAY(TODAY(),2)+1,O18<=TODAY()-WEEKDAY(TODAY(),2)+7),"Follow-This Week", IF(AND(O18>=TODAY()-WEEKDAY(TODAY(),2)+8,O18<=TODAY()-WEEKDAY(TODAY(),2)+14),"Follow-Next Week",""))))) -> Completed | Z18: =IF(OR(S18<>""),"Completed",IF(R18="","", IF(R18<TODAY(),"Overdue", IF(AND(R18>=TODAY()-WEEKDAY(TODAY(),2)+1,R18<=TODAY()-WEEKDAY(TODAY(),2)+7),"Follow-This Week", IF(AND(R18>=TODAY()-WEEKDAY(TODAY(),2)+8,R18<=TODAY()-WEEKDAY(TODAY(),2)+14),"Follow-Next Week",""))))) -> Completed | AA18: =IF(OR(V18<>""),"Completed",IF(U18="","", IF(U18<TODAY(),"Overdue", IF(AND(U18>=TODAY()-WEEKDAY(TODAY(),2)+1,U18<=TODAY()-WEEKDAY(TODAY(),2)+7),"Follow-This Week", IF(AND(U18>=TODAY()-WEEKDAY(TODAY(),2)+8,U18<=TODAY()-WEEKDAY(TODAY(),2)+14),"Follow-Next Week",""))))) -> Completed
A19: ZAWTIKA Z1F TS | B19: GENERIC | C19: RPT | D19: MM-ZTK-1F-GEN-STR-CAL-1014 | E19: TOPSIDES TRANSPORATION FATIGUE ANALYSIS REPORT - UPDATED TOW ROUTE | F19: =(COUNTIFS(K19,"<="&$D$1)*50%)+(COUNTIFS(N19,"<="&$D$1)*20%)+(COUNTIFS(Q19,"<="&$D$1)*10%)+(COUNTIFS(T19,"<="&$D$1)*20%) -> 0.7 | G19: =(COUNTIFS(L19,"<="&$D$1)*50%)+(COUNTIFS(O19,"<="&$D$1)*20%)+(COUNTIFS(R19,"<="&$D$1)*10%)+(COUNTIFS(U19,"<="&$D$1)*20%) -> 0.7 | H19: =(COUNTIFS(M19,"<="&$D$1)*50%)+(COUNTIFS(P19,"<="&$D$1)*20%)+(COUNTIFS(S19,"<="&$D$1)*10%)+(COUNTIFS(V19,"<="&$D$1)*20%) -> 0.5 | I19: =H19-F19 -> -0.2 | J19: 0.8 | K19: 46185 | L19: =K19 -> 46185 | M19: 46205 | N19: 46218 | O19: =N19 -> 46218 | Q19: =N19+42 -> 46260 | R19: =Q19 -> 46260 | T19: =Q19+14 -> 46274 | U19: =T19 -> 46274 | X19: =IF(OR(M19<>""),"Completed", IF(L19="","",IF(L19<TODAY(),"Overdue", IF(AND(L19>=TODAY()-WEEKDAY(TODAY(),2)+1,L19<=TODAY()-WEEKDAY(TODAY(),2)+7),"Follow-This Week", IF(AND(L19>=TODAY()-WEEKDAY(TODAY(),2)+8,L19<=TODAY()-WEEKDAY(TODAY(),2)+14),"Follow-Next Week",""))))) -> Completed | Y19: =IF(OR(P19<>""),"Completed",IF(O19="","", IF(O19<TODAY(),"Overdue", IF(AND(O19>=TODAY()-WEEKDAY(TODAY(),2)+1,O19<=TODAY()-WEEKDAY(TODAY(),2)+7),"Follow-This Week", IF(AND(O19>=TODAY()-WEEKDAY(TODAY(),2)+8,O19<=TODAY()-WEEKDAY(TODAY(),2)+14),"Follow-Next Week",""))))) -> Overdue | Z19: =IF(OR(S19<>""),"Completed",IF(R19="","", IF(R19<TODAY(),"Overdue", IF(AND(R19>=TODAY()-WEEKDAY(TODAY(),2)+1,R19<=TODAY()-WEEKDAY(TODAY(),2)+7),"Follow-This Week", IF(AND(R19>=TODAY()-WEEKDAY(TODAY(),2)+8,R19<=TODAY()-WEEKDAY(TODAY(),2)+14),"Follow-Next Week",""))))) | AA19: =IF(OR(V19<>""),"Completed",IF(U19="","", IF(U19<TODAY(),"Overdue", IF(AND(U19>=TODAY()-WEEKDAY(TODAY(),2)+1,U19<=TODAY()-WEEKDAY(TODAY(),2)+7),"Follow-This Week", IF(AND(U19>=TODAY()-WEEKDAY(TODAY(),2)+8,U19<=TODAY()-WEEKDAY(TODAY(),2)+14),"Follow-Next Week","")))))
A20: ZAWTIKA Z1F TS | B20: GENERIC | C20: RPT | D20: MM-ZTK-1F-GEN-STR-CAL-1015 | E20: TOPSIDES LIFTING ANALYSIS REPORT | F20: =(COUNTIFS(K20,"<="&$D$1)*50%)+(COUNTIFS(N20,"<="&$D$1)*20%)+(COUNTIFS(Q20,"<="&$D$1)*10%)+(COUNTIFS(T20,"<="&$D$1)*20%) -> 0.7 | G20: =(COUNTIFS(L20,"<="&$D$1)*50%)+(COUNTIFS(O20,"<="&$D$1)*20%)+(COUNTIFS(R20,"<="&$D$1)*10%)+(COUNTIFS(U20,"<="&$D$1)*20%) -> 0.7 | H20: =(COUNTIFS(M20,"<="&$D$1)*50%)+(COUNTIFS(P20,"<="&$D$1)*20%)+(COUNTIFS(S20,"<="&$D$1)*10%)+(COUNTIFS(V20,"<="&$D$1)*20%) -> 0.7 | I20: =H20-F20 -> 0 | J20: 2 | K20: 46164 | L20: =K20 -> 46164 | M20: 46157 | N20: =K20+42 -> 46206 | O20: =N20 -> 46206 | P20: 46226 | Q20: =N20+42 -> 46248 | R20: =Q20 -> 46248 | T20: =Q20+14 -> 46262 | U20: =T20 -> 46262 | X20: =IF(OR(M20<>""),"Completed", IF(L20="","",IF(L20<TODAY(),"Overdue", IF(AND(L20>=TODAY()-WEEKDAY(TODAY(),2)+1,L20<=TODAY()-WEEKDAY(TODAY(),2)+7),"Follow-This Week", IF(AND(L20>=TODAY()-WEEKDAY(TODAY(),2)+8,L20<=TODAY()-WEEKDAY(TODAY(),2)+14),"Follow-Next Week",""))))) -> Completed | Y20: =IF(OR(P20<>""),"Completed",IF(O20="","", IF(O20<TODAY(),"Overdue", IF(AND(O20>=TODAY()-WEEKDAY(TODAY(),2)+1,O20<=TODAY()-WEEKDAY(TODAY(),2)+7),"Follow-This Week", IF(AND(O20>=TODAY()-WEEKDAY(TODAY(),2)+8,O20<=TODAY()-WEEKDAY(TODAY(),2)+14),"Follow-Next Week",""))))) -> Completed | Z20: =IF(OR(S20<>""),"Completed",IF(R20="","", IF(R20<TODAY(),"Overdue", IF(AND(R20>=TODAY()-WEEKDAY(TODAY(),2)+1,R20<=TODAY()-WEEKDAY(TODAY(),2)+7),"Follow-This Week", IF(AND(R20>=TODAY()-WEEKDAY(TODAY(),2)+8,R20<=TODAY()-WEEKDAY(TODAY(),2)+14),"Follow-Next Week",""))))) -> Follow-Next Week | AA20: =IF(OR(V20<>""),"Completed",IF(U20="","", IF(U20<TODAY(),"Overdue", IF(AND(U20>=TODAY()-WEEKDAY(TODAY(),2)+1,U20<=TODAY()-WEEKDAY(TODAY(),2)+7),"Follow-This Week", IF(AND(U20>=TODAY()-WEEKDAY(TODAY(),2)+8,U20<=TODAY()-WEEKDAY(TODAY(),2)+14),"Follow-Next Week","")))))
A21: ZAWTIKA Z1F TS | B21: GENERIC | C21: RPT | D21: MM-ZTK-1F-GEN-STR-CAL-1016 | E21: TOPSIDES MISCELLANEOUSD DESIGN REPORT | F21: =(COUNTIFS(K21,"<="&$D$1)*50%)+(COUNTIFS(N21,"<="&$D$1)*20%)+(COUNTIFS(Q21,"<="&$D$1)*10%)+(COUNTIFS(T21,"<="&$D$1)*20%) -> 0.7 | G21: =(COUNTIFS(L21,"<="&$D$1)*50%)+(COUNTIFS(O21,"<="&$D$1)*20%)+(COUNTIFS(R21,"<="&$D$1)*10%)+(COUNTIFS(U21,"<="&$D$1)*20%) -> 0.7 | H21: =(COUNTIFS(M21,"<="&$D$1)*50%)+(COUNTIFS(P21,"<="&$D$1)*20%)+(COUNTIFS(S21,"<="&$D$1)*10%)+(COUNTIFS(V21,"<="&$D$1)*20%) -> 0.5 | I21: =H21-F21 -> -0.2 | J21: 4.1 | K21: 46199 | L21: =K21 -> 46199 | M21: 46196 | N21: =K21+42 -> 46241 | O21: =N21 -> 46241 | Q21: =N21+42 -> 46283 | R21: =Q21 -> 46283 | T21: =Q21+14 -> 46297 | U21: =T21 -> 46297 | X21: =IF(OR(M21<>""),"Completed", IF(L21="","",IF(L21<TODAY(),"Overdue", IF(AND(L21>=TODAY()-WEEKDAY(TODAY(),2)+1,L21<=TODAY()-WEEKDAY(TODAY(),2)+7),"Follow-This Week", IF(AND(L21>=TODAY()-WEEKDAY(TODAY(),2)+8,L21<=TODAY()-WEEKDAY(TODAY(),2)+14),"Follow-Next Week",""))))) -> Completed | Y21: =IF(OR(P21<>""),"Completed",IF(O21="","", IF(O21<TODAY(),"Overdue", IF(AND(O21>=TODAY()-WEEKDAY(TODAY(),2)+1,O21<=TODAY()-WEEKDAY(TODAY(),2)+7),"Follow-This Week", IF(AND(O21>=TODAY()-WEEKDAY(TODAY(),2)+8,O21<=TODAY()-WEEKDAY(TODAY(),2)+14),"Follow-Next Week",""))))) -> Overdue | Z21: =IF(OR(S21<>""),"Completed",IF(R21="","", IF(R21<TODAY(),"Overdue", IF(AND(R21>=TODAY()-WEEKDAY(TODAY(),2)+1,R21<=TODAY()-WEEKDAY(TODAY(),2)+7),"Follow-This Week", IF(AND(R21>=TODAY()-WEEKDAY(TODAY(),2)+8,R21<=TODAY()-WEEKDAY(TODAY(),2)+14),"Follow-Next Week",""))))) | AA21: =IF(OR(V21<>""),"Completed",IF(U21="","", IF(U21<TODAY(),"Overdue", IF(AND(U21>=TODAY()-WEEKDAY(TODAY(),2)+1,U21<=TODAY()-WEEKDAY(TODAY(),2)+7),"Follow-This Week", IF(AND(U21>=TODAY()-WEEKDAY(TODAY(),2)+8,U21<=TODAY()-WEEKDAY(TODAY(),2)+14),"Follow-Next Week","")))))
A22: ZAWTIKA Z1F TS | B22: GENERIC | C22: RPT | D22: MM-ZTK-1F-GEN-STR-CAL-1017 | E22: TOPSIDE FINITE ELEMENT ANALYSIS FOR CASING SLOTS AND UNIHEAD SPACER REPORT | F22: =(COUNTIFS(K22,"<="&$D$1)*50%)+(COUNTIFS(N22,"<="&$D$1)*20%)+(COUNTIFS(Q22,"<="&$D$1)*10%)+(COUNTIFS(T22,"<="&$D$1)*20%) -> 0.5 | G22: =(COUNTIFS(L22,"<="&$D$1)*50%)+(COUNTIFS(O22,"<="&$D$1)*20%)+(COUNTIFS(R22,"<="&$D$1)*10%)+(COUNTIFS(U22,"<="&$D$1)*20%) -> 0.5 | H22: =(COUNTIFS(M22,"<="&$D$1)*50%)+(COUNTIFS(P22,"<="&$D$1)*20%)+(COUNTIFS(S22,"<="&$D$1)*10%)+(COUNTIFS(V22,"<="&$D$1)*20%) -> 0.7 | I22: =H22-F22 -> 0.2 | J22: 2 | K22: 46206 | L22: =K22 -> 46206 | M22: 46213 | N22: =K22+42 -> 46248 | O22: =N22 -> 46248 | P22: 46220 | Q22: =N22+42 -> 46290 | R22: =Q22 -> 46290 | T22: =Q22+14 -> 46304 | U22: =T22 -> 46304 | X22: =IF(OR(M22<>""),"Completed", IF(L22="","",IF(L22<TODAY(),"Overdue", IF(AND(L22>=TODAY()-WEEKDAY(TODAY(),2)+1,L22<=TODAY()-WEEKDAY(TODAY(),2)+7),"Follow-This Week", IF(AND(L22>=TODAY()-WEEKDAY(TODAY(),2)+8,L22<=TODAY()-WEEKDAY(TODAY(),2)+14),"Follow-Next Week",""))))) -> Completed | Y22: =IF(OR(P22<>""),"Completed",IF(O22="","", IF(O22<TODAY(),"Overdue", IF(AND(O22>=TODAY()-WEEKDAY(TODAY(),2)+1,O22<=TODAY()-WEEKDAY(TODAY(),2)+7),"Follow-This Week", IF(AND(O22>=TODAY()-WEEKDAY(TODAY(),2)+8,O22<=TODAY()-WEEKDAY(TODAY(),2)+14),"Follow-Next Week",""))))) -> Completed | Z22: =IF(OR(S22<>""),"Completed",IF(R22="","", IF(R22<TODAY(),"Overdue", IF(AND(R22>=TODAY()-WEEKDAY(TODAY(),2)+1,R22<=TODAY()-WEEKDAY(TODAY(),2)+7),"Follow-This Week", IF(AND(R22>=TODAY()-WEEKDAY(TODAY(),2)+8,R22<=TODAY()-WEEKDAY(TODAY(),2)+14),"Follow-Next Week",""))))) | AA22: =IF(OR(V22<>""),"Completed",IF(U22="","", IF(U22<TODAY(),"Overdue", IF(AND(U22>=TODAY()-WEEKDAY(TODAY(),2)+1,U22<=TODAY()-WEEKDAY(TODAY(),2)+7),"Follow-This Week", IF(AND(U22>=TODAY()-WEEKDAY(TODAY(),2)+8,U22<=TODAY()-WEEKDAY(TODAY(),2)+14),"Follow-Next Week","")))))
A23: ZAWTIKA Z1F TS | B23: ZWP-20 | C23: RPT | D23: MM-ZTK-1F-ZWP20-STR-CAL-2013 | E23: ZWP20 IN-SERVICE COMBINED TOPSIDES AND JACKET FATIGUE ANALYSIS REPORT - SUPERSEDED | F23: =(COUNTIFS(K23,"<="&$D$1)*50%)+(COUNTIFS(N23,"<="&$D$1)*20%)+(COUNTIFS(Q23,"<="&$D$1)*10%)+(COUNTIFS(T23,"<="&$D$1)*20%) -> 0.7 | G23: =(COUNTIFS(L23,"<="&$D$1)*50%)+(COUNTIFS(O23,"<="&$D$1)*20%)+(COUNTIFS(R23,"<="&$D$1)*10%)+(COUNTIFS(U23,"<="&$D$1)*20%) -> 0.7 | H23: =(COUNTIFS(M23,"<="&$D$1)*50%)+(COUNTIFS(P23,"<="&$D$1)*20%)+(COUNTIFS(S23,"<="&$D$1)*10%)+(COUNTIFS(V23,"<="&$D$1)*20%) -> 1 | I23: =H23-F23 -> 0.3 | J23: 1 | K23: 46199 | L23: =K23 -> 46199 | M23: 46220 | N23: =K23+42 -> 46241 | O23: =N23 -> 46241 | P23: 46220 | Q23: =N23+42 -> 46283 | R23: =Q23 -> 46283 | S23: 46220 | T23: =Q23+14 -> 46297 | U23: =T23 -> 46297 | V23: 46220 | X23: =IF(OR(M23<>""),"Completed", IF(L23="","",IF(L23<TODAY(),"Overdue", IF(AND(L23>=TODAY()-WEEKDAY(TODAY(),2)+1,L23<=TODAY()-WEEKDAY(TODAY(),2)+7),"Follow-This Week", IF(AND(L23>=TODAY()-WEEKDAY(TODAY(),2)+8,L23<=TODAY()-WEEKDAY(TODAY(),2)+14),"Follow-Next Week",""))))) -> Completed | Y23: =IF(OR(P23<>""),"Completed",IF(O23="","", IF(O23<TODAY(),"Overdue", IF(AND(O23>=TODAY()-WEEKDAY(TODAY(),2)+1,O23<=TODAY()-WEEKDAY(TODAY(),2)+7),"Follow-This Week", IF(AND(O23>=TODAY()-WEEKDAY(TODAY(),2)+8,O23<=TODAY()-WEEKDAY(TODAY(),2)+14),"Follow-Next Week",""))))) -> Completed | Z23: =IF(OR(S23<>""),"Completed",IF(R23="","", IF(R23<TODAY(),"Overdue", IF(AND(R23>=TODAY()-WEEKDAY(TODAY(),2)+1,R23<=TODAY()-WEEKDAY(TODAY(),2)+7),"Follow-This Week", IF(AND(R23>=TODAY()-WEEKDAY(TODAY(),2)+8,R23<=TODAY()-WEEKDAY(TODAY(),2)+14),"Follow-Next Week",""))))) -> Completed | AA23: =IF(OR(V23<>""),"Completed",IF(U23="","", IF(U23<TODAY(),"Overdue", IF(AND(U23>=TODAY()-WEEKDAY(TODAY(),2)+1,U23<=TODAY()-WEEKDAY(TODAY(),2)+7),"Follow-This Week", IF(AND(U23>=TODAY()-WEEKDAY(TODAY(),2)+8,U23<=TODAY()-WEEKDAY(TODAY(),2)+14),"Follow-Next Week",""))))) -> Completed
A24: ZAWTIKA Z1F TS | B24: ZWP-20 | C24: RPT | D24: MM-ZTK-1F-ZWP20-STR-CAL-2013 | E24: ZWP20 IN-SERVICE COMBINED TOPSIDES AND JACKET FATIGUE ANALYSIS REPORT - NEW WATER DEPTH | F24: =(COUNTIFS(K24,"<="&$D$1)*50%)+(COUNTIFS(N24,"<="&$D$1)*20%)+(COUNTIFS(Q24,"<="&$D$1)*10%)+(COUNTIFS(T24,"<="&$D$1)*20%) -> 0 | G24: =(COUNTIFS(L24,"<="&$D$1)*50%)+(COUNTIFS(O24,"<="&$D$1)*20%)+(COUNTIFS(R24,"<="&$D$1)*10%)+(COUNTIFS(U24,"<="&$D$1)*20%) -> 0 | H24: =(COUNTIFS(M24,"<="&$D$1)*50%)+(COUNTIFS(P24,"<="&$D$1)*20%)+(COUNTIFS(S24,"<="&$D$1)*10%)+(COUNTIFS(V24,"<="&$D$1)*20%) -> 0 | I24: =H24-F24 -> 0 | J24: 1 | K24: 46265 | L24: =K24 -> 46265 | N24: =K24+42 -> 46307 | O24: =N24 -> 46307 | Q24: =N24+42 -> 46349 | R24: =Q24 -> 46349 | T24: =Q24+14 -> 46363 | U24: =T24 -> 46363 | X24: =IF(OR(M24<>""),"Completed", IF(L24="","",IF(L24<TODAY(),"Overdue", IF(AND(L24>=TODAY()-WEEKDAY(TODAY(),2)+1,L24<=TODAY()-WEEKDAY(TODAY(),2)+7),"Follow-This Week", IF(AND(L24>=TODAY()-WEEKDAY(TODAY(),2)+8,L24<=TODAY()-WEEKDAY(TODAY(),2)+14),"Follow-Next Week",""))))) | Y24: =IF(OR(P24<>""),"Completed",IF(O24="","", IF(O24<TODAY(),"Overdue", IF(AND(O24>=TODAY()-WEEKDAY(TODAY(),2)+1,O24<=TODAY()-WEEKDAY(TODAY(),2)+7),"Follow-This Week", IF(AND(O24>=TODAY()-WEEKDAY(TODAY(),2)+8,O24<=TODAY()-WEEKDAY(TODAY(),2)+14),"Follow-Next Week",""))))) | Z24: =IF(OR(S24<>""),"Completed",IF(R24="","", IF(R24<TODAY(),"Overdue", IF(AND(R24>=TODAY()-WEEKDAY(TODAY(),2)+1,R24<=TODAY()-WEEKDAY(TODAY(),2)+7),"Follow-This Week", IF(AND(R24>=TODAY()-WEEKDAY(TODAY(),2)+8,R24<=TODAY()-WEEKDAY(TODAY(),2)+14),"Follow-Next Week",""))))) | AA24: =IF(OR(V24<>""),"Completed",IF(U24="","", IF(U24<TODAY(),"Overdue", IF(AND(U24>=TODAY()-WEEKDAY(TODAY(),2)+1,U24<=TODAY()-WEEKDAY(TODAY(),2)+7),"Follow-This Week", IF(AND(U24>=TODAY()-WEEKDAY(TODAY(),2)+8,U24<=TODAY()-WEEKDAY(TODAY(),2)+14),"Follow-Next Week","")))))
A25: ZAWTIKA Z1F TS | B25: ZWP-21 | C25: RPT | D25: MM-ZTK-1F-ZWP21-STR-CAL-2013 | E25: ZWP21 IN-SERVICE COMBINED TOPSIDES AND JACKET FATIGUE ANALYSIS REPORT - SUPERSEDED | F25: =(COUNTIFS(K25,"<="&$D$1)*50%)+(COUNTIFS(N25,"<="&$D$1)*20%)+(COUNTIFS(Q25,"<="&$D$1)*10%)+(COUNTIFS(T25,"<="&$D$1)*20%) -> 0.8 | G25: =(COUNTIFS(L25,"<="&$D$1)*50%)+(COUNTIFS(O25,"<="&$D$1)*20%)+(COUNTIFS(R25,"<="&$D$1)*10%)+(COUNTIFS(U25,"<="&$D$1)*20%) -> 0.8 | H25: =(COUNTIFS(M25,"<="&$D$1)*50%)+(COUNTIFS(P25,"<="&$D$1)*20%)+(COUNTIFS(S25,"<="&$D$1)*10%)+(COUNTIFS(V25,"<="&$D$1)*20%) -> 1 | I25: =H25-F25 -> 0.2 | J25: 1 | K25: 46157 | L25: =K25 -> 46157 | M25: 46188 | N25: =K25+42 -> 46199 | O25: =N25 -> 46199 | P25: 46220 | Q25: =N25+42 -> 46241 | R25: =Q25 -> 46241 | S25: 46220 | T25: =Q25+14 -> 46255 | U25: =T25 -> 46255 | V25: 46220 | X25: =IF(OR(M25<>""),"Completed", IF(L25="","",IF(L25<TODAY(),"Overdue", IF(AND(L25>=TODAY()-WEEKDAY(TODAY(),2)+1,L25<=TODAY()-WEEKDAY(TODAY(),2)+7),"Follow-This Week", IF(AND(L25>=TODAY()-WEEKDAY(TODAY(),2)+8,L25<=TODAY()-WEEKDAY(TODAY(),2)+14),"Follow-Next Week",""))))) -> Completed | Y25: =IF(OR(P25<>""),"Completed",IF(O25="","", IF(O25<TODAY(),"Overdue", IF(AND(O25>=TODAY()-WEEKDAY(TODAY(),2)+1,O25<=TODAY()-WEEKDAY(TODAY(),2)+7),"Follow-This Week", IF(AND(O25>=TODAY()-WEEKDAY(TODAY(),2)+8,O25<=TODAY()-WEEKDAY(TODAY(),2)+14),"Follow-Next Week",""))))) -> Completed | Z25: =IF(OR(S25<>""),"Completed",IF(R25="","", IF(R25<TODAY(),"Overdue", IF(AND(R25>=TODAY()-WEEKDAY(TODAY(),2)+1,R25<=TODAY()-WEEKDAY(TODAY(),2)+7),"Follow-This Week", IF(AND(R25>=TODAY()-WEEKDAY(TODAY(),2)+8,R25<=TODAY()-WEEKDAY(TODAY(),2)+14),"Follow-Next Week",""))))) -> Completed | AA25: =IF(OR(V25<>""),"Completed",IF(U25="","", IF(U25<TODAY(),"Overdue", IF(AND(U25>=TODAY()-WEEKDAY(TODAY(),2)+1,U25<=TODAY()-WEEKDAY(TODAY(),2)+7),"Follow-This Week", IF(AND(U25>=TODAY()-WEEKDAY(TODAY(),2)+8,U25<=TODAY()-WEEKDAY(TODAY(),2)+14),"Follow-Next Week",""))))) -> Completed
A26: ZAWTIKA Z1F TS | B26: ZWP-21 | C26: RPT | D26: MM-ZTK-1F-ZWP21-STR-CAL-2013 | E26: ZWP21 IN-SERVICE COMBINED TOPSIDES AND JACKET FATIGUE ANALYSIS REPORT - NEW WATER DEPTH | F26: =(COUNTIFS(K26,"<="&$D$1)*50%)+(COUNTIFS(N26,"<="&$D$1)*20%)+(COUNTIFS(Q26,"<="&$D$1)*10%)+(COUNTIFS(T26,"<="&$D$1)*20%) -> 0.8 | G26: =(COUNTIFS(L26,"<="&$D$1)*50%)+(COUNTIFS(O26,"<="&$D$1)*20%)+(COUNTIFS(R26,"<="&$D$1)*10%)+(COUNTIFS(U26,"<="&$D$1)*20%) -> 0.8 | H26: =(COUNTIFS(M26,"<="&$D$1)*50%)+(COUNTIFS(P26,"<="&$D$1)*20%)+(COUNTIFS(S26,"<="&$D$1)*10%)+(COUNTIFS(V26,"<="&$D$1)*20%) -> 0.7 | I26: =H26-F26 -> -0.1 | J26: 1 | K26: 46157 | L26: =K26 -> 46157 | M26: 46223 | N26: =K26+42 -> 46199 | O26: =N26 -> 46199 | P26: 46223 | Q26: =N26+42 -> 46241 | R26: =Q26 -> 46241 | T26: =Q26+14 -> 46255 | U26: =T26 -> 46255 | X26: =IF(OR(M26<>""),"Completed", IF(L26="","",IF(L26<TODAY(),"Overdue", IF(AND(L26>=TODAY()-WEEKDAY(TODAY(),2)+1,L26<=TODAY()-WEEKDAY(TODAY(),2)+7),"Follow-This Week", IF(AND(L26>=TODAY()-WEEKDAY(TODAY(),2)+8,L26<=TODAY()-WEEKDAY(TODAY(),2)+14),"Follow-Next Week",""))))) -> Completed | Y26: =IF(OR(P26<>""),"Completed",IF(O26="","", IF(O26<TODAY(),"Overdue", IF(AND(O26>=TODAY()-WEEKDAY(TODAY(),2)+1,O26<=TODAY()-WEEKDAY(TODAY(),2)+7),"Follow-This Week", IF(AND(O26>=TODAY()-WEEKDAY(TODAY(),2)+8,O26<=TODAY()-WEEKDAY(TODAY(),2)+14),"Follow-Next Week",""))))) -> Completed | Z26: =IF(OR(S26<>""),"Completed",IF(R26="","", IF(R26<TODAY(),"Overdue", IF(AND(R26>=TODAY()-WEEKDAY(TODAY(),2)+1,R26<=TODAY()-WEEKDAY(TODAY(),2)+7),"Follow-This Week", IF(AND(R26>=TODAY()-WEEKDAY(TODAY(),2)+8,R26<=TODAY()-WEEKDAY(TODAY(),2)+14),"Follow-Next Week",""))))) -> Overdue | AA26: =IF(OR(V26<>""),"Completed",IF(U26="","", IF(U26<TODAY(),"Overdue", IF(AND(U26>=TODAY()-WEEKDAY(TODAY(),2)+1,U26<=TODAY()-WEEKDAY(TODAY(),2)+7),"Follow-This Week", IF(AND(U26>=TODAY()-WEEKDAY(TODAY(),2)+8,U26<=TODAY()-WEEKDAY(TODAY(),2)+14),"Follow-Next Week","")))))
A27: ZAWTIKA Z1F TS | B27: ZWP-22 | C27: RPT | D27: MM-ZTK-1F-ZWP22-STR-CAL-2013 | E27: ZWP22 IN-SERVICE COMBINED TOPSIDES AND JACKET FATIGUE ANALYSIS REPORT - SUPERRSEDED | F27: =(COUNTIFS(K27,"<="&$D$1)*50%)+(COUNTIFS(N27,"<="&$D$1)*20%)+(COUNTIFS(Q27,"<="&$D$1)*10%)+(COUNTIFS(T27,"<="&$D$1)*20%) -> 0.7 | G27: =(COUNTIFS(L27,"<="&$D$1)*50%)+(COUNTIFS(O27,"<="&$D$1)*20%)+(COUNTIFS(R27,"<="&$D$1)*10%)+(COUNTIFS(U27,"<="&$D$1)*20%) -> 0.7 | H27: =(COUNTIFS(M27,"<="&$D$1)*50%)+(COUNTIFS(P27,"<="&$D$1)*20%)+(COUNTIFS(S27,"<="&$D$1)*10%)+(COUNTIFS(V27,"<="&$D$1)*20%) -> 1 | I27: =H27-F27 -> 0.3 | J27: 1 | K27: 46185 | L27: =K27 -> 46185 | M27: 46220 | N27: =K27+42 -> 46227 | O27: =N27 -> 46227 | P27: 46220 | Q27: =N27+42 -> 46269 | R27: =Q27 -> 46269 | S27: 46220 | T27: =Q27+14 -> 46283 | U27: =T27 -> 46283 | V27: 46220 | X27: =IF(OR(M27<>""),"Completed", IF(L27="","",IF(L27<TODAY(),"Overdue", IF(AND(L27>=TODAY()-WEEKDAY(TODAY(),2)+1,L27<=TODAY()-WEEKDAY(TODAY(),2)+7),"Follow-This Week", IF(AND(L27>=TODAY()-WEEKDAY(TODAY(),2)+8,L27<=TODAY()-WEEKDAY(TODAY(),2)+14),"Follow-Next Week",""))))) -> Completed | Y27: =IF(OR(P27<>""),"Completed",IF(O27="","", IF(O27<TODAY(),"Overdue", IF(AND(O27>=TODAY()-WEEKDAY(TODAY(),2)+1,O27<=TODAY()-WEEKDAY(TODAY(),2)+7),"Follow-This Week", IF(AND(O27>=TODAY()-WEEKDAY(TODAY(),2)+8,O27<=TODAY()-WEEKDAY(TODAY(),2)+14),"Follow-Next Week",""))))) -> Completed | Z27: =IF(OR(S27<>""),"Completed",IF(R27="","", IF(R27<TODAY(),"Overdue", IF(AND(R27>=TODAY()-WEEKDAY(TODAY(),2)+1,R27<=TODAY()-WEEKDAY(TODAY(),2)+7),"Follow-This Week", IF(AND(R27>=TODAY()-WEEKDAY(TODAY(),2)+8,R27<=TODAY()-WEEKDAY(TODAY(),2)+14),"Follow-Next Week",""))))) -> Completed | AA27: =IF(OR(V27<>""),"Completed",IF(U27="","", IF(U27<TODAY(),"Overdue", IF(AND(U27>=TODAY()-WEEKDAY(TODAY(),2)+1,U27<=TODAY()-WEEKDAY(TODAY(),2)+7),"Follow-This Week", IF(AND(U27>=TODAY()-WEEKDAY(TODAY(),2)+8,U27<=TODAY()-WEEKDAY(TODAY(),2)+14),"Follow-Next Week",""))))) -> Completed
A28: ZAWTIKA Z1F TS | B28: ZWP-22 | C28: RPT | D28: MM-ZTK-1F-ZWP22-STR-CAL-2013 | E28: ZWP22 IN-SERVICE COMBINED TOPSIDES AND JACKET FATIGUE ANALYSIS REPORT - NEW WATER DEPTH | F28: =(COUNTIFS(K28,"<="&$D$1)*50%)+(COUNTIFS(N28,"<="&$D$1)*20%)+(COUNTIFS(Q28,"<="&$D$1)*10%)+(COUNTIFS(T28,"<="&$D$1)*20%) -> 0 | G28: =(COUNTIFS(L28,"<="&$D$1)*50%)+(COUNTIFS(O28,"<="&$D$1)*20%)+(COUNTIFS(R28,"<="&$D$1)*10%)+(COUNTIFS(U28,"<="&$D$1)*20%) -> 0 | H28: =(COUNTIFS(M28,"<="&$D$1)*50%)+(COUNTIFS(P28,"<="&$D$1)*20%)+(COUNTIFS(S28,"<="&$D$1)*10%)+(COUNTIFS(V28,"<="&$D$1)*20%) -> 0 | I28: =H28-F28 -> 0 | J28: 1 | K28: 46251 | L28: =K28 -> 46251 | N28: =K28+42 -> 46293 | O28: =N28 -> 46293 | Q28: =N28+42 -> 46335 | R28: =Q28 -> 46335 | T28: =Q28+14 -> 46349 | U28: =T28 -> 46349 | X28: =IF(OR(M28<>""),"Completed", IF(L28="","",IF(L28<TODAY(),"Overdue", IF(AND(L28>=TODAY()-WEEKDAY(TODAY(),2)+1,L28<=TODAY()-WEEKDAY(TODAY(),2)+7),"Follow-This Week", IF(AND(L28>=TODAY()-WEEKDAY(TODAY(),2)+8,L28<=TODAY()-WEEKDAY(TODAY(),2)+14),"Follow-Next Week",""))))) | Y28: =IF(OR(P28<>""),"Completed",IF(O28="","", IF(O28<TODAY(),"Overdue", IF(AND(O28>=TODAY()-WEEKDAY(TODAY(),2)+1,O28<=TODAY()-WEEKDAY(TODAY(),2)+7),"Follow-This Week", IF(AND(O28>=TODAY()-WEEKDAY(TODAY(),2)+8,O28<=TODAY()-WEEKDAY(TODAY(),2)+14),"Follow-Next Week",""))))) | Z28: =IF(OR(S28<>""),"Completed",IF(R28="","", IF(R28<TODAY(),"Overdue", IF(AND(R28>=TODAY()-WEEKDAY(TODAY(),2)+1,R28<=TODAY()-WEEKDAY(TODAY(),2)+7),"Follow-This Week", IF(AND(R28>=TODAY()-WEEKDAY(TODAY(),2)+8,R28<=TODAY()-WEEKDAY(TODAY(),2)+14),"Follow-Next Week",""))))) | AA28: =IF(OR(V28<>""),"Completed",IF(U28="","", IF(U28<TODAY(),"Overdue", IF(AND(U28>=TODAY()-WEEKDAY(TODAY(),2)+1,U28<=TODAY()-WEEKDAY(TODAY(),2)+7),"Follow-This Week", IF(AND(U28>=TODAY()-WEEKDAY(TODAY(),2)+8,U28<=TODAY()-WEEKDAY(TODAY(),2)+14),"Follow-Next Week","")))))
A29: ZAWTIKA Z1F TS | B29: ZWP-23 | C29: RPT | D29: MM-ZTK-1F-ZWP23-STR-CAL-2013 | E29: ZWP23 IN-SERVICE COMBINED TOPSIDES AND JACKET FATIGUE ANALYSIS REPORT - SUPERSEDED | F29: =(COUNTIFS(K29,"<="&$D$1)*50%)+(COUNTIFS(N29,"<="&$D$1)*20%)+(COUNTIFS(Q29,"<="&$D$1)*10%)+(COUNTIFS(T29,"<="&$D$1)*20%) -> 0.7 | G29: =(COUNTIFS(L29,"<="&$D$1)*50%)+(COUNTIFS(O29,"<="&$D$1)*20%)+(COUNTIFS(R29,"<="&$D$1)*10%)+(COUNTIFS(U29,"<="&$D$1)*20%) -> 0.7 | H29: =(COUNTIFS(M29,"<="&$D$1)*50%)+(COUNTIFS(P29,"<="&$D$1)*20%)+(COUNTIFS(S29,"<="&$D$1)*10%)+(COUNTIFS(V29,"<="&$D$1)*20%) -> 1 | I29: =H29-F29 -> 0.3 | J29: 1 | K29: 46171 | L29: =K29 -> 46171 | M29: 46199 | N29: =K29+42 -> 46213 | O29: =N29 -> 46213 | P29: 46220 | Q29: =N29+42 -> 46255 | R29: =Q29 -> 46255 | S29: 46220 | T29: =Q29+14 -> 46269 | U29: =T29 -> 46269 | V29: 46220 | X29: =IF(OR(M29<>""),"Completed", IF(L29="","",IF(L29<TODAY(),"Overdue", IF(AND(L29>=TODAY()-WEEKDAY(TODAY(),2)+1,L29<=TODAY()-WEEKDAY(TODAY(),2)+7),"Follow-This Week", IF(AND(L29>=TODAY()-WEEKDAY(TODAY(),2)+8,L29<=TODAY()-WEEKDAY(TODAY(),2)+14),"Follow-Next Week",""))))) -> Completed | Y29: =IF(OR(P29<>""),"Completed",IF(O29="","", IF(O29<TODAY(),"Overdue", IF(AND(O29>=TODAY()-WEEKDAY(TODAY(),2)+1,O29<=TODAY()-WEEKDAY(TODAY(),2)+7),"Follow-This Week", IF(AND(O29>=TODAY()-WEEKDAY(TODAY(),2)+8,O29<=TODAY()-WEEKDAY(TODAY(),2)+14),"Follow-Next Week",""))))) -> Completed | Z29: =IF(OR(S29<>""),"Completed",IF(R29="","", IF(R29<TODAY(),"Overdue", IF(AND(R29>=TODAY()-WEEKDAY(TODAY(),2)+1,R29<=TODAY()-WEEKDAY(TODAY(),2)+7),"Follow-This Week", IF(AND(R29>=TODAY()-WEEKDAY(TODAY(),2)+8,R29<=TODAY()-WEEKDAY(TODAY(),2)+14),"Follow-Next Week",""))))) -> Completed | AA29: =IF(OR(V29<>""),"Completed",IF(U29="","", IF(U29<TODAY(),"Overdue", IF(AND(U29>=TODAY()-WEEKDAY(TODAY(),2)+1,U29<=TODAY()-WEEKDAY(TODAY(),2)+7),"Follow-This Week", IF(AND(U29>=TODAY()-WEEKDAY(TODAY(),2)+8,U29<=TODAY()-WEEKDAY(TODAY(),2)+14),"Follow-Next Week",""))))) -> Completed
A30: ZAWTIKA Z1F TS | B30: ZWP-23 | C30: RPT | D30: MM-ZTK-1F-ZWP23-STR-CAL-2013 | E30: ZWP23 IN-SERVICE COMBINED TOPSIDES AND JACKET FATIGUE ANALYSIS REPORT - NEW WATER DEPTH | F30: =(COUNTIFS(K30,"<="&$D$1)*50%)+(COUNTIFS(N30,"<="&$D$1)*20%)+(COUNTIFS(Q30,"<="&$D$1)*10%)+(COUNTIFS(T30,"<="&$D$1)*20%) -> 0.7 | G30: =(COUNTIFS(L30,"<="&$D$1)*50%)+(COUNTIFS(O30,"<="&$D$1)*20%)+(COUNTIFS(R30,"<="&$D$1)*10%)+(COUNTIFS(U30,"<="&$D$1)*20%) -> 0.7 | H30: =(COUNTIFS(M30,"<="&$D$1)*50%)+(COUNTIFS(P30,"<="&$D$1)*20%)+(COUNTIFS(S30,"<="&$D$1)*10%)+(COUNTIFS(V30,"<="&$D$1)*20%) -> 0.7 | I30: =H30-F30 -> 0 | J30: 1 | K30: 46171 | L30: =K30 -> 46171 | M30: 46199 | N30: 46234 | O30: =N30 -> 46234 | P30: 46241 | Q30: =N30+42 -> 46276 | R30: =Q30 -> 46276 | T30: =Q30+14 -> 46290 | U30: =T30 -> 46290 | X30: =IF(OR(M30<>""),"Completed", IF(L30="","",IF(L30<TODAY(),"Overdue", IF(AND(L30>=TODAY()-WEEKDAY(TODAY(),2)+1,L30<=TODAY()-WEEKDAY(TODAY(),2)+7),"Follow-This Week", IF(AND(L30>=TODAY()-WEEKDAY(TODAY(),2)+8,L30<=TODAY()-WEEKDAY(TODAY(),2)+14),"Follow-Next Week",""))))) -> Completed | Y30: =IF(OR(P30<>""),"Completed",IF(O30="","", IF(O30<TODAY(),"Overdue", IF(AND(O30>=TODAY()-WEEKDAY(TODAY(),2)+1,O30<=TODAY()-WEEKDAY(TODAY(),2)+7),"Follow-This Week", IF(AND(O30>=TODAY()-WEEKDAY(TODAY(),2)+8,O30<=TODAY()-WEEKDAY(TODAY(),2)+14),"Follow-Next Week",""))))) -> Completed | Z30: =IF(OR(S30<>""),"Completed",IF(R30="","", IF(R30<TODAY(),"Overdue", IF(AND(R30>=TODAY()-WEEKDAY(TODAY(),2)+1,R30<=TODAY()-WEEKDAY(TODAY(),2)+7),"Follow-This Week", IF(AND(R30>=TODAY()-WEEKDAY(TODAY(),2)+8,R30<=TODAY()-WEEKDAY(TODAY(),2)+14),"Follow-Next Week",""))))) | AA30: =IF(OR(V30<>""),"Completed",IF(U30="","", IF(U30<TODAY(),"Overdue", IF(AND(U30>=TODAY()-WEEKDAY(TODAY(),2)+1,U30<=TODAY()-WEEKDAY(TODAY(),2)+7),"Follow-This Week", IF(AND(U30>=TODAY()-WEEKDAY(TODAY(),2)+8,U30<=TODAY()-WEEKDAY(TODAY(),2)+14),"Follow-Next Week","")))))
A31: ZAWTIKA Z1F TS | B31: ZWP-20 | C31: RPT | D31: MM-ZTK-1F-ZWP20-STR-CAL-2031 | E31: ZWP20 COMBINED TOPSIDES AND JACKET SEISMIC ANALYSIS REPORT (EXTREME LEVEL EARTHQUAKE-ELE) - SUPERSEDED | F31: =(COUNTIFS(K31,"<="&$D$1)*50%)+(COUNTIFS(N31,"<="&$D$1)*20%)+(COUNTIFS(Q31,"<="&$D$1)*10%)+(COUNTIFS(T31,"<="&$D$1)*20%) -> 0.5 | G31: =(COUNTIFS(L31,"<="&$D$1)*50%)+(COUNTIFS(O31,"<="&$D$1)*20%)+(COUNTIFS(R31,"<="&$D$1)*10%)+(COUNTIFS(U31,"<="&$D$1)*20%) -> 0.5 | H31: =(COUNTIFS(M31,"<="&$D$1)*50%)+(COUNTIFS(P31,"<="&$D$1)*20%)+(COUNTIFS(S31,"<="&$D$1)*10%)+(COUNTIFS(V31,"<="&$D$1)*20%) -> 1 | I31: =H31-F31 -> 0.5 | J31: 1 | K31: 46220 | L31: =K31 -> 46220 | M31: 46188 | N31: =K31+42 -> 46262 | O31: =N31 -> 46262 | P31: 46227 | Q31: =N31+42 -> 46304 | R31: =Q31 -> 46304 | S31: 46227 | T31: =Q31+14 -> 46318 | U31: =T31 -> 46318 | V31: 46227 | X31: =IF(OR(M31<>""),"Completed", IF(L31="","",IF(L31<TODAY(),"Overdue", IF(AND(L31>=TODAY()-WEEKDAY(TODAY(),2)+1,L31<=TODAY()-WEEKDAY(TODAY(),2)+7),"Follow-This Week", IF(AND(L31>=TODAY()-WEEKDAY(TODAY(),2)+8,L31<=TODAY()-WEEKDAY(TODAY(),2)+14),"Follow-Next Week",""))))) -> Completed | Y31: =IF(OR(P31<>""),"Completed",IF(O31="","", IF(O31<TODAY(),"Overdue", IF(AND(O31>=TODAY()-WEEKDAY(TODAY(),2)+1,O31<=TODAY()-WEEKDAY(TODAY(),2)+7),"Follow-This Week", IF(AND(O31>=TODAY()-WEEKDAY(TODAY(),2)+8,O31<=TODAY()-WEEKDAY(TODAY(),2)+14),"Follow-Next Week",""))))) -> Completed | Z31: =IF(OR(S31<>""),"Completed",IF(R31="","", IF(R31<TODAY(),"Overdue", IF(AND(R31>=TODAY()-WEEKDAY(TODAY(),2)+1,R31<=TODAY()-WEEKDAY(TODAY(),2)+7),"Follow-This Week", IF(AND(R31>=TODAY()-WEEKDAY(TODAY(),2)+8,R31<=TODAY()-WEEKDAY(TODAY(),2)+14),"Follow-Next Week",""))))) -> Completed | AA31: =IF(OR(V31<>""),"Completed",IF(U31="","", IF(U31<TODAY(),"Overdue", IF(AND(U31>=TODAY()-WEEKDAY(TODAY(),2)+1,U31<=TODAY()-WEEKDAY(TODAY(),2)+7),"Follow-This Week", IF(AND(U31>=TODAY()-WEEKDAY(TODAY(),2)+8,U31<=TODAY()-WEEKDAY(TODAY(),2)+14),"Follow-Next Week",""))))) -> Completed
A32: ZAWTIKA Z1F TS | B32: ZWP-20 | C32: RPT | D32: MM-ZTK-1F-ZWP20-STR-CAL-2032 | E32: ZWP20 COMBINED TOPSIDES AND JACKET SEISMIC ANALYSIS REPORT (ABNORMAL LEVEL EARTHQUAKE-ALE) - SUPERSEDED | F32: =(COUNTIFS(K32,"<="&$D$1)*50%)+(COUNTIFS(N32,"<="&$D$1)*20%)+(COUNTIFS(Q32,"<="&$D$1)*10%)+(COUNTIFS(T32,"<="&$D$1)*20%) -> 0.5 | G32: =(COUNTIFS(L32,"<="&$D$1)*50%)+(COUNTIFS(O32,"<="&$D$1)*20%)+(COUNTIFS(R32,"<="&$D$1)*10%)+(COUNTIFS(U32,"<="&$D$1)*20%) -> 0.5 | H32: =(COUNTIFS(M32,"<="&$D$1)*50%)+(COUNTIFS(P32,"<="&$D$1)*20%)+(COUNTIFS(S32,"<="&$D$1)*10%)+(COUNTIFS(V32,"<="&$D$1)*20%) -> 1 | I32: =H32-F32 -> 0.5 | J32: 1 | K32: 46227 | L32: =K32 -> 46227 | M32: 46227 | N32: =K32+42 -> 46269 | O32: =N32 -> 46269 | P32: 46227 | Q32: =N32+42 -> 46311 | R32: =Q32 -> 46311 | S32: 46227 | T32: =Q32+14 -> 46325 | U32: =T32 -> 46325 | V32: 46227 | X32: =IF(OR(M32<>""),"Completed", IF(L32="","",IF(L32<TODAY(),"Overdue", IF(AND(L32>=TODAY()-WEEKDAY(TODAY(),2)+1,L32<=TODAY()-WEEKDAY(TODAY(),2)+7),"Follow-This Week", IF(AND(L32>=TODAY()-WEEKDAY(TODAY(),2)+8,L32<=TODAY()-WEEKDAY(TODAY(),2)+14),"Follow-Next Week",""))))) -> Completed | Y32: =IF(OR(P32<>""),"Completed",IF(O32="","", IF(O32<TODAY(),"Overdue", IF(AND(O32>=TODAY()-WEEKDAY(TODAY(),2)+1,O32<=TODAY()-WEEKDAY(TODAY(),2)+7),"Follow-This Week", IF(AND(O32>=TODAY()-WEEKDAY(TODAY(),2)+8,O32<=TODAY()-WEEKDAY(TODAY(),2)+14),"Follow-Next Week",""))))) -> Completed | Z32: =IF(OR(S32<>""),"Completed",IF(R32="","", IF(R32<TODAY(),"Overdue", IF(AND(R32>=TODAY()-WEEKDAY(TODAY(),2)+1,R32<=TODAY()-WEEKDAY(TODAY(),2)+7),"Follow-This Week", IF(AND(R32>=TODAY()-WEEKDAY(TODAY(),2)+8,R32<=TODAY()-WEEKDAY(TODAY(),2)+14),"Follow-Next Week",""))))) -> Completed | AA32: =IF(OR(V32<>""),"Completed",IF(U32="","", IF(U32<TODAY(),"Overdue", IF(AND(U32>=TODAY()-WEEKDAY(TODAY(),2)+1,U32<=TODAY()-WEEKDAY(TODAY(),2)+7),"Follow-This Week", IF(AND(U32>=TODAY()-WEEKDAY(TODAY(),2)+8,U32<=TODAY()-WEEKDAY(TODAY(),2)+14),"Follow-Next Week",""))))) -> Completed
A33: ZAWTIKA Z1F TS | B33: ZWP-20 | C33: RPT | D33: MM-ZTK-1F-ZWP20-STR-CAL-2031 | E33: ZWP20 COMBINED TOPSIDES AND JACKET SEISMIC ANALYSIS REPORT (EXTREME LEVEL EARTHQUAKE-ELE) - NEW WATER DEPTH | F33: =(COUNTIFS(K33,"<="&$D$1)*50%)+(COUNTIFS(N33,"<="&$D$1)*20%)+(COUNTIFS(Q33,"<="&$D$1)*10%)+(COUNTIFS(T33,"<="&$D$1)*20%) -> 0.5 | G33: =(COUNTIFS(L33,"<="&$D$1)*50%)+(COUNTIFS(O33,"<="&$D$1)*20%)+(COUNTIFS(R33,"<="&$D$1)*10%)+(COUNTIFS(U33,"<="&$D$1)*20%) -> 0.5 | H33: =(COUNTIFS(M33,"<="&$D$1)*50%)+(COUNTIFS(P33,"<="&$D$1)*20%)+(COUNTIFS(S33,"<="&$D$1)*10%)+(COUNTIFS(V33,"<="&$D$1)*20%) -> 0.5 | I33: =H33-F33 -> 0 | J33: 1 | K33: 46220 | L33: =K33 -> 46220 | M33: 46188 | N33: =K33+42 -> 46262 | O33: =N33 -> 46262 | Q33: =N33+42 -> 46304 | R33: =Q33 -> 46304 | T33: =Q33+14 -> 46318 | U33: =T33 -> 46318 | X33: =IF(OR(M33<>""),"Completed", IF(L33="","",IF(L33<TODAY(),"Overdue", IF(AND(L33>=TODAY()-WEEKDAY(TODAY(),2)+1,L33<=TODAY()-WEEKDAY(TODAY(),2)+7),"Follow-This Week", IF(AND(L33>=TODAY()-WEEKDAY(TODAY(),2)+8,L33<=TODAY()-WEEKDAY(TODAY(),2)+14),"Follow-Next Week",""))))) -> Completed | Y33: =IF(OR(P33<>""),"Completed",IF(O33="","", IF(O33<TODAY(),"Overdue", IF(AND(O33>=TODAY()-WEEKDAY(TODAY(),2)+1,O33<=TODAY()-WEEKDAY(TODAY(),2)+7),"Follow-This Week", IF(AND(O33>=TODAY()-WEEKDAY(TODAY(),2)+8,O33<=TODAY()-WEEKDAY(TODAY(),2)+14),"Follow-Next Week",""))))) | Z33: =IF(OR(S33<>""),"Completed",IF(R33="","", IF(R33<TODAY(),"Overdue", IF(AND(R33>=TODAY()-WEEKDAY(TODAY(),2)+1,R33<=TODAY()-WEEKDAY(TODAY(),2)+7),"Follow-This Week", IF(AND(R33>=TODAY()-WEEKDAY(TODAY(),2)+8,R33<=TODAY()-WEEKDAY(TODAY(),2)+14),"Follow-Next Week",""))))) | AA33: =IF(OR(V33<>""),"Completed",IF(U33="","", IF(U33<TODAY(),"Overdue", IF(AND(U33>=TODAY()-WEEKDAY(TODAY(),2)+1,U33<=TODAY()-WEEKDAY(TODAY(),2)+7),"Follow-This Week", IF(AND(U33>=TODAY()-WEEKDAY(TODAY(),2)+8,U33<=TODAY()-WEEKDAY(TODAY(),2)+14),"Follow-Next Week","")))))
A34: ZAWTIKA Z1F TS | B34: ZWP-20 | C34: RPT | D34: MM-ZTK-1F-ZWP20-STR-CAL-2032 | E34: ZWP20 COMBINED TOPSIDES AND JACKET SEISMIC ANALYSIS REPORT (ABNORMAL LEVEL EARTHQUAKE-ALE) - NEW WATER DEPTH | F34: =(COUNTIFS(K34,"<="&$D$1)*50%)+(COUNTIFS(N34,"<="&$D$1)*20%)+(COUNTIFS(Q34,"<="&$D$1)*10%)+(COUNTIFS(T34,"<="&$D$1)*20%) -> 0 | G34: =(COUNTIFS(L34,"<="&$D$1)*50%)+(COUNTIFS(O34,"<="&$D$1)*20%)+(COUNTIFS(R34,"<="&$D$1)*10%)+(COUNTIFS(U34,"<="&$D$1)*20%) -> 0 | H34: =(COUNTIFS(M34,"<="&$D$1)*50%)+(COUNTIFS(P34,"<="&$D$1)*20%)+(COUNTIFS(S34,"<="&$D$1)*10%)+(COUNTIFS(V34,"<="&$D$1)*20%) -> 0 | I34: =H34-F34 -> 0 | J34: 1 | K34: 46262 | L34: =K34 -> 46262 | N34: =K34+42 -> 46304 | O34: =N34 -> 46304 | Q34: =N34+42 -> 46346 | R34: =Q34 -> 46346 | T34: =Q34+14 -> 46360 | U34: =T34 -> 46360 | X34: =IF(OR(M34<>""),"Completed", IF(L34="","",IF(L34<TODAY(),"Overdue", IF(AND(L34>=TODAY()-WEEKDAY(TODAY(),2)+1,L34<=TODAY()-WEEKDAY(TODAY(),2)+7),"Follow-This Week", IF(AND(L34>=TODAY()-WEEKDAY(TODAY(),2)+8,L34<=TODAY()-WEEKDAY(TODAY(),2)+14),"Follow-Next Week",""))))) | Y34: =IF(OR(P34<>""),"Completed",IF(O34="","", IF(O34<TODAY(),"Overdue", IF(AND(O34>=TODAY()-WEEKDAY(TODAY(),2)+1,O34<=TODAY()-WEEKDAY(TODAY(),2)+7),"Follow-This Week", IF(AND(O34>=TODAY()-WEEKDAY(TODAY(),2)+8,O34<=TODAY()-WEEKDAY(TODAY(),2)+14),"Follow-Next Week",""))))) | Z34: =IF(OR(S34<>""),"Completed",IF(R34="","", IF(R34<TODAY(),"Overdue", IF(AND(R34>=TODAY()-WEEKDAY(TODAY(),2)+1,R34<=TODAY()-WEEKDAY(TODAY(),2)+7),"Follow-This Week", IF(AND(R34>=TODAY()-WEEKDAY(TODAY(),2)+8,R34<=TODAY()-WEEKDAY(TODAY(),2)+14),"Follow-Next Week",""))))) | AA34: =IF(OR(V34<>""),"Completed",IF(U34="","", IF(U34<TODAY(),"Overdue", IF(AND(U34>=TODAY()-WEEKDAY(TODAY(),2)+1,U34<=TODAY()-WEEKDAY(TODAY(),2)+7),"Follow-This Week", IF(AND(U34>=TODAY()-WEEKDAY(TODAY(),2)+8,U34<=TODAY()-WEEKDAY(TODAY(),2)+14),"Follow-Next Week","")))))
A35: ZAWTIKA Z1F TS | B35: ZWP-21 | C35: RPT | D35: MM-ZTK-1F-ZWP21-STR-CAL-2031 | E35: ZWP21 COMBINED TOPSIDES AND JACKET SEISMIC ANALYSIS REPORT (EXTREME LEVEL EARTHQUAKE-ELE) | F35: =(COUNTIFS(K35,"<="&$D$1)*50%)+(COUNTIFS(N35,"<="&$D$1)*20%)+(COUNTIFS(Q35,"<="&$D$1)*10%)+(COUNTIFS(T35,"<="&$D$1)*20%) -> 0.7 | G35: =(COUNTIFS(L35,"<="&$D$1)*50%)+(COUNTIFS(O35,"<="&$D$1)*20%)+(COUNTIFS(R35,"<="&$D$1)*10%)+(COUNTIFS(U35,"<="&$D$1)*20%) -> 0.7 | H35: =(COUNTIFS(M35,"<="&$D$1)*50%)+(COUNTIFS(P35,"<="&$D$1)*20%)+(COUNTIFS(S35,"<="&$D$1)*10%)+(COUNTIFS(V35,"<="&$D$1)*20%) -> 0.7 | I35: =H35-F35 -> 0 | J35: 2 | K35: 46178 | L35: =K35 -> 46178 | M35: 46171 | N35: =K35+42 -> 46220 | O35: =N35 -> 46220 | P35: 46217 | Q35: =N35+42 -> 46262 | R35: =Q35 -> 46262 | T35: =Q35+14 -> 46276 | U35: =T35 -> 46276 | X35: =IF(OR(M35<>""),"Completed", IF(L35="","",IF(L35<TODAY(),"Overdue", IF(AND(L35>=TODAY()-WEEKDAY(TODAY(),2)+1,L35<=TODAY()-WEEKDAY(TODAY(),2)+7),"Follow-This Week", IF(AND(L35>=TODAY()-WEEKDAY(TODAY(),2)+8,L35<=TODAY()-WEEKDAY(TODAY(),2)+14),"Follow-Next Week",""))))) -> Completed | Y35: =IF(OR(P35<>""),"Completed",IF(O35="","", IF(O35<TODAY(),"Overdue", IF(AND(O35>=TODAY()-WEEKDAY(TODAY(),2)+1,O35<=TODAY()-WEEKDAY(TODAY(),2)+7),"Follow-This Week", IF(AND(O35>=TODAY()-WEEKDAY(TODAY(),2)+8,O35<=TODAY()-WEEKDAY(TODAY(),2)+14),"Follow-Next Week",""))))) -> Completed | Z35: =IF(OR(S35<>""),"Completed",IF(R35="","", IF(R35<TODAY(),"Overdue", IF(AND(R35>=TODAY()-WEEKDAY(TODAY(),2)+1,R35<=TODAY()-WEEKDAY(TODAY(),2)+7),"Follow-This Week", IF(AND(R35>=TODAY()-WEEKDAY(TODAY(),2)+8,R35<=TODAY()-WEEKDAY(TODAY(),2)+14),"Follow-Next Week",""))))) | AA35: =IF(OR(V35<>""),"Completed",IF(U35="","", IF(U35<TODAY(),"Overdue", IF(AND(U35>=TODAY()-WEEKDAY(TODAY(),2)+1,U35<=TODAY()-WEEKDAY(TODAY(),2)+7),"Follow-This Week", IF(AND(U35>=TODAY()-WEEKDAY(TODAY(),2)+8,U35<=TODAY()-WEEKDAY(TODAY(),2)+14),"Follow-Next Week","")))))
A36: ZAWTIKA Z1F TS | B36: ZWP-21 | C36: RPT | D36: MM-ZTK-1F-ZWP21-STR-CAL-2032 | E36: ZWP21 COMBINED TOPSIDES AND JACKET SEISMIC ANALYSIS REPORT (ABNORMAL LEVEL EARTHQUAKE-ALE) | F36: =(COUNTIFS(K36,"<="&$D$1)*50%)+(COUNTIFS(N36,"<="&$D$1)*20%)+(COUNTIFS(Q36,"<="&$D$1)*10%)+(COUNTIFS(T36,"<="&$D$1)*20%) -> 0.7 | G36: =(COUNTIFS(L36,"<="&$D$1)*50%)+(COUNTIFS(O36,"<="&$D$1)*20%)+(COUNTIFS(R36,"<="&$D$1)*10%)+(COUNTIFS(U36,"<="&$D$1)*20%) -> 0.7 | H36: =(COUNTIFS(M36,"<="&$D$1)*50%)+(COUNTIFS(P36,"<="&$D$1)*20%)+(COUNTIFS(S36,"<="&$D$1)*10%)+(COUNTIFS(V36,"<="&$D$1)*20%) -> 0.7 | I36: =H36-F36 -> 0 | J36: 2 | K36: 46185 | L36: =K36 -> 46185 | M36: 46171 | N36: =K36+42 -> 46227 | O36: =N36 -> 46227 | P36: 46217 | Q36: =N36+42 -> 46269 | R36: =Q36 -> 46269 | T36: =Q36+14 -> 46283 | U36: =T36 -> 46283 | X36: =IF(OR(M36<>""),"Completed", IF(L36="","",IF(L36<TODAY(),"Overdue", IF(AND(L36>=TODAY()-WEEKDAY(TODAY(),2)+1,L36<=TODAY()-WEEKDAY(TODAY(),2)+7),"Follow-This Week", IF(AND(L36>=TODAY()-WEEKDAY(TODAY(),2)+8,L36<=TODAY()-WEEKDAY(TODAY(),2)+14),"Follow-Next Week",""))))) -> Completed | Y36: =IF(OR(P36<>""),"Completed",IF(O36="","", IF(O36<TODAY(),"Overdue", IF(AND(O36>=TODAY()-WEEKDAY(TODAY(),2)+1,O36<=TODAY()-WEEKDAY(TODAY(),2)+7),"Follow-This Week", IF(AND(O36>=TODAY()-WEEKDAY(TODAY(),2)+8,O36<=TODAY()-WEEKDAY(TODAY(),2)+14),"Follow-Next Week",""))))) -> Completed | Z36: =IF(OR(S36<>""),"Completed",IF(R36="","", IF(R36<TODAY(),"Overdue", IF(AND(R36>=TODAY()-WEEKDAY(TODAY(),2)+1,R36<=TODAY()-WEEKDAY(TODAY(),2)+7),"Follow-This Week", IF(AND(R36>=TODAY()-WEEKDAY(TODAY(),2)+8,R36<=TODAY()-WEEKDAY(TODAY(),2)+14),"Follow-Next Week",""))))) | AA36: =IF(OR(V36<>""),"Completed",IF(U36="","", IF(U36<TODAY(),"Overdue", IF(AND(U36>=TODAY()-WEEKDAY(TODAY(),2)+1,U36<=TODAY()-WEEKDAY(TODAY(),2)+7),"Follow-This Week", IF(AND(U36>=TODAY()-WEEKDAY(TODAY(),2)+8,U36<=TODAY()-WEEKDAY(TODAY(),2)+14),"Follow-Next Week","")))))
A37: ZAWTIKA Z1F TS | B37: ZWP-22 | C37: RPT | D37: MM-ZTK-1F-ZWP22-STR-CAL-2031 | E37: ZWP22 COMBINED TOPSIDES AND JACKET SEISMIC ANALYSIS REPORT (EXTREME LEVEL EARTHQUAKE-ELE) | F37: =(COUNTIFS(K37,"<="&$D$1)*50%)+(COUNTIFS(N37,"<="&$D$1)*20%)+(COUNTIFS(Q37,"<="&$D$1)*10%)+(COUNTIFS(T37,"<="&$D$1)*20%) -> 0.5 | G37: =(COUNTIFS(L37,"<="&$D$1)*50%)+(COUNTIFS(O37,"<="&$D$1)*20%)+(COUNTIFS(R37,"<="&$D$1)*10%)+(COUNTIFS(U37,"<="&$D$1)*20%) -> 0.5 | H37: =(COUNTIFS(M37,"<="&$D$1)*50%)+(COUNTIFS(P37,"<="&$D$1)*20%)+(COUNTIFS(S37,"<="&$D$1)*10%)+(COUNTIFS(V37,"<="&$D$1)*20%) -> 1 | I37: =H37-F37 -> 0.5 | J37: 1 | K37: 46206 | L37: =K37 -> 46206 | M37: 46185 | N37: =K37+42 -> 46248 | O37: =N37 -> 46248 | P37: 46241 | Q37: =N37+42 -> 46290 | R37: =Q37 -> 46290 | S37: 46241 | T37: =Q37+14 -> 46304 | U37: =T37 -> 46304 | V37: 46241 | X37: =IF(OR(M37<>""),"Completed", IF(L37="","",IF(L37<TODAY(),"Overdue", IF(AND(L37>=TODAY()-WEEKDAY(TODAY(),2)+1,L37<=TODAY()-WEEKDAY(TODAY(),2)+7),"Follow-This Week", IF(AND(L37>=TODAY()-WEEKDAY(TODAY(),2)+8,L37<=TODAY()-WEEKDAY(TODAY(),2)+14),"Follow-Next Week",""))))) -> Completed | Y37: =IF(OR(P37<>""),"Completed",IF(O37="","", IF(O37<TODAY(),"Overdue", IF(AND(O37>=TODAY()-WEEKDAY(TODAY(),2)+1,O37<=TODAY()-WEEKDAY(TODAY(),2)+7),"Follow-This Week", IF(AND(O37>=TODAY()-WEEKDAY(TODAY(),2)+8,O37<=TODAY()-WEEKDAY(TODAY(),2)+14),"Follow-Next Week",""))))) -> Completed | Z37: =IF(OR(S37<>""),"Completed",IF(R37="","", IF(R37<TODAY(),"Overdue", IF(AND(R37>=TODAY()-WEEKDAY(TODAY(),2)+1,R37<=TODAY()-WEEKDAY(TODAY(),2)+7),"Follow-This Week", IF(AND(R37>=TODAY()-WEEKDAY(TODAY(),2)+8,R37<=TODAY()-WEEKDAY(TODAY(),2)+14),"Follow-Next Week",""))))) -> Completed | AA37: =IF(OR(V37<>""),"Completed",IF(U37="","", IF(U37<TODAY(),"Overdue", IF(AND(U37>=TODAY()-WEEKDAY(TODAY(),2)+1,U37<=TODAY()-WEEKDAY(TODAY(),2)+7),"Follow-This Week", IF(AND(U37>=TODAY()-WEEKDAY(TODAY(),2)+8,U37<=TODAY()-WEEKDAY(TODAY(),2)+14),"Follow-Next Week",""))))) -> Completed
A38: ZAWTIKA Z1F TS | B38: ZWP-22 | C38: RPT | D38: MM-ZTK-1F-ZWP22-STR-CAL-2032 | E38: ZWP22 COMBINED TOPSIDES AND JACKET SEISMIC ANALYSIS REPORT (ABNORMAL LEVEL EARTHQUAKE-ALE) | F38: =(COUNTIFS(K38,"<="&$D$1)*50%)+(COUNTIFS(N38,"<="&$D$1)*20%)+(COUNTIFS(Q38,"<="&$D$1)*10%)+(COUNTIFS(T38,"<="&$D$1)*20%) -> 0.5 | G38: =(COUNTIFS(L38,"<="&$D$1)*50%)+(COUNTIFS(O38,"<="&$D$1)*20%)+(COUNTIFS(R38,"<="&$D$1)*10%)+(COUNTIFS(U38,"<="&$D$1)*20%) -> 0.5 | H38: =(COUNTIFS(M38,"<="&$D$1)*50%)+(COUNTIFS(P38,"<="&$D$1)*20%)+(COUNTIFS(S38,"<="&$D$1)*10%)+(COUNTIFS(V38,"<="&$D$1)*20%) -> 1 | I38: =H38-F38 -> 0.5 | J38: 1 | K38: 46213 | L38: =K38 -> 46213 | M38: 46188 | N38: =K38+42 -> 46255 | O38: =N38 -> 46255 | P38: 46241 | Q38: =N38+42 -> 46297 | R38: =Q38 -> 46297 | S38: 46241 | T38: =Q38+14 -> 46311 | U38: =T38 -> 46311 | V38: 46241 | X38: =IF(OR(M38<>""),"Completed", IF(L38="","",IF(L38<TODAY(),"Overdue", IF(AND(L38>=TODAY()-WEEKDAY(TODAY(),2)+1,L38<=TODAY()-WEEKDAY(TODAY(),2)+7),"Follow-This Week", IF(AND(L38>=TODAY()-WEEKDAY(TODAY(),2)+8,L38<=TODAY()-WEEKDAY(TODAY(),2)+14),"Follow-Next Week",""))))) -> Completed | Y38: =IF(OR(P38<>""),"Completed",IF(O38="","", IF(O38<TODAY(),"Overdue", IF(AND(O38>=TODAY()-WEEKDAY(TODAY(),2)+1,O38<=TODAY()-WEEKDAY(TODAY(),2)+7),"Follow-This Week", IF(AND(O38>=TODAY()-WEEKDAY(TODAY(),2)+8,O38<=TODAY()-WEEKDAY(TODAY(),2)+14),"Follow-Next Week",""))))) -> Completed | Z38: =IF(OR(S38<>""),"Completed",IF(R38="","", IF(R38<TODAY(),"Overdue", IF(AND(R38>=TODAY()-WEEKDAY(TODAY(),2)+1,R38<=TODAY()-WEEKDAY(TODAY(),2)+7),"Follow-This Week", IF(AND(R38>=TODAY()-WEEKDAY(TODAY(),2)+8,R38<=TODAY()-WEEKDAY(TODAY(),2)+14),"Follow-Next Week",""))))) -> Completed | AA38: =IF(OR(V38<>""),"Completed",IF(U38="","", IF(U38<TODAY(),"Overdue", IF(AND(U38>=TODAY()-WEEKDAY(TODAY(),2)+1,U38<=TODAY()-WEEKDAY(TODAY(),2)+7),"Follow-This Week", IF(AND(U38>=TODAY()-WEEKDAY(TODAY(),2)+8,U38<=TODAY()-WEEKDAY(TODAY(),2)+14),"Follow-Next Week",""))))) -> Completed
A39: ZAWTIKA Z1F TS | B39: ZWP-22 | C39: RPT | D39: MM-ZTK-1F-ZWP22-STR-CAL-2031 | E39: ZWP22 COMBINED TOPSIDES AND JACKET SEISMIC ANALYSIS REPORT (EXTREME LEVEL EARTHQUAKE-ELE) | F39: =(COUNTIFS(K39,"<="&$D$1)*50%)+(COUNTIFS(N39,"<="&$D$1)*20%)+(COUNTIFS(Q39,"<="&$D$1)*10%)+(COUNTIFS(T39,"<="&$D$1)*20%) -> 0.5 | G39: =(COUNTIFS(L39,"<="&$D$1)*50%)+(COUNTIFS(O39,"<="&$D$1)*20%)+(COUNTIFS(R39,"<="&$D$1)*10%)+(COUNTIFS(U39,"<="&$D$1)*20%) -> 0.5 | H39: =(COUNTIFS(M39,"<="&$D$1)*50%)+(COUNTIFS(P39,"<="&$D$1)*20%)+(COUNTIFS(S39,"<="&$D$1)*10%)+(COUNTIFS(V39,"<="&$D$1)*20%) -> 0.5 | I39: =H39-F39 -> 0 | J39: 1 | K39: 46206 | L39: =K39 -> 46206 | M39: 46185 | N39: =K39+42 -> 46248 | O39: =N39 -> 46248 | Q39: =N39+42 -> 46290 | R39: =Q39 -> 46290 | T39: =Q39+14 -> 46304 | U39: =T39 -> 46304 | X39: =IF(OR(M39<>""),"Completed", IF(L39="","",IF(L39<TODAY(),"Overdue", IF(AND(L39>=TODAY()-WEEKDAY(TODAY(),2)+1,L39<=TODAY()-WEEKDAY(TODAY(),2)+7),"Follow-This Week", IF(AND(L39>=TODAY()-WEEKDAY(TODAY(),2)+8,L39<=TODAY()-WEEKDAY(TODAY(),2)+14),"Follow-Next Week",""))))) -> Completed | Y39: =IF(OR(P39<>""),"Completed",IF(O39="","", IF(O39<TODAY(),"Overdue", IF(AND(O39>=TODAY()-WEEKDAY(TODAY(),2)+1,O39<=TODAY()-WEEKDAY(TODAY(),2)+7),"Follow-This Week", IF(AND(O39>=TODAY()-WEEKDAY(TODAY(),2)+8,O39<=TODAY()-WEEKDAY(TODAY(),2)+14),"Follow-Next Week",""))))) -> Follow-Next Week | Z39: =IF(OR(S39<>""),"Completed",IF(R39="","", IF(R39<TODAY(),"Overdue", IF(AND(R39>=TODAY()-WEEKDAY(TODAY(),2)+1,R39<=TODAY()-WEEKDAY(TODAY(),2)+7),"Follow-This Week", IF(AND(R39>=TODAY()-WEEKDAY(TODAY(),2)+8,R39<=TODAY()-WEEKDAY(TODAY(),2)+14),"Follow-Next Week",""))))) | AA39: =IF(OR(V39<>""),"Completed",IF(U39="","", IF(U39<TODAY(),"Overdue", IF(AND(U39>=TODAY()-WEEKDAY(TODAY(),2)+1,U39<=TODAY()-WEEKDAY(TODAY(),2)+7),"Follow-This Week", IF(AND(U39>=TODAY()-WEEKDAY(TODAY(),2)+8,U39<=TODAY()-WEEKDAY(TODAY(),2)+14),"Follow-Next Week","")))))
A40: ZAWTIKA Z1F TS | B40: ZWP-22 | C40: RPT | D40: MM-ZTK-1F-ZWP22-STR-CAL-2032 | E40: ZWP22 COMBINED TOPSIDES AND JACKET SEISMIC ANALYSIS REPORT (ABNORMAL LEVEL EARTHQUAKE-ALE) | F40: =(COUNTIFS(K40,"<="&$D$1)*50%)+(COUNTIFS(N40,"<="&$D$1)*20%)+(COUNTIFS(Q40,"<="&$D$1)*10%)+(COUNTIFS(T40,"<="&$D$1)*20%) -> 0.5 | G40: =(COUNTIFS(L40,"<="&$D$1)*50%)+(COUNTIFS(O40,"<="&$D$1)*20%)+(COUNTIFS(R40,"<="&$D$1)*10%)+(COUNTIFS(U40,"<="&$D$1)*20%) -> 0.5 | H40: =(COUNTIFS(M40,"<="&$D$1)*50%)+(COUNTIFS(P40,"<="&$D$1)*20%)+(COUNTIFS(S40,"<="&$D$1)*10%)+(COUNTIFS(V40,"<="&$D$1)*20%) -> 0.5 | I40: =H40-F40 -> 0 | J40: 1 | K40: 46213 | L40: =K40 -> 46213 | M40: 46188 | N40: =K40+42 -> 46255 | O40: =N40 -> 46255 | Q40: =N40+42 -> 46297 | R40: =Q40 -> 46297 | T40: =Q40+14 -> 46311 | U40: =T40 -> 46311 | X40: =IF(OR(M40<>""),"Completed", IF(L40="","",IF(L40<TODAY(),"Overdue", IF(AND(L40>=TODAY()-WEEKDAY(TODAY(),2)+1,L40<=TODAY()-WEEKDAY(TODAY(),2)+7),"Follow-This Week", IF(AND(L40>=TODAY()-WEEKDAY(TODAY(),2)+8,L40<=TODAY()-WEEKDAY(TODAY(),2)+14),"Follow-Next Week",""))))) -> Completed | Y40: =IF(OR(P40<>""),"Completed",IF(O40="","", IF(O40<TODAY(),"Overdue", IF(AND(O40>=TODAY()-WEEKDAY(TODAY(),2)+1,O40<=TODAY()-WEEKDAY(TODAY(),2)+7),"Follow-This Week", IF(AND(O40>=TODAY()-WEEKDAY(TODAY(),2)+8,O40<=TODAY()-WEEKDAY(TODAY(),2)+14),"Follow-Next Week",""))))) | Z40: =IF(OR(S40<>""),"Completed",IF(R40="","", IF(R40<TODAY(),"Overdue", IF(AND(R40>=TODAY()-WEEKDAY(TODAY(),2)+1,R40<=TODAY()-WEEKDAY(TODAY(),2)+7),"Follow-This Week", IF(AND(R40>=TODAY()-WEEKDAY(TODAY(),2)+8,R40<=TODAY()-WEEKDAY(TODAY(),2)+14),"Follow-Next Week",""))))) | AA40: =IF(OR(V40<>""),"Completed",IF(U40="","", IF(U40<TODAY(),"Overdue", IF(AND(U40>=TODAY()-WEEKDAY(TODAY(),2)+1,U40<=TODAY()-WEEKDAY(TODAY(),2)+7),"Follow-This Week", IF(AND(U40>=TODAY()-WEEKDAY(TODAY(),2)+8,U40<=TODAY()-WEEKDAY(TODAY(),2)+14),"Follow-Next Week","")))))
A41: ZAWTIKA Z1F TS | B41: ZWP-23 | C41: RPT | D41: MM-ZTK-1F-ZWP23-STR-CAL-2031 | E41: ZWP23 COMBINED TOPSIDES AND JACKET SEISMIC ANALYSIS REPORT (EXTREME LEVEL EARTHQUAKE-ELE) | F41: =(COUNTIFS(K41,"<="&$D$1)*50%)+(COUNTIFS(N41,"<="&$D$1)*20%)+(COUNTIFS(Q41,"<="&$D$1)*10%)+(COUNTIFS(T41,"<="&$D$1)*20%) -> 0.7 | G41: =(COUNTIFS(L41,"<="&$D$1)*50%)+(COUNTIFS(O41,"<="&$D$1)*20%)+(COUNTIFS(R41,"<="&$D$1)*10%)+(COUNTIFS(U41,"<="&$D$1)*20%) -> 0.7 | H41: =(COUNTIFS(M41,"<="&$D$1)*50%)+(COUNTIFS(P41,"<="&$D$1)*20%)+(COUNTIFS(S41,"<="&$D$1)*10%)+(COUNTIFS(V41,"<="&$D$1)*20%) -> 0.7 | I41: =H41-F41 -> 0 | J41: 2 | K41: 46192 | L41: =K41 -> 46192 | M41: 46178 | N41: =K41+42 -> 46234 | O41: =N41 -> 46234 | P41: 46227 | Q41: =N41+42 -> 46276 | R41: =Q41 -> 46276 | T41: =Q41+14 -> 46290 | U41: =T41 -> 46290 | X41: =IF(OR(M41<>""),"Completed", IF(L41="","",IF(L41<TODAY(),"Overdue", IF(AND(L41>=TODAY()-WEEKDAY(TODAY(),2)+1,L41<=TODAY()-WEEKDAY(TODAY(),2)+7),"Follow-This Week", IF(AND(L41>=TODAY()-WEEKDAY(TODAY(),2)+8,L41<=TODAY()-WEEKDAY(TODAY(),2)+14),"Follow-Next Week",""))))) -> Completed | Y41: =IF(OR(P41<>""),"Completed",IF(O41="","", IF(O41<TODAY(),"Overdue", IF(AND(O41>=TODAY()-WEEKDAY(TODAY(),2)+1,O41<=TODAY()-WEEKDAY(TODAY(),2)+7),"Follow-This Week", IF(AND(O41>=TODAY()-WEEKDAY(TODAY(),2)+8,O41<=TODAY()-WEEKDAY(TODAY(),2)+14),"Follow-Next Week",""))))) -> Completed | Z41: =IF(OR(S41<>""),"Completed",IF(R41="","", IF(R41<TODAY(),"Overdue", IF(AND(R41>=TODAY()-WEEKDAY(TODAY(),2)+1,R41<=TODAY()-WEEKDAY(TODAY(),2)+7),"Follow-This Week", IF(AND(R41>=TODAY()-WEEKDAY(TODAY(),2)+8,R41<=TODAY()-WEEKDAY(TODAY(),2)+14),"Follow-Next Week",""))))) | AA41: =IF(OR(V41<>""),"Completed",IF(U41="","", IF(U41<TODAY(),"Overdue", IF(AND(U41>=TODAY()-WEEKDAY(TODAY(),2)+1,U41<=TODAY()-WEEKDAY(TODAY(),2)+7),"Follow-This Week", IF(AND(U41>=TODAY()-WEEKDAY(TODAY(),2)+8,U41<=TODAY()-WEEKDAY(TODAY(),2)+14),"Follow-Next Week","")))))
A42: ZAWTIKA Z1F TS | B42: ZWP-23 | C42: RPT | D42: MM-ZTK-1F-ZWP23-STR-CAL-2032 | E42: ZWP23 COMBINED TOPSIDES AND JACKET SEISMIC ANALYSIS REPORT (ABNORMAL LEVEL EARTHQUAKE-ALE) | F42: =(COUNTIFS(K42,"<="&$D$1)*50%)+(COUNTIFS(N42,"<="&$D$1)*20%)+(COUNTIFS(Q42,"<="&$D$1)*10%)+(COUNTIFS(T42,"<="&$D$1)*20%) -> 0.7 | G42: =(COUNTIFS(L42,"<="&$D$1)*50%)+(COUNTIFS(O42,"<="&$D$1)*20%)+(COUNTIFS(R42,"<="&$D$1)*10%)+(COUNTIFS(U42,"<="&$D$1)*20%) -> 0.7 | H42: =(COUNTIFS(M42,"<="&$D$1)*50%)+(COUNTIFS(P42,"<="&$D$1)*20%)+(COUNTIFS(S42,"<="&$D$1)*10%)+(COUNTIFS(V42,"<="&$D$1)*20%) -> 0.7 | I42: =H42-F42 -> 0 | J42: 2 | K42: 46199 | L42: =K42 -> 46199 | M42: 46181 | N42: =K42+42 -> 46241 | O42: =N42 -> 46241 | P42: 46227 | Q42: =N42+42 -> 46283 | R42: =Q42 -> 46283 | T42: =Q42+14 -> 46297 | U42: =T42 -> 46297 | X42: =IF(OR(M42<>""),"Completed", IF(L42="","",IF(L42<TODAY(),"Overdue", IF(AND(L42>=TODAY()-WEEKDAY(TODAY(),2)+1,L42<=TODAY()-WEEKDAY(TODAY(),2)+7),"Follow-This Week", IF(AND(L42>=TODAY()-WEEKDAY(TODAY(),2)+8,L42<=TODAY()-WEEKDAY(TODAY(),2)+14),"Follow-Next Week",""))))) -> Completed | Y42: =IF(OR(P42<>""),"Completed",IF(O42="","", IF(O42<TODAY(),"Overdue", IF(AND(O42>=TODAY()-WEEKDAY(TODAY(),2)+1,O42<=TODAY()-WEEKDAY(TODAY(),2)+7),"Follow-This Week", IF(AND(O42>=TODAY()-WEEKDAY(TODAY(),2)+8,O42<=TODAY()-WEEKDAY(TODAY(),2)+14),"Follow-Next Week",""))))) -> Completed | Z42: =IF(OR(S42<>""),"Completed",IF(R42="","", IF(R42<TODAY(),"Overdue", IF(AND(R42>=TODAY()-WEEKDAY(TODAY(),2)+1,R42<=TODAY()-WEEKDAY(TODAY(),2)+7),"Follow-This Week", IF(AND(R42>=TODAY()-WEEKDAY(TODAY(),2)+8,R42<=TODAY()-WEEKDAY(TODAY(),2)+14),"Follow-Next Week",""))))) | AA42: =IF(OR(V42<>""),"Completed",IF(U42="","", IF(U42<TODAY(),"Overdue", IF(AND(U42>=TODAY()-WEEKDAY(TODAY(),2)+1,U42<=TODAY()-WEEKDAY(TODAY(),2)+7),"Follow-This Week", IF(AND(U42>=TODAY()-WEEKDAY(TODAY(),2)+8,U42<=TODAY()-WEEKDAY(TODAY(),2)+14),"Follow-Next Week","")))))
A43: ZAWTIKA Z1F TS | B43: GENERIC | C43: RPT | D43: MM-ZTK-1F-GEN-NVA-CAL-1011 | E43: TOPSIDES BARGE MOTION ANALYSIS REPORT - SUPERSEDED | F43: =(COUNTIFS(K43,"<="&$D$1)*50%)+(COUNTIFS(N43,"<="&$D$1)*20%)+(COUNTIFS(Q43,"<="&$D$1)*10%)+(COUNTIFS(T43,"<="&$D$1)*20%) -> 0.7 | G43: =(COUNTIFS(L43,"<="&$D$1)*50%)+(COUNTIFS(O43,"<="&$D$1)*20%)+(COUNTIFS(R43,"<="&$D$1)*10%)+(COUNTIFS(U43,"<="&$D$1)*20%) -> 0.7 | H43: =(COUNTIFS(M43,"<="&$D$1)*50%)+(COUNTIFS(P43,"<="&$D$1)*20%)+(COUNTIFS(S43,"<="&$D$1)*10%)+(COUNTIFS(V43,"<="&$D$1)*20%) -> 1 | I43: =H43-F43 -> 0.3 | J43: 1.2 | K43: 46164 | L43: =K43 -> 46164 | M43: 46202 | N43: =K43+42 -> 46206 | O43: =N43 -> 46206 | P43: 46241 | Q43: =N43+42 -> 46248 | R43: =Q43 -> 46248 | S43: 46241 | T43: =Q43+14 -> 46262 | U43: =T43 -> 46262 | V43: 46241 | X43: =IF(OR(M43<>""),"Completed", IF(L43="","",IF(L43<TODAY(),"Overdue", IF(AND(L43>=TODAY()-WEEKDAY(TODAY(),2)+1,L43<=TODAY()-WEEKDAY(TODAY(),2)+7),"Follow-This Week", IF(AND(L43>=TODAY()-WEEKDAY(TODAY(),2)+8,L43<=TODAY()-WEEKDAY(TODAY(),2)+14),"Follow-Next Week",""))))) -> Completed | Y43: =IF(OR(P43<>""),"Completed",IF(O43="","", IF(O43<TODAY(),"Overdue", IF(AND(O43>=TODAY()-WEEKDAY(TODAY(),2)+1,O43<=TODAY()-WEEKDAY(TODAY(),2)+7),"Follow-This Week", IF(AND(O43>=TODAY()-WEEKDAY(TODAY(),2)+8,O43<=TODAY()-WEEKDAY(TODAY(),2)+14),"Follow-Next Week",""))))) -> Completed | Z43: =IF(OR(S43<>""),"Completed",IF(R43="","", IF(R43<TODAY(),"Overdue", IF(AND(R43>=TODAY()-WEEKDAY(TODAY(),2)+1,R43<=TODAY()-WEEKDAY(TODAY(),2)+7),"Follow-This Week", IF(AND(R43>=TODAY()-WEEKDAY(TODAY(),2)+8,R43<=TODAY()-WEEKDAY(TODAY(),2)+14),"Follow-Next Week",""))))) -> Completed | AA43: =IF(OR(V43<>""),"Completed",IF(U43="","", IF(U43<TODAY(),"Overdue", IF(AND(U43>=TODAY()-WEEKDAY(TODAY(),2)+1,U43<=TODAY()-WEEKDAY(TODAY(),2)+7),"Follow-This Week", IF(AND(U43>=TODAY()-WEEKDAY(TODAY(),2)+8,U43<=TODAY()-WEEKDAY(TODAY(),2)+14),"Follow-Next Week",""))))) -> Completed
A44: ZAWTIKA Z1F TS | B44: GENERIC | C44: RPT | D44: MM-ZTK-1F-GEN-NVA-CAL-1011 | E44: TOPSIDES BARGE MOTION ANALYSIS REPORT - UPDATED TOW ROUTE | F44: =(COUNTIFS(K44,"<="&$D$1)*50%)+(COUNTIFS(N44,"<="&$D$1)*20%)+(COUNTIFS(Q44,"<="&$D$1)*10%)+(COUNTIFS(T44,"<="&$D$1)*20%) -> 0.7 | G44: =(COUNTIFS(L44,"<="&$D$1)*50%)+(COUNTIFS(O44,"<="&$D$1)*20%)+(COUNTIFS(R44,"<="&$D$1)*10%)+(COUNTIFS(U44,"<="&$D$1)*20%) -> 0.7 | H44: =(COUNTIFS(M44,"<="&$D$1)*50%)+(COUNTIFS(P44,"<="&$D$1)*20%)+(COUNTIFS(S44,"<="&$D$1)*10%)+(COUNTIFS(V44,"<="&$D$1)*20%) -> 0.5 | I44: =H44-F44 -> -0.2 | J44: 0.8 | K44: 46164 | L44: =K44 -> 46164 | M44: 46202 | N44: =K44+42 -> 46206 | O44: =N44 -> 46206 | Q44: =N44+42 -> 46248 | R44: =Q44 -> 46248 | T44: =Q44+14 -> 46262 | U44: =T44 -> 46262 | X44: =IF(OR(M44<>""),"Completed", IF(L44="","",IF(L44<TODAY(),"Overdue", IF(AND(L44>=TODAY()-WEEKDAY(TODAY(),2)+1,L44<=TODAY()-WEEKDAY(TODAY(),2)+7),"Follow-This Week", IF(AND(L44>=TODAY()-WEEKDAY(TODAY(),2)+8,L44<=TODAY()-WEEKDAY(TODAY(),2)+14),"Follow-Next Week",""))))) -> Completed | Y44: =IF(OR(P44<>""),"Completed",IF(O44="","", IF(O44<TODAY(),"Overdue", IF(AND(O44>=TODAY()-WEEKDAY(TODAY(),2)+1,O44<=TODAY()-WEEKDAY(TODAY(),2)+7),"Follow-This Week", IF(AND(O44>=TODAY()-WEEKDAY(TODAY(),2)+8,O44<=TODAY()-WEEKDAY(TODAY(),2)+14),"Follow-Next Week",""))))) -> Overdue | Z44: =IF(OR(S44<>""),"Completed",IF(R44="","", IF(R44<TODAY(),"Overdue", IF(AND(R44>=TODAY()-WEEKDAY(TODAY(),2)+1,R44<=TODAY()-WEEKDAY(TODAY(),2)+7),"Follow-This Week", IF(AND(R44>=TODAY()-WEEKDAY(TODAY(),2)+8,R44<=TODAY()-WEEKDAY(TODAY(),2)+14),"Follow-Next Week",""))))) -> Follow-Next Week | AA44: =IF(OR(V44<>""),"Completed",IF(U44="","", IF(U44<TODAY(),"Overdue", IF(AND(U44>=TODAY()-WEEKDAY(TODAY(),2)+1,U44<=TODAY()-WEEKDAY(TODAY(),2)+7),"Follow-This Week", IF(AND(U44>=TODAY()-WEEKDAY(TODAY(),2)+8,U44<=TODAY()-WEEKDAY(TODAY(),2)+14),"Follow-Next Week","")))))
A45: ZAWTIKA Z1F TS | B45: GENERIC | C45: RPT | D45: MM-ZTK-1F-GEN-STR-CAL-1001 | E45: TOPSIDES PRIMARY STEEL MTO REPORT | F45: =(COUNTIFS(K45,"<="&$D$1)*50%)+(COUNTIFS(N45,"<="&$D$1)*20%)+(COUNTIFS(Q45,"<="&$D$1)*10%)+(COUNTIFS(T45,"<="&$D$1)*20%) -> 0.7 | G45: =(COUNTIFS(L45,"<="&$D$1)*50%)+(COUNTIFS(O45,"<="&$D$1)*20%)+(COUNTIFS(R45,"<="&$D$1)*10%)+(COUNTIFS(U45,"<="&$D$1)*20%) -> 0.7 | H45: =(COUNTIFS(M45,"<="&$D$1)*50%)+(COUNTIFS(P45,"<="&$D$1)*20%)+(COUNTIFS(S45,"<="&$D$1)*10%)+(COUNTIFS(V45,"<="&$D$1)*20%) -> 0.7 | I45: =H45-F45 -> 0 | J45: 2 | K45: 46171 | L45: =K45 -> 46171 | M45: 46188 | N45: =K45+42 -> 46213 | O45: =N45 -> 46213 | P45: 46227 | Q45: =N45+42 -> 46255 | R45: =Q45 -> 46255 | T45: =Q45+14 -> 46269 | U45: =T45 -> 46269 | X45: =IF(OR(M45<>""),"Completed", IF(L45="","",IF(L45<TODAY(),"Overdue", IF(AND(L45>=TODAY()-WEEKDAY(TODAY(),2)+1,L45<=TODAY()-WEEKDAY(TODAY(),2)+7),"Follow-This Week", IF(AND(L45>=TODAY()-WEEKDAY(TODAY(),2)+8,L45<=TODAY()-WEEKDAY(TODAY(),2)+14),"Follow-Next Week",""))))) -> Completed | Y45: =IF(OR(P45<>""),"Completed",IF(O45="","", IF(O45<TODAY(),"Overdue", IF(AND(O45>=TODAY()-WEEKDAY(TODAY(),2)+1,O45<=TODAY()-WEEKDAY(TODAY(),2)+7),"Follow-This Week", IF(AND(O45>=TODAY()-WEEKDAY(TODAY(),2)+8,O45<=TODAY()-WEEKDAY(TODAY(),2)+14),"Follow-Next Week",""))))) -> Completed | Z45: =IF(OR(S45<>""),"Completed",IF(R45="","", IF(R45<TODAY(),"Overdue", IF(AND(R45>=TODAY()-WEEKDAY(TODAY(),2)+1,R45<=TODAY()-WEEKDAY(TODAY(),2)+7),"Follow-This Week", IF(AND(R45>=TODAY()-WEEKDAY(TODAY(),2)+8,R45<=TODAY()-WEEKDAY(TODAY(),2)+14),"Follow-Next Week",""))))) | AA45: =IF(OR(V45<>""),"Completed",IF(U45="","", IF(U45<TODAY(),"Overdue", IF(AND(U45>=TODAY()-WEEKDAY(TODAY(),2)+1,U45<=TODAY()-WEEKDAY(TODAY(),2)+7),"Follow-This Week", IF(AND(U45>=TODAY()-WEEKDAY(TODAY(),2)+8,U45<=TODAY()-WEEKDAY(TODAY(),2)+14),"Follow-Next Week","")))))
A46: ZAWTIKA Z1F TS | B46: GENERIC | C46: RPT | D46: MM-ZTK-1F-GEN-STR-CAL-1002 | E46: TOPSIDES SECONDARY AND TERTIARY STEEL MTO REPORT | F46: =(COUNTIFS(K46,"<="&$D$1)*50%)+(COUNTIFS(N46,"<="&$D$1)*20%)+(COUNTIFS(Q46,"<="&$D$1)*10%)+(COUNTIFS(T46,"<="&$D$1)*20%) -> 0.7 | G46: =(COUNTIFS(L46,"<="&$D$1)*50%)+(COUNTIFS(O46,"<="&$D$1)*20%)+(COUNTIFS(R46,"<="&$D$1)*10%)+(COUNTIFS(U46,"<="&$D$1)*20%) -> 0.7 | H46: =(COUNTIFS(M46,"<="&$D$1)*50%)+(COUNTIFS(P46,"<="&$D$1)*20%)+(COUNTIFS(S46,"<="&$D$1)*10%)+(COUNTIFS(V46,"<="&$D$1)*20%) -> 0.7 | I46: =H46-F46 -> 0 | J46: 2 | K46: 46178 | L46: =K46 -> 46178 | M46: 46202 | N46: =K46+42 -> 46220 | O46: =N46 -> 46220 | P46: 46204 | Q46: =N46+42 -> 46262 | R46: =Q46 -> 46262 | T46: =Q46+14 -> 46276 | U46: =T46 -> 46276 | X46: =IF(OR(M46<>""),"Completed", IF(L46="","",IF(L46<TODAY(),"Overdue", IF(AND(L46>=TODAY()-WEEKDAY(TODAY(),2)+1,L46<=TODAY()-WEEKDAY(TODAY(),2)+7),"Follow-This Week", IF(AND(L46>=TODAY()-WEEKDAY(TODAY(),2)+8,L46<=TODAY()-WEEKDAY(TODAY(),2)+14),"Follow-Next Week",""))))) -> Completed | Y46: =IF(OR(P46<>""),"Completed",IF(O46="","", IF(O46<TODAY(),"Overdue", IF(AND(O46>=TODAY()-WEEKDAY(TODAY(),2)+1,O46<=TODAY()-WEEKDAY(TODAY(),2)+7),"Follow-This Week", IF(AND(O46>=TODAY()-WEEKDAY(TODAY(),2)+8,O46<=TODAY()-WEEKDAY(TODAY(),2)+14),"Follow-Next Week",""))))) -> Completed | Z46: =IF(OR(S46<>""),"Completed",IF(R46="","", IF(R46<TODAY(),"Overdue", IF(AND(R46>=TODAY()-WEEKDAY(TODAY(),2)+1,R46<=TODAY()-WEEKDAY(TODAY(),2)+7),"Follow-This Week", IF(AND(R46>=TODAY()-WEEKDAY(TODAY(),2)+8,R46<=TODAY()-WEEKDAY(TODAY(),2)+14),"Follow-Next Week",""))))) | AA46: =IF(OR(V46<>""),"Completed",IF(U46="","", IF(U46<TODAY(),"Overdue", IF(AND(U46>=TODAY()-WEEKDAY(TODAY(),2)+1,U46<=TODAY()-WEEKDAY(TODAY(),2)+7),"Follow-This Week", IF(AND(U46>=TODAY()-WEEKDAY(TODAY(),2)+8,U46<=TODAY()-WEEKDAY(TODAY(),2)+14),"Follow-Next Week","")))))
A47: ZAWTIKA Z1F TS | B47: GENERIC | C47: RPT | D47: MM-ZTK-1F-GEN-STR-MR-1001 | E47: MATERIAL REQUISITION FOR TOPSIDES HIGH STRENGTH TUBULAR STEEL | F47: =(COUNTIFS(K47,"<="&$D$1)*50%)+(COUNTIFS(N47,"<="&$D$1)*20%)+(COUNTIFS(Q47,"<="&$D$1)*10%)+(COUNTIFS(T47,"<="&$D$1)*20%) -> 1 | G47: =(COUNTIFS(L47,"<="&$D$1)*50%)+(COUNTIFS(O47,"<="&$D$1)*20%)+(COUNTIFS(R47,"<="&$D$1)*10%)+(COUNTIFS(U47,"<="&$D$1)*20%) -> 1 | H47: =(COUNTIFS(M47,"<="&$D$1)*50%)+(COUNTIFS(P47,"<="&$D$1)*20%)+(COUNTIFS(S47,"<="&$D$1)*10%)+(COUNTIFS(V47,"<="&$D$1)*20%) -> 0.8 | I47: =H47-F47 -> -0.2 | J47: 1.5 | K47: 46122 | L47: =K47 -> 46122 | M47: 46122 | N47: =K47+42 -> 46164 | O47: =N47 -> 46164 | P47: 46191 | Q47: =N47+42 -> 46206 | R47: =Q47 -> 46206 | S47: 46209 | T47: =Q47+14 -> 46220 | U47: =T47 -> 46220 | X47: =IF(OR(M47<>""),"Completed", IF(L47="","",IF(L47<TODAY(),"Overdue", IF(AND(L47>=TODAY()-WEEKDAY(TODAY(),2)+1,L47<=TODAY()-WEEKDAY(TODAY(),2)+7),"Follow-This Week", IF(AND(L47>=TODAY()-WEEKDAY(TODAY(),2)+8,L47<=TODAY()-WEEKDAY(TODAY(),2)+14),"Follow-Next Week",""))))) -> Completed | Y47: =IF(OR(P47<>""),"Completed",IF(O47="","", IF(O47<TODAY(),"Overdue", IF(AND(O47>=TODAY()-WEEKDAY(TODAY(),2)+1,O47<=TODAY()-WEEKDAY(TODAY(),2)+7),"Follow-This Week", IF(AND(O47>=TODAY()-WEEKDAY(TODAY(),2)+8,O47<=TODAY()-WEEKDAY(TODAY(),2)+14),"Follow-Next Week",""))))) -> Completed | Z47: =IF(OR(S47<>""),"Completed",IF(R47="","", IF(R47<TODAY(),"Overdue", IF(AND(R47>=TODAY()-WEEKDAY(TODAY(),2)+1,R47<=TODAY()-WEEKDAY(TODAY(),2)+7),"Follow-This Week", IF(AND(R47>=TODAY()-WEEKDAY(TODAY(),2)+8,R47<=TODAY()-WEEKDAY(TODAY(),2)+14),"Follow-Next Week",""))))) -> Completed | AA47: =IF(OR(V47<>""),"Completed",IF(U47="","", IF(U47<TODAY(),"Overdue", IF(AND(U47>=TODAY()-WEEKDAY(TODAY(),2)+1,U47<=TODAY()-WEEKDAY(TODAY(),2)+7),"Follow-This Week", IF(AND(U47>=TODAY()-WEEKDAY(TODAY(),2)+8,U47<=TODAY()-WEEKDAY(TODAY(),2)+14),"Follow-Next Week",""))))) -> Overdue
A48: ZAWTIKA Z1F TS | B48: GENERIC | C48: RPT | D48: MM-ZTK-1F-GEN-STR-MR-1002 | E48: MATERIAL REQUISITION FOR TOPSIDES SECONDARY AND TERTIARY TUBULAR STEEL | F48: =(COUNTIFS(K48,"<="&$D$1)*50%)+(COUNTIFS(N48,"<="&$D$1)*20%)+(COUNTIFS(Q48,"<="&$D$1)*10%)+(COUNTIFS(T48,"<="&$D$1)*20%) -> 1 | G48: =(COUNTIFS(L48,"<="&$D$1)*50%)+(COUNTIFS(O48,"<="&$D$1)*20%)+(COUNTIFS(R48,"<="&$D$1)*10%)+(COUNTIFS(U48,"<="&$D$1)*20%) -> 1 | H48: =(COUNTIFS(M48,"<="&$D$1)*50%)+(COUNTIFS(P48,"<="&$D$1)*20%)+(COUNTIFS(S48,"<="&$D$1)*10%)+(COUNTIFS(V48,"<="&$D$1)*20%) -> 1 | I48: =H48-F48 -> 0 | J48: 1.5 | K48: 46142 | L48: =K48 -> 46142 | M48: 46164 | N48: =K48+42 -> 46184 | O48: =N48 -> 46184 | P48: 46191 | Q48: =N48+42 -> 46226 | R48: =Q48 -> 46226 | S48: 46220 | T48: =Q48+14 -> 46240 | U48: =T48 -> 46240 | V48: 46233 | X48: =IF(OR(M48<>""),"Completed", IF(L48="","",IF(L48<TODAY(),"Overdue", IF(AND(L48>=TODAY()-WEEKDAY(TODAY(),2)+1,L48<=TODAY()-WEEKDAY(TODAY(),2)+7),"Follow-This Week", IF(AND(L48>=TODAY()-WEEKDAY(TODAY(),2)+8,L48<=TODAY()-WEEKDAY(TODAY(),2)+14),"Follow-Next Week",""))))) -> Completed | Y48: =IF(OR(P48<>""),"Completed",IF(O48="","", IF(O48<TODAY(),"Overdue", IF(AND(O48>=TODAY()-WEEKDAY(TODAY(),2)+1,O48<=TODAY()-WEEKDAY(TODAY(),2)+7),"Follow-This Week", IF(AND(O48>=TODAY()-WEEKDAY(TODAY(),2)+8,O48<=TODAY()-WEEKDAY(TODAY(),2)+14),"Follow-Next Week",""))))) -> Completed | Z48: =IF(OR(S48<>""),"Completed",IF(R48="","", IF(R48<TODAY(),"Overdue", IF(AND(R48>=TODAY()-WEEKDAY(TODAY(),2)+1,R48<=TODAY()-WEEKDAY(TODAY(),2)+7),"Follow-This Week", IF(AND(R48>=TODAY()-WEEKDAY(TODAY(),2)+8,R48<=TODAY()-WEEKDAY(TODAY(),2)+14),"Follow-Next Week",""))))) -> Completed | AA48: =IF(OR(V48<>""),"Completed",IF(U48="","", IF(U48<TODAY(),"Overdue", IF(AND(U48>=TODAY()-WEEKDAY(TODAY(),2)+1,U48<=TODAY()-WEEKDAY(TODAY(),2)+7),"Follow-This Week", IF(AND(U48>=TODAY()-WEEKDAY(TODAY(),2)+8,U48<=TODAY()-WEEKDAY(TODAY(),2)+14),"Follow-Next Week",""))))) -> Completed
A49: ZAWTIKA Z1F TS | B49: GENERIC | C49: RPT | D49: MM-ZTK-1F-GEN-STR-MR-1011 | E49: MATERIAL REQUISITION FOR TOPSIDES HIGH STRENGTH HOT-ROLLED STEEL SECTIONS (SHAPES) | F49: =(COUNTIFS(K49,"<="&$D$1)*50%)+(COUNTIFS(N49,"<="&$D$1)*20%)+(COUNTIFS(Q49,"<="&$D$1)*10%)+(COUNTIFS(T49,"<="&$D$1)*20%) -> 1 | G49: =(COUNTIFS(L49,"<="&$D$1)*50%)+(COUNTIFS(O49,"<="&$D$1)*20%)+(COUNTIFS(R49,"<="&$D$1)*10%)+(COUNTIFS(U49,"<="&$D$1)*20%) -> 1 | H49: =(COUNTIFS(M49,"<="&$D$1)*50%)+(COUNTIFS(P49,"<="&$D$1)*20%)+(COUNTIFS(S49,"<="&$D$1)*10%)+(COUNTIFS(V49,"<="&$D$1)*20%) -> 0.8 | I49: =H49-F49 -> -0.2 | J49: 1.5 | K49: 46122 | L49: =K49 -> 46122 | M49: 46122 | N49: =K49+42 -> 46164 | O49: =N49 -> 46164 | P49: 46191 | Q49: =N49+42 -> 46206 | R49: =Q49 -> 46206 | S49: 46209 | T49: =Q49+14 -> 46220 | U49: =T49 -> 46220 | X49: =IF(OR(M49<>""),"Completed", IF(L49="","",IF(L49<TODAY(),"Overdue", IF(AND(L49>=TODAY()-WEEKDAY(TODAY(),2)+1,L49<=TODAY()-WEEKDAY(TODAY(),2)+7),"Follow-This Week", IF(AND(L49>=TODAY()-WEEKDAY(TODAY(),2)+8,L49<=TODAY()-WEEKDAY(TODAY(),2)+14),"Follow-Next Week",""))))) -> Completed | Y49: =IF(OR(P49<>""),"Completed",IF(O49="","", IF(O49<TODAY(),"Overdue", IF(AND(O49>=TODAY()-WEEKDAY(TODAY(),2)+1,O49<=TODAY()-WEEKDAY(TODAY(),2)+7),"Follow-This Week", IF(AND(O49>=TODAY()-WEEKDAY(TODAY(),2)+8,O49<=TODAY()-WEEKDAY(TODAY(),2)+14),"Follow-Next Week",""))))) -> Completed | Z49: =IF(OR(S49<>""),"Completed",IF(R49="","", IF(R49<TODAY(),"Overdue", IF(AND(R49>=TODAY()-WEEKDAY(TODAY(),2)+1,R49<=TODAY()-WEEKDAY(TODAY(),2)+7),"Follow-This Week", IF(AND(R49>=TODAY()-WEEKDAY(TODAY(),2)+8,R49<=TODAY()-WEEKDAY(TODAY(),2)+14),"Follow-Next Week",""))))) -> Completed | AA49: =IF(OR(V49<>""),"Completed",IF(U49="","", IF(U49<TODAY(),"Overdue", IF(AND(U49>=TODAY()-WEEKDAY(TODAY(),2)+1,U49<=TODAY()-WEEKDAY(TODAY(),2)+7),"Follow-This Week", IF(AND(U49>=TODAY()-WEEKDAY(TODAY(),2)+8,U49<=TODAY()-WEEKDAY(TODAY(),2)+14),"Follow-Next Week",""))))) -> Overdue
A50: ZAWTIKA Z1F TS | B50: GENERIC | C50: RPT | D50: MM-ZTK-1F-GEN-STR-MR-1012 | E50: MATERIAL REQUISITION FOR TOPSIDES SECONDARY AND TERTIARY HOT-ROLLED STEEL (SHAPES) | F50: =(COUNTIFS(K50,"<="&$D$1)*50%)+(COUNTIFS(N50,"<="&$D$1)*20%)+(COUNTIFS(Q50,"<="&$D$1)*10%)+(COUNTIFS(T50,"<="&$D$1)*20%) -> 1 | G50: =(COUNTIFS(L50,"<="&$D$1)*50%)+(COUNTIFS(O50,"<="&$D$1)*20%)+(COUNTIFS(R50,"<="&$D$1)*10%)+(COUNTIFS(U50,"<="&$D$1)*20%) -> 1 | H50: =(COUNTIFS(M50,"<="&$D$1)*50%)+(COUNTIFS(P50,"<="&$D$1)*20%)+(COUNTIFS(S50,"<="&$D$1)*10%)+(COUNTIFS(V50,"<="&$D$1)*20%) -> 1 | I50: =H50-F50 -> 0 | J50: 1.5 | K50: 46142 | L50: =K50 -> 46142 | M50: 46164 | N50: =K50+42 -> 46184 | O50: =N50 -> 46184 | P50: 46191 | Q50: =N50+42 -> 46226 | R50: =Q50 -> 46226 | S50: 46220 | T50: =Q50+14 -> 46240 | U50: =T50 -> 46240 | V50: 46233 | X50: =IF(OR(M50<>""),"Completed", IF(L50="","",IF(L50<TODAY(),"Overdue", IF(AND(L50>=TODAY()-WEEKDAY(TODAY(),2)+1,L50<=TODAY()-WEEKDAY(TODAY(),2)+7),"Follow-This Week", IF(AND(L50>=TODAY()-WEEKDAY(TODAY(),2)+8,L50<=TODAY()-WEEKDAY(TODAY(),2)+14),"Follow-Next Week",""))))) -> Completed | Y50: =IF(OR(P50<>""),"Completed",IF(O50="","", IF(O50<TODAY(),"Overdue", IF(AND(O50>=TODAY()-WEEKDAY(TODAY(),2)+1,O50<=TODAY()-WEEKDAY(TODAY(),2)+7),"Follow-This Week", IF(AND(O50>=TODAY()-WEEKDAY(TODAY(),2)+8,O50<=TODAY()-WEEKDAY(TODAY(),2)+14),"Follow-Next Week",""))))) -> Completed | Z50: =IF(OR(S50<>""),"Completed",IF(R50="","", IF(R50<TODAY(),"Overdue", IF(AND(R50>=TODAY()-WEEKDAY(TODAY(),2)+1,R50<=TODAY()-WEEKDAY(TODAY(),2)+7),"Follow-This Week", IF(AND(R50>=TODAY()-WEEKDAY(TODAY(),2)+8,R50<=TODAY()-WEEKDAY(TODAY(),2)+14),"Follow-Next Week",""))))) -> Completed | AA50: =IF(OR(V50<>""),"Completed",IF(U50="","", IF(U50<TODAY(),"Overdue", IF(AND(U50>=TODAY()-WEEKDAY(TODAY(),2)+1,U50<=TODAY()-WEEKDAY(TODAY(),2)+7),"Follow-This Week", IF(AND(U50>=TODAY()-WEEKDAY(TODAY(),2)+8,U50<=TODAY()-WEEKDAY(TODAY(),2)+14),"Follow-Next Week",""))))) -> Completed
A51: ZAWTIKA Z1F TS | B51: GENERIC | C51: RPT | D51: MM-ZTK-1F-GEN-STR-MR-1021 | E51: MATERIAL REQUISITION FOR TOPSIDES HIGH STRENGTH STEEL PLATES | F51: =(COUNTIFS(K51,"<="&$D$1)*50%)+(COUNTIFS(N51,"<="&$D$1)*20%)+(COUNTIFS(Q51,"<="&$D$1)*10%)+(COUNTIFS(T51,"<="&$D$1)*20%) -> 1 | G51: =(COUNTIFS(L51,"<="&$D$1)*50%)+(COUNTIFS(O51,"<="&$D$1)*20%)+(COUNTIFS(R51,"<="&$D$1)*10%)+(COUNTIFS(U51,"<="&$D$1)*20%) -> 1 | H51: =(COUNTIFS(M51,"<="&$D$1)*50%)+(COUNTIFS(P51,"<="&$D$1)*20%)+(COUNTIFS(S51,"<="&$D$1)*10%)+(COUNTIFS(V51,"<="&$D$1)*20%) -> 0.8 | I51: =H51-F51 -> -0.2 | J51: 1.5 | K51: 46136 | L51: =K51 -> 46136 | M51: 46135 | N51: =K51+42 -> 46178 | O51: =N51 -> 46178 | P51: 46191 | Q51: =N51+42 -> 46220 | R51: =Q51 -> 46220 | S51: 46209 | T51: =Q51+14 -> 46234 | U51: =T51 -> 46234 | X51: =IF(OR(M51<>""),"Completed", IF(L51="","",IF(L51<TODAY(),"Overdue", IF(AND(L51>=TODAY()-WEEKDAY(TODAY(),2)+1,L51<=TODAY()-WEEKDAY(TODAY(),2)+7),"Follow-This Week", IF(AND(L51>=TODAY()-WEEKDAY(TODAY(),2)+8,L51<=TODAY()-WEEKDAY(TODAY(),2)+14),"Follow-Next Week",""))))) -> Completed | Y51: =IF(OR(P51<>""),"Completed",IF(O51="","", IF(O51<TODAY(),"Overdue", IF(AND(O51>=TODAY()-WEEKDAY(TODAY(),2)+1,O51<=TODAY()-WEEKDAY(TODAY(),2)+7),"Follow-This Week", IF(AND(O51>=TODAY()-WEEKDAY(TODAY(),2)+8,O51<=TODAY()-WEEKDAY(TODAY(),2)+14),"Follow-Next Week",""))))) -> Completed | Z51: =IF(OR(S51<>""),"Completed",IF(R51="","", IF(R51<TODAY(),"Overdue", IF(AND(R51>=TODAY()-WEEKDAY(TODAY(),2)+1,R51<=TODAY()-WEEKDAY(TODAY(),2)+7),"Follow-This Week", IF(AND(R51>=TODAY()-WEEKDAY(TODAY(),2)+8,R51<=TODAY()-WEEKDAY(TODAY(),2)+14),"Follow-Next Week",""))))) -> Completed | AA51: =IF(OR(V51<>""),"Completed",IF(U51="","", IF(U51<TODAY(),"Overdue", IF(AND(U51>=TODAY()-WEEKDAY(TODAY(),2)+1,U51<=TODAY()-WEEKDAY(TODAY(),2)+7),"Follow-This Week", IF(AND(U51>=TODAY()-WEEKDAY(TODAY(),2)+8,U51<=TODAY()-WEEKDAY(TODAY(),2)+14),"Follow-Next Week",""))))) -> Overdue
A52: ZAWTIKA Z1F TS | B52: GENERIC | C52: RPT | D52: MM-ZTK-1F-GEN-STR-MR-1022 | E52: MATERIAL REQUISITION FOR TOPSIDES LOW STRENGTH STEEL PLATES | F52: =(COUNTIFS(K52,"<="&$D$1)*50%)+(COUNTIFS(N52,"<="&$D$1)*20%)+(COUNTIFS(Q52,"<="&$D$1)*10%)+(COUNTIFS(T52,"<="&$D$1)*20%) -> 1 | G52: =(COUNTIFS(L52,"<="&$D$1)*50%)+(COUNTIFS(O52,"<="&$D$1)*20%)+(COUNTIFS(R52,"<="&$D$1)*10%)+(COUNTIFS(U52,"<="&$D$1)*20%) -> 1 | H52: =(COUNTIFS(M52,"<="&$D$1)*50%)+(COUNTIFS(P52,"<="&$D$1)*20%)+(COUNTIFS(S52,"<="&$D$1)*10%)+(COUNTIFS(V52,"<="&$D$1)*20%) -> 0.8 | I52: =H52-F52 -> -0.2 | J52: 1.5 | K52: 46142 | L52: =K52 -> 46142 | M52: 46171 | N52: =K52+42 -> 46184 | O52: =N52 -> 46184 | P52: 46191 | Q52: =N52+42 -> 46226 | R52: =Q52 -> 46226 | S52: 46237 | T52: =Q52+14 -> 46240 | U52: =T52 -> 46240 | X52: =IF(OR(M52<>""),"Completed", IF(L52="","",IF(L52<TODAY(),"Overdue", IF(AND(L52>=TODAY()-WEEKDAY(TODAY(),2)+1,L52<=TODAY()-WEEKDAY(TODAY(),2)+7),"Follow-This Week", IF(AND(L52>=TODAY()-WEEKDAY(TODAY(),2)+8,L52<=TODAY()-WEEKDAY(TODAY(),2)+14),"Follow-Next Week",""))))) -> Completed | Y52: =IF(OR(P52<>""),"Completed",IF(O52="","", IF(O52<TODAY(),"Overdue", IF(AND(O52>=TODAY()-WEEKDAY(TODAY(),2)+1,O52<=TODAY()-WEEKDAY(TODAY(),2)+7),"Follow-This Week", IF(AND(O52>=TODAY()-WEEKDAY(TODAY(),2)+8,O52<=TODAY()-WEEKDAY(TODAY(),2)+14),"Follow-Next Week",""))))) -> Completed | Z52: =IF(OR(S52<>""),"Completed",IF(R52="","", IF(R52<TODAY(),"Overdue", IF(AND(R52>=TODAY()-WEEKDAY(TODAY(),2)+1,R52<=TODAY()-WEEKDAY(TODAY(),2)+7),"Follow-This Week", IF(AND(R52>=TODAY()-WEEKDAY(TODAY(),2)+8,R52<=TODAY()-WEEKDAY(TODAY(),2)+14),"Follow-Next Week",""))))) -> Completed | AA52: =IF(OR(V52<>""),"Completed",IF(U52="","", IF(U52<TODAY(),"Overdue", IF(AND(U52>=TODAY()-WEEKDAY(TODAY(),2)+1,U52<=TODAY()-WEEKDAY(TODAY(),2)+7),"Follow-This Week", IF(AND(U52>=TODAY()-WEEKDAY(TODAY(),2)+8,U52<=TODAY()-WEEKDAY(TODAY(),2)+14),"Follow-Next Week",""))))) -> Overdue
A53: ZAWTIKA Z1F TS | B53: AS-BUILT | C53: RPT | D53: MM-ZTK-1F-ZWP20-STR-WCR-1101 | E53: ZWP20 TOPSIDES WEIGHT CONTROL REPORT (AS-BUILT) | F53: =(COUNTIFS(K53,"<="&$D$1)*50%)+(COUNTIFS(N53,"<="&$D$1)*20%)+(COUNTIFS(Q53,"<="&$D$1)*10%)+(COUNTIFS(T53,"<="&$D$1)*20%) -> 0 | G53: =(COUNTIFS(L53,"<="&$D$1)*50%)+(COUNTIFS(O53,"<="&$D$1)*20%)+(COUNTIFS(R53,"<="&$D$1)*10%)+(COUNTIFS(U53,"<="&$D$1)*20%) -> 0 | H53: =(COUNTIFS(M53,"<="&$D$1)*50%)+(COUNTIFS(P53,"<="&$D$1)*20%)+(COUNTIFS(S53,"<="&$D$1)*10%)+(COUNTIFS(V53,"<="&$D$1)*20%) -> 0 | I53: =H53-F53 -> 0 | J53: 0.25 | X53: =IF(OR(M53<>""),"Completed", IF(L53="","",IF(L53<TODAY(),"Overdue", IF(AND(L53>=TODAY()-WEEKDAY(TODAY(),2)+1,L53<=TODAY()-WEEKDAY(TODAY(),2)+7),"Follow-This Week", IF(AND(L53>=TODAY()-WEEKDAY(TODAY(),2)+8,L53<=TODAY()-WEEKDAY(TODAY(),2)+14),"Follow-Next Week",""))))) | Y53: =IF(OR(P53<>""),"Completed",IF(O53="","", IF(O53<TODAY(),"Overdue", IF(AND(O53>=TODAY()-WEEKDAY(TODAY(),2)+1,O53<=TODAY()-WEEKDAY(TODAY(),2)+7),"Follow-This Week", IF(AND(O53>=TODAY()-WEEKDAY(TODAY(),2)+8,O53<=TODAY()-WEEKDAY(TODAY(),2)+14),"Follow-Next Week",""))))) | Z53: =IF(OR(S53<>""),"Completed",IF(R53="","", IF(R53<TODAY(),"Overdue", IF(AND(R53>=TODAY()-WEEKDAY(TODAY(),2)+1,R53<=TODAY()-WEEKDAY(TODAY(),2)+7),"Follow-This Week", IF(AND(R53>=TODAY()-WEEKDAY(TODAY(),2)+8,R53<=TODAY()-WEEKDAY(TODAY(),2)+14),"Follow-Next Week",""))))) | AA53: =IF(OR(V53<>""),"Completed",IF(U53="","", IF(U53<TODAY(),"Overdue", IF(AND(U53>=TODAY()-WEEKDAY(TODAY(),2)+1,U53<=TODAY()-WEEKDAY(TODAY(),2)+7),"Follow-This Week", IF(AND(U53>=TODAY()-WEEKDAY(TODAY(),2)+8,U53<=TODAY()-WEEKDAY(TODAY(),2)+14),"Follow-Next Week","")))))
A54: ZAWTIKA Z1F TS | B54: AS-BUILT | C54: RPT | D54: MM-ZTK-1F-ZWP20-STR-CAL-1101 | E54: ZWP20 TOPSIDE COMPUTER MODELLING WITH VENT BOOM AND LOAD FORMULATION REPORT (AS-BUILT) | F54: =(COUNTIFS(K54,"<="&$D$1)*50%)+(COUNTIFS(N54,"<="&$D$1)*20%)+(COUNTIFS(Q54,"<="&$D$1)*10%)+(COUNTIFS(T54,"<="&$D$1)*20%) -> 0 | G54: =(COUNTIFS(L54,"<="&$D$1)*50%)+(COUNTIFS(O54,"<="&$D$1)*20%)+(COUNTIFS(R54,"<="&$D$1)*10%)+(COUNTIFS(U54,"<="&$D$1)*20%) -> 0 | H54: =(COUNTIFS(M54,"<="&$D$1)*50%)+(COUNTIFS(P54,"<="&$D$1)*20%)+(COUNTIFS(S54,"<="&$D$1)*10%)+(COUNTIFS(V54,"<="&$D$1)*20%) -> 0 | I54: =H54-F54 -> 0 | J54: 0.25 | X54: =IF(OR(M54<>""),"Completed", IF(L54="","",IF(L54<TODAY(),"Overdue", IF(AND(L54>=TODAY()-WEEKDAY(TODAY(),2)+1,L54<=TODAY()-WEEKDAY(TODAY(),2)+7),"Follow-This Week", IF(AND(L54>=TODAY()-WEEKDAY(TODAY(),2)+8,L54<=TODAY()-WEEKDAY(TODAY(),2)+14),"Follow-Next Week",""))))) | Y54: =IF(OR(P54<>""),"Completed",IF(O54="","", IF(O54<TODAY(),"Overdue", IF(AND(O54>=TODAY()-WEEKDAY(TODAY(),2)+1,O54<=TODAY()-WEEKDAY(TODAY(),2)+7),"Follow-This Week", IF(AND(O54>=TODAY()-WEEKDAY(TODAY(),2)+8,O54<=TODAY()-WEEKDAY(TODAY(),2)+14),"Follow-Next Week",""))))) | Z54: =IF(OR(S54<>""),"Completed",IF(R54="","", IF(R54<TODAY(),"Overdue", IF(AND(R54>=TODAY()-WEEKDAY(TODAY(),2)+1,R54<=TODAY()-WEEKDAY(TODAY(),2)+7),"Follow-This Week", IF(AND(R54>=TODAY()-WEEKDAY(TODAY(),2)+8,R54<=TODAY()-WEEKDAY(TODAY(),2)+14),"Follow-Next Week",""))))) | AA54: =IF(OR(V54<>""),"Completed",IF(U54="","", IF(U54<TODAY(),"Overdue", IF(AND(U54>=TODAY()-WEEKDAY(TODAY(),2)+1,U54<=TODAY()-WEEKDAY(TODAY(),2)+7),"Follow-This Week", IF(AND(U54>=TODAY()-WEEKDAY(TODAY(),2)+8,U54<=TODAY()-WEEKDAY(TODAY(),2)+14),"Follow-Next Week","")))))
A55: ZAWTIKA Z1F TS | B55: AS-BUILT | C55: RPT | D55: MM-ZTK-1F-ZWP20-STR-CAL-2111 | E55: ZWP20 PLATFORM IN-PLACE ANALYSIS REPORT (AS-BUILT) | F55: =(COUNTIFS(K55,"<="&$D$1)*50%)+(COUNTIFS(N55,"<="&$D$1)*20%)+(COUNTIFS(Q55,"<="&$D$1)*10%)+(COUNTIFS(T55,"<="&$D$1)*20%) -> 0 | G55: =(COUNTIFS(L55,"<="&$D$1)*50%)+(COUNTIFS(O55,"<="&$D$1)*20%)+(COUNTIFS(R55,"<="&$D$1)*10%)+(COUNTIFS(U55,"<="&$D$1)*20%) -> 0 | H55: =(COUNTIFS(M55,"<="&$D$1)*50%)+(COUNTIFS(P55,"<="&$D$1)*20%)+(COUNTIFS(S55,"<="&$D$1)*10%)+(COUNTIFS(V55,"<="&$D$1)*20%) -> 0 | I55: =H55-F55 -> 0 | J55: 0.25 | X55: =IF(OR(M55<>""),"Completed", IF(L55="","",IF(L55<TODAY(),"Overdue", IF(AND(L55>=TODAY()-WEEKDAY(TODAY(),2)+1,L55<=TODAY()-WEEKDAY(TODAY(),2)+7),"Follow-This Week", IF(AND(L55>=TODAY()-WEEKDAY(TODAY(),2)+8,L55<=TODAY()-WEEKDAY(TODAY(),2)+14),"Follow-Next Week",""))))) | Y55: =IF(OR(P55<>""),"Completed",IF(O55="","", IF(O55<TODAY(),"Overdue", IF(AND(O55>=TODAY()-WEEKDAY(TODAY(),2)+1,O55<=TODAY()-WEEKDAY(TODAY(),2)+7),"Follow-This Week", IF(AND(O55>=TODAY()-WEEKDAY(TODAY(),2)+8,O55<=TODAY()-WEEKDAY(TODAY(),2)+14),"Follow-Next Week",""))))) | Z55: =IF(OR(S55<>""),"Completed",IF(R55="","", IF(R55<TODAY(),"Overdue", IF(AND(R55>=TODAY()-WEEKDAY(TODAY(),2)+1,R55<=TODAY()-WEEKDAY(TODAY(),2)+7),"Follow-This Week", IF(AND(R55>=TODAY()-WEEKDAY(TODAY(),2)+8,R55<=TODAY()-WEEKDAY(TODAY(),2)+14),"Follow-Next Week",""))))) | AA55: =IF(OR(V55<>""),"Completed",IF(U55="","", IF(U55<TODAY(),"Overdue", IF(AND(U55>=TODAY()-WEEKDAY(TODAY(),2)+1,U55<=TODAY()-WEEKDAY(TODAY(),2)+7),"Follow-This Week", IF(AND(U55>=TODAY()-WEEKDAY(TODAY(),2)+8,U55<=TODAY()-WEEKDAY(TODAY(),2)+14),"Follow-Next Week","")))))
A56: ZAWTIKA Z1F TS | B56: AS-BUILT | C56: RPT | D56: MM-ZTK-1F-ZWP20-STR-CAL-2113 | E56: ZWP20 PLATFORM IN-PLACE SPECTRAL FATIGUE ANLYSIS REPORT (AS-BUILT) | F56: =(COUNTIFS(K56,"<="&$D$1)*50%)+(COUNTIFS(N56,"<="&$D$1)*20%)+(COUNTIFS(Q56,"<="&$D$1)*10%)+(COUNTIFS(T56,"<="&$D$1)*20%) -> 0 | G56: =(COUNTIFS(L56,"<="&$D$1)*50%)+(COUNTIFS(O56,"<="&$D$1)*20%)+(COUNTIFS(R56,"<="&$D$1)*10%)+(COUNTIFS(U56,"<="&$D$1)*20%) -> 0 | H56: =(COUNTIFS(M56,"<="&$D$1)*50%)+(COUNTIFS(P56,"<="&$D$1)*20%)+(COUNTIFS(S56,"<="&$D$1)*10%)+(COUNTIFS(V56,"<="&$D$1)*20%) -> 0 | I56: =H56-F56 -> 0 | J56: 0.25 | X56: =IF(OR(M56<>""),"Completed", IF(L56="","",IF(L56<TODAY(),"Overdue", IF(AND(L56>=TODAY()-WEEKDAY(TODAY(),2)+1,L56<=TODAY()-WEEKDAY(TODAY(),2)+7),"Follow-This Week", IF(AND(L56>=TODAY()-WEEKDAY(TODAY(),2)+8,L56<=TODAY()-WEEKDAY(TODAY(),2)+14),"Follow-Next Week",""))))) | Y56: =IF(OR(P56<>""),"Completed",IF(O56="","", IF(O56<TODAY(),"Overdue", IF(AND(O56>=TODAY()-WEEKDAY(TODAY(),2)+1,O56<=TODAY()-WEEKDAY(TODAY(),2)+7),"Follow-This Week", IF(AND(O56>=TODAY()-WEEKDAY(TODAY(),2)+8,O56<=TODAY()-WEEKDAY(TODAY(),2)+14),"Follow-Next Week",""))))) | Z56: =IF(OR(S56<>""),"Completed",IF(R56="","", IF(R56<TODAY(),"Overdue", IF(AND(R56>=TODAY()-WEEKDAY(TODAY(),2)+1,R56<=TODAY()-WEEKDAY(TODAY(),2)+7),"Follow-This Week", IF(AND(R56>=TODAY()-WEEKDAY(TODAY(),2)+8,R56<=TODAY()-WEEKDAY(TODAY(),2)+14),"Follow-Next Week",""))))) | AA56: =IF(OR(V56<>""),"Completed",IF(U56="","", IF(U56<TODAY(),"Overdue", IF(AND(U56>=TODAY()-WEEKDAY(TODAY(),2)+1,U56<=TODAY()-WEEKDAY(TODAY(),2)+7),"Follow-This Week", IF(AND(U56>=TODAY()-WEEKDAY(TODAY(),2)+8,U56<=TODAY()-WEEKDAY(TODAY(),2)+14),"Follow-Next Week","")))))
A57: ZAWTIKA Z1F TS | B57: AS-BUILT | C57: RPT | D57: MM-ZTK-1F-ZWP21-STR-WCR-1101 | E57: ZWP21 TOPSIDES WEIGHT CONTROL REPORT (AS-BUILT) | F57: =(COUNTIFS(K57,"<="&$D$1)*50%)+(COUNTIFS(N57,"<="&$D$1)*20%)+(COUNTIFS(Q57,"<="&$D$1)*10%)+(COUNTIFS(T57,"<="&$D$1)*20%) -> 0 | G57: =(COUNTIFS(L57,"<="&$D$1)*50%)+(COUNTIFS(O57,"<="&$D$1)*20%)+(COUNTIFS(R57,"<="&$D$1)*10%)+(COUNTIFS(U57,"<="&$D$1)*20%) -> 0 | H57: =(COUNTIFS(M57,"<="&$D$1)*50%)+(COUNTIFS(P57,"<="&$D$1)*20%)+(COUNTIFS(S57,"<="&$D$1)*10%)+(COUNTIFS(V57,"<="&$D$1)*20%) -> 0 | I57: =H57-F57 -> 0 | J57: 0.25 | X57: =IF(OR(M57<>""),"Completed", IF(L57="","",IF(L57<TODAY(),"Overdue", IF(AND(L57>=TODAY()-WEEKDAY(TODAY(),2)+1,L57<=TODAY()-WEEKDAY(TODAY(),2)+7),"Follow-This Week", IF(AND(L57>=TODAY()-WEEKDAY(TODAY(),2)+8,L57<=TODAY()-WEEKDAY(TODAY(),2)+14),"Follow-Next Week",""))))) | Y57: =IF(OR(P57<>""),"Completed",IF(O57="","", IF(O57<TODAY(),"Overdue", IF(AND(O57>=TODAY()-WEEKDAY(TODAY(),2)+1,O57<=TODAY()-WEEKDAY(TODAY(),2)+7),"Follow-This Week", IF(AND(O57>=TODAY()-WEEKDAY(TODAY(),2)+8,O57<=TODAY()-WEEKDAY(TODAY(),2)+14),"Follow-Next Week",""))))) | Z57: =IF(OR(S57<>""),"Completed",IF(R57="","", IF(R57<TODAY(),"Overdue", IF(AND(R57>=TODAY()-WEEKDAY(TODAY(),2)+1,R57<=TODAY()-WEEKDAY(TODAY(),2)+7),"Follow-This Week", IF(AND(R57>=TODAY()-WEEKDAY(TODAY(),2)+8,R57<=TODAY()-WEEKDAY(TODAY(),2)+14),"Follow-Next Week",""))))) | AA57: =IF(OR(V57<>""),"Completed",IF(U57="","", IF(U57<TODAY(),"Overdue", IF(AND(U57>=TODAY()-WEEKDAY(TODAY(),2)+1,U57<=TODAY()-WEEKDAY(TODAY(),2)+7),"Follow-This Week", IF(AND(U57>=TODAY()-WEEKDAY(TODAY(),2)+8,U57<=TODAY()-WEEKDAY(TODAY(),2)+14),"Follow-Next Week","")))))
A58: ZAWTIKA Z1F TS | B58: AS-BUILT | C58: RPT | D58: MM-ZTK-1F-ZWP21-STR-CAL-1101 | E58: ZWP21 TOPSIDE COMPUTER MODELLING WITH VENT BOOM AND LOAD FORMULATION REPORT (AS-BUILT) | F58: =(COUNTIFS(K58,"<="&$D$1)*50%)+(COUNTIFS(N58,"<="&$D$1)*20%)+(COUNTIFS(Q58,"<="&$D$1)*10%)+(COUNTIFS(T58,"<="&$D$1)*20%) -> 0 | G58: =(COUNTIFS(L58,"<="&$D$1)*50%)+(COUNTIFS(O58,"<="&$D$1)*20%)+(COUNTIFS(R58,"<="&$D$1)*10%)+(COUNTIFS(U58,"<="&$D$1)*20%) -> 0 | H58: =(COUNTIFS(M58,"<="&$D$1)*50%)+(COUNTIFS(P58,"<="&$D$1)*20%)+(COUNTIFS(S58,"<="&$D$1)*10%)+(COUNTIFS(V58,"<="&$D$1)*20%) -> 0 | I58: =H58-F58 -> 0 | J58: 0.25 | X58: =IF(OR(M58<>""),"Completed", IF(L58="","",IF(L58<TODAY(),"Overdue", IF(AND(L58>=TODAY()-WEEKDAY(TODAY(),2)+1,L58<=TODAY()-WEEKDAY(TODAY(),2)+7),"Follow-This Week", IF(AND(L58>=TODAY()-WEEKDAY(TODAY(),2)+8,L58<=TODAY()-WEEKDAY(TODAY(),2)+14),"Follow-Next Week",""))))) | Y58: =IF(OR(P58<>""),"Completed",IF(O58="","", IF(O58<TODAY(),"Overdue", IF(AND(O58>=TODAY()-WEEKDAY(TODAY(),2)+1,O58<=TODAY()-WEEKDAY(TODAY(),2)+7),"Follow-This Week", IF(AND(O58>=TODAY()-WEEKDAY(TODAY(),2)+8,O58<=TODAY()-WEEKDAY(TODAY(),2)+14),"Follow-Next Week",""))))) | Z58: =IF(OR(S58<>""),"Completed",IF(R58="","", IF(R58<TODAY(),"Overdue", IF(AND(R58>=TODAY()-WEEKDAY(TODAY(),2)+1,R58<=TODAY()-WEEKDAY(TODAY(),2)+7),"Follow-This Week", IF(AND(R58>=TODAY()-WEEKDAY(TODAY(),2)+8,R58<=TODAY()-WEEKDAY(TODAY(),2)+14),"Follow-Next Week",""))))) | AA58: =IF(OR(V58<>""),"Completed",IF(U58="","", IF(U58<TODAY(),"Overdue", IF(AND(U58>=TODAY()-WEEKDAY(TODAY(),2)+1,U58<=TODAY()-WEEKDAY(TODAY(),2)+7),"Follow-This Week", IF(AND(U58>=TODAY()-WEEKDAY(TODAY(),2)+8,U58<=TODAY()-WEEKDAY(TODAY(),2)+14),"Follow-Next Week","")))))
A59: ZAWTIKA Z1F TS | B59: AS-BUILT | C59: RPT | D59: MM-ZTK-1F-ZWP21-STR-CAL-2111 | E59: ZWP21 PLATFORM IN-PLACE ANALYSIS REPORT (AS-BUILT) | F59: =(COUNTIFS(K59,"<="&$D$1)*50%)+(COUNTIFS(N59,"<="&$D$1)*20%)+(COUNTIFS(Q59,"<="&$D$1)*10%)+(COUNTIFS(T59,"<="&$D$1)*20%) -> 0 | G59: =(COUNTIFS(L59,"<="&$D$1)*50%)+(COUNTIFS(O59,"<="&$D$1)*20%)+(COUNTIFS(R59,"<="&$D$1)*10%)+(COUNTIFS(U59,"<="&$D$1)*20%) -> 0 | H59: =(COUNTIFS(M59,"<="&$D$1)*50%)+(COUNTIFS(P59,"<="&$D$1)*20%)+(COUNTIFS(S59,"<="&$D$1)*10%)+(COUNTIFS(V59,"<="&$D$1)*20%) -> 0 | I59: =H59-F59 -> 0 | J59: 0.25 | X59: =IF(OR(M59<>""),"Completed", IF(L59="","",IF(L59<TODAY(),"Overdue", IF(AND(L59>=TODAY()-WEEKDAY(TODAY(),2)+1,L59<=TODAY()-WEEKDAY(TODAY(),2)+7),"Follow-This Week", IF(AND(L59>=TODAY()-WEEKDAY(TODAY(),2)+8,L59<=TODAY()-WEEKDAY(TODAY(),2)+14),"Follow-Next Week",""))))) | Y59: =IF(OR(P59<>""),"Completed",IF(O59="","", IF(O59<TODAY(),"Overdue", IF(AND(O59>=TODAY()-WEEKDAY(TODAY(),2)+1,O59<=TODAY()-WEEKDAY(TODAY(),2)+7),"Follow-This Week", IF(AND(O59>=TODAY()-WEEKDAY(TODAY(),2)+8,O59<=TODAY()-WEEKDAY(TODAY(),2)+14),"Follow-Next Week",""))))) | Z59: =IF(OR(S59<>""),"Completed",IF(R59="","", IF(R59<TODAY(),"Overdue", IF(AND(R59>=TODAY()-WEEKDAY(TODAY(),2)+1,R59<=TODAY()-WEEKDAY(TODAY(),2)+7),"Follow-This Week", IF(AND(R59>=TODAY()-WEEKDAY(TODAY(),2)+8,R59<=TODAY()-WEEKDAY(TODAY(),2)+14),"Follow-Next Week",""))))) | AA59: =IF(OR(V59<>""),"Completed",IF(U59="","", IF(U59<TODAY(),"Overdue", IF(AND(U59>=TODAY()-WEEKDAY(TODAY(),2)+1,U59<=TODAY()-WEEKDAY(TODAY(),2)+7),"Follow-This Week", IF(AND(U59>=TODAY()-WEEKDAY(TODAY(),2)+8,U59<=TODAY()-WEEKDAY(TODAY(),2)+14),"Follow-Next Week","")))))
A60: ZAWTIKA Z1F TS | B60: AS-BUILT | C60: RPT | D60: MM-ZTK-1F-ZWP21-STR-CAL-2113 | E60: ZWP21 PLATFORM IN-PLACE SPECTRAL FATIGUE ANLYSIS REPORT (AS-BUILT) | F60: =(COUNTIFS(K60,"<="&$D$1)*50%)+(COUNTIFS(N60,"<="&$D$1)*20%)+(COUNTIFS(Q60,"<="&$D$1)*10%)+(COUNTIFS(T60,"<="&$D$1)*20%) -> 0 | G60: =(COUNTIFS(L60,"<="&$D$1)*50%)+(COUNTIFS(O60,"<="&$D$1)*20%)+(COUNTIFS(R60,"<="&$D$1)*10%)+(COUNTIFS(U60,"<="&$D$1)*20%) -> 0 | H60: =(COUNTIFS(M60,"<="&$D$1)*50%)+(COUNTIFS(P60,"<="&$D$1)*20%)+(COUNTIFS(S60,"<="&$D$1)*10%)+(COUNTIFS(V60,"<="&$D$1)*20%) -> 0 | I60: =H60-F60 -> 0 | J60: 0.25 | X60: =IF(OR(M60<>""),"Completed", IF(L60="","",IF(L60<TODAY(),"Overdue", IF(AND(L60>=TODAY()-WEEKDAY(TODAY(),2)+1,L60<=TODAY()-WEEKDAY(TODAY(),2)+7),"Follow-This Week", IF(AND(L60>=TODAY()-WEEKDAY(TODAY(),2)+8,L60<=TODAY()-WEEKDAY(TODAY(),2)+14),"Follow-Next Week",""))))) | Y60: =IF(OR(P60<>""),"Completed",IF(O60="","", IF(O60<TODAY(),"Overdue", IF(AND(O60>=TODAY()-WEEKDAY(TODAY(),2)+1,O60<=TODAY()-WEEKDAY(TODAY(),2)+7),"Follow-This Week", IF(AND(O60>=TODAY()-WEEKDAY(TODAY(),2)+8,O60<=TODAY()-WEEKDAY(TODAY(),2)+14),"Follow-Next Week",""))))) | Z60: =IF(OR(S60<>""),"Completed",IF(R60="","", IF(R60<TODAY(),"Overdue", IF(AND(R60>=TODAY()-WEEKDAY(TODAY(),2)+1,R60<=TODAY()-WEEKDAY(TODAY(),2)+7),"Follow-This Week", IF(AND(R60>=TODAY()-WEEKDAY(TODAY(),2)+8,R60<=TODAY()-WEEKDAY(TODAY(),2)+14),"Follow-Next Week",""))))) | AA60: =IF(OR(V60<>""),"Completed",IF(U60="","", IF(U60<TODAY(),"Overdue", IF(AND(U60>=TODAY()-WEEKDAY(TODAY(),2)+1,U60<=TODAY()-WEEKDAY(TODAY(),2)+7),"Follow-This Week", IF(AND(U60>=TODAY()-WEEKDAY(TODAY(),2)+8,U60<=TODAY()-WEEKDAY(TODAY(),2)+14),"Follow-Next Week","")))))
A61: ZAWTIKA Z1F TS | B61: AS-BUILT | C61: RPT | D61: MM-ZTK-1F-ZWP22-STR-WCR-1101 | E61: ZWP22 TOPSIDES WEIGHT CONTROL REPORT (AS-BUILT) | F61: =(COUNTIFS(K61,"<="&$D$1)*50%)+(COUNTIFS(N61,"<="&$D$1)*20%)+(COUNTIFS(Q61,"<="&$D$1)*10%)+(COUNTIFS(T61,"<="&$D$1)*20%) -> 0 | G61: =(COUNTIFS(L61,"<="&$D$1)*50%)+(COUNTIFS(O61,"<="&$D$1)*20%)+(COUNTIFS(R61,"<="&$D$1)*10%)+(COUNTIFS(U61,"<="&$D$1)*20%) -> 0 | H61: =(COUNTIFS(M61,"<="&$D$1)*50%)+(COUNTIFS(P61,"<="&$D$1)*20%)+(COUNTIFS(S61,"<="&$D$1)*10%)+(COUNTIFS(V61,"<="&$D$1)*20%) -> 0 | I61: =H61-F61 -> 0 | J61: 0.25 | X61: =IF(OR(M61<>""),"Completed", IF(L61="","",IF(L61<TODAY(),"Overdue", IF(AND(L61>=TODAY()-WEEKDAY(TODAY(),2)+1,L61<=TODAY()-WEEKDAY(TODAY(),2)+7),"Follow-This Week", IF(AND(L61>=TODAY()-WEEKDAY(TODAY(),2)+8,L61<=TODAY()-WEEKDAY(TODAY(),2)+14),"Follow-Next Week",""))))) | Y61: =IF(OR(P61<>""),"Completed",IF(O61="","", IF(O61<TODAY(),"Overdue", IF(AND(O61>=TODAY()-WEEKDAY(TODAY(),2)+1,O61<=TODAY()-WEEKDAY(TODAY(),2)+7),"Follow-This Week", IF(AND(O61>=TODAY()-WEEKDAY(TODAY(),2)+8,O61<=TODAY()-WEEKDAY(TODAY(),2)+14),"Follow-Next Week",""))))) | Z61: =IF(OR(S61<>""),"Completed",IF(R61="","", IF(R61<TODAY(),"Overdue", IF(AND(R61>=TODAY()-WEEKDAY(TODAY(),2)+1,R61<=TODAY()-WEEKDAY(TODAY(),2)+7),"Follow-This Week", IF(AND(R61>=TODAY()-WEEKDAY(TODAY(),2)+8,R61<=TODAY()-WEEKDAY(TODAY(),2)+14),"Follow-Next Week",""))))) | AA61: =IF(OR(V61<>""),"Completed",IF(U61="","", IF(U61<TODAY(),"Overdue", IF(AND(U61>=TODAY()-WEEKDAY(TODAY(),2)+1,U61<=TODAY()-WEEKDAY(TODAY(),2)+7),"Follow-This Week", IF(AND(U61>=TODAY()-WEEKDAY(TODAY(),2)+8,U61<=TODAY()-WEEKDAY(TODAY(),2)+14),"Follow-Next Week","")))))
A62: ZAWTIKA Z1F TS | B62: AS-BUILT | C62: RPT | D62: MM-ZTK-1F-ZWP22-STR-CAL-1101 | E62: ZWP22 TOPSIDE COMPUTER MODELLING WITH VENT BOOM AND LOAD FORMULATION REPORT (AS-BUILT) | F62: =(COUNTIFS(K62,"<="&$D$1)*50%)+(COUNTIFS(N62,"<="&$D$1)*20%)+(COUNTIFS(Q62,"<="&$D$1)*10%)+(COUNTIFS(T62,"<="&$D$1)*20%) -> 0 | G62: =(COUNTIFS(L62,"<="&$D$1)*50%)+(COUNTIFS(O62,"<="&$D$1)*20%)+(COUNTIFS(R62,"<="&$D$1)*10%)+(COUNTIFS(U62,"<="&$D$1)*20%) -> 0 | H62: =(COUNTIFS(M62,"<="&$D$1)*50%)+(COUNTIFS(P62,"<="&$D$1)*20%)+(COUNTIFS(S62,"<="&$D$1)*10%)+(COUNTIFS(V62,"<="&$D$1)*20%) -> 0 | I62: =H62-F62 -> 0 | J62: 0.25 | X62: =IF(OR(M62<>""),"Completed", IF(L62="","",IF(L62<TODAY(),"Overdue", IF(AND(L62>=TODAY()-WEEKDAY(TODAY(),2)+1,L62<=TODAY()-WEEKDAY(TODAY(),2)+7),"Follow-This Week", IF(AND(L62>=TODAY()-WEEKDAY(TODAY(),2)+8,L62<=TODAY()-WEEKDAY(TODAY(),2)+14),"Follow-Next Week",""))))) | Y62: =IF(OR(P62<>""),"Completed",IF(O62="","", IF(O62<TODAY(),"Overdue", IF(AND(O62>=TODAY()-WEEKDAY(TODAY(),2)+1,O62<=TODAY()-WEEKDAY(TODAY(),2)+7),"Follow-This Week", IF(AND(O62>=TODAY()-WEEKDAY(TODAY(),2)+8,O62<=TODAY()-WEEKDAY(TODAY(),2)+14),"Follow-Next Week",""))))) | Z62: =IF(OR(S62<>""),"Completed",IF(R62="","", IF(R62<TODAY(),"Overdue", IF(AND(R62>=TODAY()-WEEKDAY(TODAY(),2)+1,R62<=TODAY()-WEEKDAY(TODAY(),2)+7),"Follow-This Week", IF(AND(R62>=TODAY()-WEEKDAY(TODAY(),2)+8,R62<=TODAY()-WEEKDAY(TODAY(),2)+14),"Follow-Next Week",""))))) | AA62: =IF(OR(V62<>""),"Completed",IF(U62="","", IF(U62<TODAY(),"Overdue", IF(AND(U62>=TODAY()-WEEKDAY(TODAY(),2)+1,U62<=TODAY()-WEEKDAY(TODAY(),2)+7),"Follow-This Week", IF(AND(U62>=TODAY()-WEEKDAY(TODAY(),2)+8,U62<=TODAY()-WEEKDAY(TODAY(),2)+14),"Follow-Next Week","")))))
A63: ZAWTIKA Z1F TS | B63: AS-BUILT | C63: RPT | D63: MM-ZTK-1F-ZWP22-STR-CAL-2111 | E63: ZWP22 PLATFORM IN-PLACE ANALYSIS REPORT (AS-BUILT) | F63: =(COUNTIFS(K63,"<="&$D$1)*50%)+(COUNTIFS(N63,"<="&$D$1)*20%)+(COUNTIFS(Q63,"<="&$D$1)*10%)+(COUNTIFS(T63,"<="&$D$1)*20%) -> 0 | G63: =(COUNTIFS(L63,"<="&$D$1)*50%)+(COUNTIFS(O63,"<="&$D$1)*20%)+(COUNTIFS(R63,"<="&$D$1)*10%)+(COUNTIFS(U63,"<="&$D$1)*20%) -> 0 | H63: =(COUNTIFS(M63,"<="&$D$1)*50%)+(COUNTIFS(P63,"<="&$D$1)*20%)+(COUNTIFS(S63,"<="&$D$1)*10%)+(COUNTIFS(V63,"<="&$D$1)*20%) -> 0 | I63: =H63-F63 -> 0 | J63: 0.25 | X63: =IF(OR(M63<>""),"Completed", IF(L63="","",IF(L63<TODAY(),"Overdue", IF(AND(L63>=TODAY()-WEEKDAY(TODAY(),2)+1,L63<=TODAY()-WEEKDAY(TODAY(),2)+7),"Follow-This Week", IF(AND(L63>=TODAY()-WEEKDAY(TODAY(),2)+8,L63<=TODAY()-WEEKDAY(TODAY(),2)+14),"Follow-Next Week",""))))) | Y63: =IF(OR(P63<>""),"Completed",IF(O63="","", IF(O63<TODAY(),"Overdue", IF(AND(O63>=TODAY()-WEEKDAY(TODAY(),2)+1,O63<=TODAY()-WEEKDAY(TODAY(),2)+7),"Follow-This Week", IF(AND(O63>=TODAY()-WEEKDAY(TODAY(),2)+8,O63<=TODAY()-WEEKDAY(TODAY(),2)+14),"Follow-Next Week",""))))) | Z63: =IF(OR(S63<>""),"Completed",IF(R63="","", IF(R63<TODAY(),"Overdue", IF(AND(R63>=TODAY()-WEEKDAY(TODAY(),2)+1,R63<=TODAY()-WEEKDAY(TODAY(),2)+7),"Follow-This Week", IF(AND(R63>=TODAY()-WEEKDAY(TODAY(),2)+8,R63<=TODAY()-WEEKDAY(TODAY(),2)+14),"Follow-Next Week",""))))) | AA63: =IF(OR(V63<>""),"Completed",IF(U63="","", IF(U63<TODAY(),"Overdue", IF(AND(U63>=TODAY()-WEEKDAY(TODAY(),2)+1,U63<=TODAY()-WEEKDAY(TODAY(),2)+7),"Follow-This Week", IF(AND(U63>=TODAY()-WEEKDAY(TODAY(),2)+8,U63<=TODAY()-WEEKDAY(TODAY(),2)+14),"Follow-Next Week","")))))
A64: ZAWTIKA Z1F TS | B64: AS-BUILT | C64: RPT | D64: MM-ZTK-1F-ZWP22-STR-CAL-2113 | E64: ZWP22 PLATFORM IN-PLACE SPECTRAL FATIGUE ANLYSIS REPORT (AS-BUILT) | F64: =(COUNTIFS(K64,"<="&$D$1)*50%)+(COUNTIFS(N64,"<="&$D$1)*20%)+(COUNTIFS(Q64,"<="&$D$1)*10%)+(COUNTIFS(T64,"<="&$D$1)*20%) -> 0 | G64: =(COUNTIFS(L64,"<="&$D$1)*50%)+(COUNTIFS(O64,"<="&$D$1)*20%)+(COUNTIFS(R64,"<="&$D$1)*10%)+(COUNTIFS(U64,"<="&$D$1)*20%) -> 0 | H64: =(COUNTIFS(M64,"<="&$D$1)*50%)+(COUNTIFS(P64,"<="&$D$1)*20%)+(COUNTIFS(S64,"<="&$D$1)*10%)+(COUNTIFS(V64,"<="&$D$1)*20%) -> 0 | I64: =H64-F64 -> 0 | J64: 0.25 | X64: =IF(OR(M64<>""),"Completed", IF(L64="","",IF(L64<TODAY(),"Overdue", IF(AND(L64>=TODAY()-WEEKDAY(TODAY(),2)+1,L64<=TODAY()-WEEKDAY(TODAY(),2)+7),"Follow-This Week", IF(AND(L64>=TODAY()-WEEKDAY(TODAY(),2)+8,L64<=TODAY()-WEEKDAY(TODAY(),2)+14),"Follow-Next Week",""))))) | Y64: =IF(OR(P64<>""),"Completed",IF(O64="","", IF(O64<TODAY(),"Overdue", IF(AND(O64>=TODAY()-WEEKDAY(TODAY(),2)+1,O64<=TODAY()-WEEKDAY(TODAY(),2)+7),"Follow-This Week", IF(AND(O64>=TODAY()-WEEKDAY(TODAY(),2)+8,O64<=TODAY()-WEEKDAY(TODAY(),2)+14),"Follow-Next Week",""))))) | Z64: =IF(OR(S64<>""),"Completed",IF(R64="","", IF(R64<TODAY(),"Overdue", IF(AND(R64>=TODAY()-WEEKDAY(TODAY(),2)+1,R64<=TODAY()-WEEKDAY(TODAY(),2)+7),"Follow-This Week", IF(AND(R64>=TODAY()-WEEKDAY(TODAY(),2)+8,R64<=TODAY()-WEEKDAY(TODAY(),2)+14),"Follow-Next Week",""))))) | AA64: =IF(OR(V64<>""),"Completed",IF(U64="","", IF(U64<TODAY(),"Overdue", IF(AND(U64>=TODAY()-WEEKDAY(TODAY(),2)+1,U64<=TODAY()-WEEKDAY(TODAY(),2)+7),"Follow-This Week", IF(AND(U64>=TODAY()-WEEKDAY(TODAY(),2)+8,U64<=TODAY()-WEEKDAY(TODAY(),2)+14),"Follow-Next Week","")))))
... A68: ZAWTIKA Z1F TS | B68: AS-BUILT | C68: RPT | D68: MM-ZTK-1F-ZWP23-STR-CAL-2113 | E68: ZWP23 PLATFORM IN-PLACE SPECTRAL FATIGUE ANLYSIS REPORT (AS-BUILT) | F68: =(COUNTIFS(K68,"<="&$D$1)*50%)+(COUNTIFS(N68,"<="&$D$1)*20%)+(COUNTIFS(Q68,"<="&$D$1)*10%)+(COUNTIFS(T68,"<="&$D$1)*20%) -> 0 | G68: =(COUNTIFS(L68,"<="&$D$1)*50%)+(COUNTIFS(O68,"<="&$D$1)*20%)+(COUNTIFS(R68,"<="&$D$1)*10%)+(COUNTIFS(U68,"<="&$D$1)*20%) -> 0 | H68: =(COUNTIFS(M68,"<="&$D$1)*50%)+(COUNTIFS(P68,"<="&$D$1)*20%)+(COUNTIFS(S68,"<="&$D$1)*10%)+(COUNTIFS(V68,"<="&$D$1)*20%) -> 0 | I68: =H68-F68 -> 0 | J68: 0.25 | X68: =IF(OR(M68<>""),"Completed", IF(L68="","",IF(L68<TODAY(),"Overdue", IF(AND(L68>=TODAY()-WEEKDAY(TODAY(),2)+1,L68<=TODAY()-WEEKDAY(TODAY(),2)+7),"Follow-This Week", IF(AND(L68>=TODAY()-WEEKDAY(TODAY(),2)+8,L68<=TODAY()-WEEKDAY(TODAY(),2)+14),"Follow-Next Week",""))))) | Y68: =IF(OR(P68<>""),"Completed",IF(O68="","", IF(O68<TODAY(),"Overdue", IF(AND(O68>=TODAY()-WEEKDAY(TODAY(),2)+1,O68<=TODAY()-WEEKDAY(TODAY(),2)+7),"Follow-This Week", IF(AND(O68>=TODAY()-WEEKDAY(TODAY(),2)+8,O68<=TODAY()-WEEKDAY(TODAY(),2)+14),"Follow-Next Week",""))))) | Z68: =IF(OR(S68<>""),"Completed",IF(R68="","", IF(R68<TODAY(),"Overdue", IF(AND(R68>=TODAY()-WEEKDAY(TODAY(),2)+1,R68<=TODAY()-WEEKDAY(TODAY(),2)+7),"Follow-This Week", IF(AND(R68>=TODAY()-WEEKDAY(TODAY(),2)+8,R68<=TODAY()-WEEKDAY(TODAY(),2)+14),"Follow-Next Week",""))))) | AA68: =IF(OR(V68<>""),"Completed",IF(U68="","", IF(U68<TODAY(),"Overdue", IF(AND(U68>=TODAY()-WEEKDAY(TODAY(),2)+1,U68<=TODAY()-WEEKDAY(TODAY(),2)+7),"Follow-This Week", IF(AND(U68>=TODAY()-WEEKDAY(TODAY(),2)+8,U68<=TODAY()-WEEKDAY(TODAY(),2)+14),"Follow-Next Week","")))))
X69: =IF(OR(M69<>""),"Completed", IF(L69="","",IF(L69<TODAY(),"Overdue", IF(AND(L69>=TODAY()-WEEKDAY(TODAY(),2)+1,L69<=TODAY()-WEEKDAY(TODAY(),2)+7),"Follow-This Week", IF(AND(L69>=TODAY()-WEEKDAY(TODAY(),2)+8,L69<=TODAY()-WEEKDAY(TODAY(),2)+14),"Follow-Next Week",""))))) | Y69: =IF(OR(P69<>""),"Completed",IF(O69="","", IF(O69<TODAY(),"Overdue", IF(AND(O69>=TODAY()-WEEKDAY(TODAY(),2)+1,O69<=TODAY()-WEEKDAY(TODAY(),2)+7),"Follow-This Week", IF(AND(O69>=TODAY()-WEEKDAY(TODAY(),2)+8,O69<=TODAY()-WEEKDAY(TODAY(),2)+14),"Follow-Next Week",""))))) | Z69: =IF(OR(S69<>""),"Completed",IF(R69="","", IF(R69<TODAY(),"Overdue", IF(AND(R69>=TODAY()-WEEKDAY(TODAY(),2)+1,R69<=TODAY()-WEEKDAY(TODAY(),2)+7),"Follow-This Week", IF(AND(R69>=TODAY()-WEEKDAY(TODAY(),2)+8,R69<=TODAY()-WEEKDAY(TODAY(),2)+14),"Follow-Next Week",""))))) | AA69: =IF(OR(V69<>""),"Completed",IF(U69="","", IF(U69<TODAY(),"Overdue", IF(AND(U69>=TODAY()-WEEKDAY(TODAY(),2)+1,U69<=TODAY()-WEEKDAY(TODAY(),2)+7),"Follow-This Week", IF(AND(U69>=TODAY()-WEEKDAY(TODAY(),2)+8,U69<=TODAY()-WEEKDAY(TODAY(),2)+14),"Follow-Next Week","")))))
A70: ZAWTIKA Z1F TS | B70: GENERIC | C70: DWG | D70: MM-ZTK-1F-ZWPX-STR-DWG-0001 | E70: TOPSIDE - GENERAL NOTES SHEET 1 | F70: =(COUNTIFS(K70,"<="&$D$1)*50%)+(COUNTIFS(N70,"<="&$D$1)*20%)+(COUNTIFS(Q70,"<="&$D$1)*10%)+(COUNTIFS(T70,"<="&$D$1)*20%) -> 0.8 | G70: =(COUNTIFS(L70,"<="&$D$1)*50%)+(COUNTIFS(O70,"<="&$D$1)*20%)+(COUNTIFS(R70,"<="&$D$1)*10%)+(COUNTIFS(U70,"<="&$D$1)*20%) -> 0.8 | H70: =(COUNTIFS(M70,"<="&$D$1)*50%)+(COUNTIFS(P70,"<="&$D$1)*20%)+(COUNTIFS(S70,"<="&$D$1)*10%)+(COUNTIFS(V70,"<="&$D$1)*20%) -> 1 | I70: =H70-F70 -> 0.2 | J70: 0.05 | K70: 46157 | L70: =K70 -> 46157 | M70: 46135 | N70: =K70+42 -> 46199 | O70: =N70 -> 46199 | P70: 46185 | Q70: =N70+42 -> 46241 | R70: =Q70 -> 46241 | S70: 46185 | T70: =Q70+14 -> 46255 | U70: =T70 -> 46255 | V70: 46192 | X70: =IF(OR(M70<>""),"Completed", IF(L70="","",IF(L70<TODAY(),"Overdue", IF(AND(L70>=TODAY()-WEEKDAY(TODAY(),2)+1,L70<=TODAY()-WEEKDAY(TODAY(),2)+7),"Follow-This Week", IF(AND(L70>=TODAY()-WEEKDAY(TODAY(),2)+8,L70<=TODAY()-WEEKDAY(TODAY(),2)+14),"Follow-Next Week",""))))) -> Completed | Y70: =IF(OR(P70<>""),"Completed",IF(O70="","", IF(O70<TODAY(),"Overdue", IF(AND(O70>=TODAY()-WEEKDAY(TODAY(),2)+1,O70<=TODAY()-WEEKDAY(TODAY(),2)+7),"Follow-This Week", IF(AND(O70>=TODAY()-WEEKDAY(TODAY(),2)+8,O70<=TODAY()-WEEKDAY(TODAY(),2)+14),"Follow-Next Week",""))))) -> Completed | Z70: =IF(OR(S70<>""),"Completed",IF(R70="","", IF(R70<TODAY(),"Overdue", IF(AND(R70>=TODAY()-WEEKDAY(TODAY(),2)+1,R70<=TODAY()-WEEKDAY(TODAY(),2)+7),"Follow-This Week", IF(AND(R70>=TODAY()-WEEKDAY(TODAY(),2)+8,R70<=TODAY()-WEEKDAY(TODAY(),2)+14),"Follow-Next Week",""))))) -> Completed | AA70: =IF(OR(V70<>""),"Completed",IF(U70="","", IF(U70<TODAY(),"Overdue", IF(AND(U70>=TODAY()-WEEKDAY(TODAY(),2)+1,U70<=TODAY()-WEEKDAY(TODAY(),2)+7),"Follow-This Week", IF(AND(U70>=TODAY()-WEEKDAY(TODAY(),2)+8,U70<=TODAY()-WEEKDAY(TODAY(),2)+14),"Follow-Next Week",""))))) -> Completed
A71: ZAWTIKA Z1F TS | B71: GENERIC | C71: DWG | D71: MM-ZTK-1F-ZWPX-STR-DWG-0002 | E71: TOPSIDE - GENERAL NOTES SHEET 2 | F71: =(COUNTIFS(K71,"<="&$D$1)*50%)+(COUNTIFS(N71,"<="&$D$1)*20%)+(COUNTIFS(Q71,"<="&$D$1)*10%)+(COUNTIFS(T71,"<="&$D$1)*20%) -> 0.8 | G71: =(COUNTIFS(L71,"<="&$D$1)*50%)+(COUNTIFS(O71,"<="&$D$1)*20%)+(COUNTIFS(R71,"<="&$D$1)*10%)+(COUNTIFS(U71,"<="&$D$1)*20%) -> 0.8 | H71: =(COUNTIFS(M71,"<="&$D$1)*50%)+(COUNTIFS(P71,"<="&$D$1)*20%)+(COUNTIFS(S71,"<="&$D$1)*10%)+(COUNTIFS(V71,"<="&$D$1)*20%) -> 1 | I71: =H71-F71 -> 0.2 | J71: 0.05 | K71: 46157 | L71: =K71 -> 46157 | M71: 46135 | N71: =K71+42 -> 46199 | O71: =N71 -> 46199 | P71: 46185 | Q71: =N71+42 -> 46241 | R71: =Q71 -> 46241 | S71: 46185 | T71: =Q71+14 -> 46255 | U71: =T71 -> 46255 | V71: 46192 | X71: =IF(OR(M71<>""),"Completed", IF(L71="","",IF(L71<TODAY(),"Overdue", IF(AND(L71>=TODAY()-WEEKDAY(TODAY(),2)+1,L71<=TODAY()-WEEKDAY(TODAY(),2)+7),"Follow-This Week", IF(AND(L71>=TODAY()-WEEKDAY(TODAY(),2)+8,L71<=TODAY()-WEEKDAY(TODAY(),2)+14),"Follow-Next Week",""))))) -> Completed | Y71: =IF(OR(P71<>""),"Completed",IF(O71="","", IF(O71<TODAY(),"Overdue", IF(AND(O71>=TODAY()-WEEKDAY(TODAY(),2)+1,O71<=TODAY()-WEEKDAY(TODAY(),2)+7),"Follow-This Week", IF(AND(O71>=TODAY()-WEEKDAY(TODAY(),2)+8,O71<=TODAY()-WEEKDAY(TODAY(),2)+14),"Follow-Next Week",""))))) -> Completed | Z71: =IF(OR(S71<>""),"Completed",IF(R71="","", IF(R71<TODAY(),"Overdue", IF(AND(R71>=TODAY()-WEEKDAY(TODAY(),2)+1,R71<=TODAY()-WEEKDAY(TODAY(),2)+7),"Follow-This Week", IF(AND(R71>=TODAY()-WEEKDAY(TODAY(),2)+8,R71<=TODAY()-WEEKDAY(TODAY(),2)+14),"Follow-Next Week",""))))) -> Completed | AA71: =IF(OR(V71<>""),"Completed",IF(U71="","", IF(U71<TODAY(),"Overdue", IF(AND(U71>=TODAY()-WEEKDAY(TODAY(),2)+1,U71<=TODAY()-WEEKDAY(TODAY(),2)+7),"Follow-This Week", IF(AND(U71>=TODAY()-WEEKDAY(TODAY(),2)+8,U71<=TODAY()-WEEKDAY(TODAY(),2)+14),"Follow-Next Week",""))))) -> Completed
A72: ZAWTIKA Z1F TS | B72: GENERIC | C72: DWG | D72: MM-ZTK-1F-ZWPX-STR-DWG-0011 | E72: TOPSIDE - STANDARD DETAILS - DECK JOINTS - SHEET 1 | F72: =(COUNTIFS(K72,"<="&$D$1)*50%)+(COUNTIFS(N72,"<="&$D$1)*20%)+(COUNTIFS(Q72,"<="&$D$1)*10%)+(COUNTIFS(T72,"<="&$D$1)*20%) -> 0.8 | G72: =(COUNTIFS(L72,"<="&$D$1)*50%)+(COUNTIFS(O72,"<="&$D$1)*20%)+(COUNTIFS(R72,"<="&$D$1)*10%)+(COUNTIFS(U72,"<="&$D$1)*20%) -> 0.8 | H72: =(COUNTIFS(M72,"<="&$D$1)*50%)+(COUNTIFS(P72,"<="&$D$1)*20%)+(COUNTIFS(S72,"<="&$D$1)*10%)+(COUNTIFS(V72,"<="&$D$1)*20%) -> 1 | I72: =H72-F72 -> 0.2 | J72: 0.1 | K72: 46157 | L72: =K72 -> 46157 | M72: 46135 | N72: =K72+42 -> 46199 | O72: =N72 -> 46199 | P72: 46185 | Q72: =N72+42 -> 46241 | R72: =Q72 -> 46241 | S72: 46185 | T72: =Q72+14 -> 46255 | U72: =T72 -> 46255 | V72: 46192 | X72: =IF(OR(M72<>""),"Completed", IF(L72="","",IF(L72<TODAY(),"Overdue", IF(AND(L72>=TODAY()-WEEKDAY(TODAY(),2)+1,L72<=TODAY()-WEEKDAY(TODAY(),2)+7),"Follow-This Week", IF(AND(L72>=TODAY()-WEEKDAY(TODAY(),2)+8,L72<=TODAY()-WEEKDAY(TODAY(),2)+14),"Follow-Next Week",""))))) -> Completed | Y72: =IF(OR(P72<>""),"Completed",IF(O72="","", IF(O72<TODAY(),"Overdue", IF(AND(O72>=TODAY()-WEEKDAY(TODAY(),2)+1,O72<=TODAY()-WEEKDAY(TODAY(),2)+7),"Follow-This Week", IF(AND(O72>=TODAY()-WEEKDAY(TODAY(),2)+8,O72<=TODAY()-WEEKDAY(TODAY(),2)+14),"Follow-Next Week",""))))) -> Completed | Z72: =IF(OR(S72<>""),"Completed",IF(R72="","", IF(R72<TODAY(),"Overdue", IF(AND(R72>=TODAY()-WEEKDAY(TODAY(),2)+1,R72<=TODAY()-WEEKDAY(TODAY(),2)+7),"Follow-This Week", IF(AND(R72>=TODAY()-WEEKDAY(TODAY(),2)+8,R72<=TODAY()-WEEKDAY(TODAY(),2)+14),"Follow-Next Week",""))))) -> Completed | AA72: =IF(OR(V72<>""),"Completed",IF(U72="","", IF(U72<TODAY(),"Overdue", IF(AND(U72>=TODAY()-WEEKDAY(TODAY(),2)+1,U72<=TODAY()-WEEKDAY(TODAY(),2)+7),"Follow-This Week", IF(AND(U72>=TODAY()-WEEKDAY(TODAY(),2)+8,U72<=TODAY()-WEEKDAY(TODAY(),2)+14),"Follow-Next Week",""))))) -> Completed
A73: ZAWTIKA Z1F TS | B73: GENERIC | C73: DWG | D73: MM-ZTK-1F-ZWPX-STR-DWG-0012 | E73: TOPSIDE - STANDARD DETAILS - DECK JOINTS - SHEET 2 | F73: =(COUNTIFS(K73,"<="&$D$1)*50%)+(COUNTIFS(N73,"<="&$D$1)*20%)+(COUNTIFS(Q73,"<="&$D$1)*10%)+(COUNTIFS(T73,"<="&$D$1)*20%) -> 0.8 | G73: =(COUNTIFS(L73,"<="&$D$1)*50%)+(COUNTIFS(O73,"<="&$D$1)*20%)+(COUNTIFS(R73,"<="&$D$1)*10%)+(COUNTIFS(U73,"<="&$D$1)*20%) -> 0.8 | H73: =(COUNTIFS(M73,"<="&$D$1)*50%)+(COUNTIFS(P73,"<="&$D$1)*20%)+(COUNTIFS(S73,"<="&$D$1)*10%)+(COUNTIFS(V73,"<="&$D$1)*20%) -> 0.8 | I73: =H73-F73 -> 0 | J73: 0.15 | K73: 46157 | L73: =K73 -> 46157 | M73: 46135 | N73: =K73+42 -> 46199 | O73: =N73 -> 46199 | P73: 46191 | Q73: =N73+42 -> 46241 | R73: =Q73 -> 46241 | S73: 46241 | T73: =Q73+14 -> 46255 | U73: =T73 -> 46255 | X73: =IF(OR(M73<>""),"Completed", IF(L73="","",IF(L73<TODAY(),"Overdue", IF(AND(L73>=TODAY()-WEEKDAY(TODAY(),2)+1,L73<=TODAY()-WEEKDAY(TODAY(),2)+7),"Follow-This Week", IF(AND(L73>=TODAY()-WEEKDAY(TODAY(),2)+8,L73<=TODAY()-WEEKDAY(TODAY(),2)+14),"Follow-Next Week",""))))) -> Completed | Y73: =IF(OR(P73<>""),"Completed",IF(O73="","", IF(O73<TODAY(),"Overdue", IF(AND(O73>=TODAY()-WEEKDAY(TODAY(),2)+1,O73<=TODAY()-WEEKDAY(TODAY(),2)+7),"Follow-This Week", IF(AND(O73>=TODAY()-WEEKDAY(TODAY(),2)+8,O73<=TODAY()-WEEKDAY(TODAY(),2)+14),"Follow-Next Week",""))))) -> Completed | Z73: =IF(OR(S73<>""),"Completed",IF(R73="","", IF(R73<TODAY(),"Overdue", IF(AND(R73>=TODAY()-WEEKDAY(TODAY(),2)+1,R73<=TODAY()-WEEKDAY(TODAY(),2)+7),"Follow-This Week", IF(AND(R73>=TODAY()-WEEKDAY(TODAY(),2)+8,R73<=TODAY()-WEEKDAY(TODAY(),2)+14),"Follow-Next Week",""))))) -> Completed | AA73: =IF(OR(V73<>""),"Completed",IF(U73="","", IF(U73<TODAY(),"Overdue", IF(AND(U73>=TODAY()-WEEKDAY(TODAY(),2)+1,U73<=TODAY()-WEEKDAY(TODAY(),2)+7),"Follow-This Week", IF(AND(U73>=TODAY()-WEEKDAY(TODAY(),2)+8,U73<=TODAY()-WEEKDAY(TODAY(),2)+14),"Follow-Next Week","")))))
A74: ZAWTIKA Z1F TS | B74: GENERIC | C74: DWG | D74: MM-ZTK-1F-ZWPX-STR-DWG-0013 | E74: TOPSIDE - STANDARD DETAILS - DECK JOINTS - SHEET 3 | F74: =(COUNTIFS(K74,"<="&$D$1)*50%)+(COUNTIFS(N74,"<="&$D$1)*20%)+(COUNTIFS(Q74,"<="&$D$1)*10%)+(COUNTIFS(T74,"<="&$D$1)*20%) -> 0.8 | G74: =(COUNTIFS(L74,"<="&$D$1)*50%)+(COUNTIFS(O74,"<="&$D$1)*20%)+(COUNTIFS(R74,"<="&$D$1)*10%)+(COUNTIFS(U74,"<="&$D$1)*20%) -> 0.8 | H74: =(COUNTIFS(M74,"<="&$D$1)*50%)+(COUNTIFS(P74,"<="&$D$1)*20%)+(COUNTIFS(S74,"<="&$D$1)*10%)+(COUNTIFS(V74,"<="&$D$1)*20%) -> 1 | I74: =H74-F74 -> 0.2 | J74: 0.15 | K74: 46157 | L74: =K74 -> 46157 | M74: 46135 | N74: =K74+42 -> 46199 | O74: =N74 -> 46199 | P74: 46185 | Q74: =N74+42 -> 46241 | R74: =Q74 -> 46241 | S74: 46185 | T74: =Q74+14 -> 46255 | U74: =T74 -> 46255 | V74: 46192 | X74: =IF(OR(M74<>""),"Completed", IF(L74="","",IF(L74<TODAY(),"Overdue", IF(AND(L74>=TODAY()-WEEKDAY(TODAY(),2)+1,L74<=TODAY()-WEEKDAY(TODAY(),2)+7),"Follow-This Week", IF(AND(L74>=TODAY()-WEEKDAY(TODAY(),2)+8,L74<=TODAY()-WEEKDAY(TODAY(),2)+14),"Follow-Next Week",""))))) -> Completed | Y74: =IF(OR(P74<>""),"Completed",IF(O74="","", IF(O74<TODAY(),"Overdue", IF(AND(O74>=TODAY()-WEEKDAY(TODAY(),2)+1,O74<=TODAY()-WEEKDAY(TODAY(),2)+7),"Follow-This Week", IF(AND(O74>=TODAY()-WEEKDAY(TODAY(),2)+8,O74<=TODAY()-WEEKDAY(TODAY(),2)+14),"Follow-Next Week",""))))) -> Completed | Z74: =IF(OR(S74<>""),"Completed",IF(R74="","", IF(R74<TODAY(),"Overdue", IF(AND(R74>=TODAY()-WEEKDAY(TODAY(),2)+1,R74<=TODAY()-WEEKDAY(TODAY(),2)+7),"Follow-This Week", IF(AND(R74>=TODAY()-WEEKDAY(TODAY(),2)+8,R74<=TODAY()-WEEKDAY(TODAY(),2)+14),"Follow-Next Week",""))))) -> Completed | AA74: =IF(OR(V74<>""),"Completed",IF(U74="","", IF(U74<TODAY(),"Overdue", IF(AND(U74>=TODAY()-WEEKDAY(TODAY(),2)+1,U74<=TODAY()-WEEKDAY(TODAY(),2)+7),"Follow-This Week", IF(AND(U74>=TODAY()-WEEKDAY(TODAY(),2)+8,U74<=TODAY()-WEEKDAY(TODAY(),2)+14),"Follow-Next Week",""))))) -> Completed
A75: ZAWTIKA Z1F TS | B75: GENERIC | C75: DWG | D75: MM-ZTK-1F-ZWPX-STR-DWG-0014 | E75: TOPSIDE - STANDARD DETAILS - DECK JOINTS - SHEET 4 | F75: =(COUNTIFS(K75,"<="&$D$1)*50%)+(COUNTIFS(N75,"<="&$D$1)*20%)+(COUNTIFS(Q75,"<="&$D$1)*10%)+(COUNTIFS(T75,"<="&$D$1)*20%) -> 0.8 | G75: =(COUNTIFS(L75,"<="&$D$1)*50%)+(COUNTIFS(O75,"<="&$D$1)*20%)+(COUNTIFS(R75,"<="&$D$1)*10%)+(COUNTIFS(U75,"<="&$D$1)*20%) -> 0.8 | H75: =(COUNTIFS(M75,"<="&$D$1)*50%)+(COUNTIFS(P75,"<="&$D$1)*20%)+(COUNTIFS(S75,"<="&$D$1)*10%)+(COUNTIFS(V75,"<="&$D$1)*20%) -> 0.8 | I75: =H75-F75 -> 0 | J75: 0.15 | K75: 46157 | L75: =K75 -> 46157 | M75: 46135 | N75: =K75+42 -> 46199 | O75: =N75 -> 46199 | P75: 46191 | Q75: =N75+42 -> 46241 | R75: =Q75 -> 46241 | S75: 46241 | T75: =Q75+14 -> 46255 | U75: =T75 -> 46255 | X75: =IF(OR(M75<>""),"Completed", IF(L75="","",IF(L75<TODAY(),"Overdue", IF(AND(L75>=TODAY()-WEEKDAY(TODAY(),2)+1,L75<=TODAY()-WEEKDAY(TODAY(),2)+7),"Follow-This Week", IF(AND(L75>=TODAY()-WEEKDAY(TODAY(),2)+8,L75<=TODAY()-WEEKDAY(TODAY(),2)+14),"Follow-Next Week",""))))) -> Completed | Y75: =IF(OR(P75<>""),"Completed",IF(O75="","", IF(O75<TODAY(),"Overdue", IF(AND(O75>=TODAY()-WEEKDAY(TODAY(),2)+1,O75<=TODAY()-WEEKDAY(TODAY(),2)+7),"Follow-This Week", IF(AND(O75>=TODAY()-WEEKDAY(TODAY(),2)+8,O75<=TODAY()-WEEKDAY(TODAY(),2)+14),"Follow-Next Week",""))))) -> Completed | Z75: =IF(OR(S75<>""),"Completed",IF(R75="","", IF(R75<TODAY(),"Overdue", IF(AND(R75>=TODAY()-WEEKDAY(TODAY(),2)+1,R75<=TODAY()-WEEKDAY(TODAY(),2)+7),"Follow-This Week", IF(AND(R75>=TODAY()-WEEKDAY(TODAY(),2)+8,R75<=TODAY()-WEEKDAY(TODAY(),2)+14),"Follow-Next Week",""))))) -> Completed | AA75: =IF(OR(V75<>""),"Completed",IF(U75="","", IF(U75<TODAY(),"Overdue", IF(AND(U75>=TODAY()-WEEKDAY(TODAY(),2)+1,U75<=TODAY()-WEEKDAY(TODAY(),2)+7),"Follow-This Week", IF(AND(U75>=TODAY()-WEEKDAY(TODAY(),2)+8,U75<=TODAY()-WEEKDAY(TODAY(),2)+14),"Follow-Next Week","")))))
A76: ZAWTIKA Z1F TS | B76: GENERIC | C76: DWG | D76: MM-ZTK-1F-ZWPX-STR-DWG-0015 | E76: TOPSIDE - STANDARD DETAILS - HANDRAILS - SHEET 1 | F76: =(COUNTIFS(K76,"<="&$D$1)*50%)+(COUNTIFS(N76,"<="&$D$1)*20%)+(COUNTIFS(Q76,"<="&$D$1)*10%)+(COUNTIFS(T76,"<="&$D$1)*20%) -> 0.8 | G76: =(COUNTIFS(L76,"<="&$D$1)*50%)+(COUNTIFS(O76,"<="&$D$1)*20%)+(COUNTIFS(R76,"<="&$D$1)*10%)+(COUNTIFS(U76,"<="&$D$1)*20%) -> 0.8 | H76: =(COUNTIFS(M76,"<="&$D$1)*50%)+(COUNTIFS(P76,"<="&$D$1)*20%)+(COUNTIFS(S76,"<="&$D$1)*10%)+(COUNTIFS(V76,"<="&$D$1)*20%) -> 1 | I76: =H76-F76 -> 0.2 | J76: 0.15 | K76: 46157 | L76: =K76 -> 46157 | M76: 46135 | N76: =K76+42 -> 46199 | O76: =N76 -> 46199 | P76: 46185 | Q76: =N76+42 -> 46241 | R76: =Q76 -> 46241 | S76: 46185 | T76: =Q76+14 -> 46255 | U76: =T76 -> 46255 | V76: 46192 | X76: =IF(OR(M76<>""),"Completed", IF(L76="","",IF(L76<TODAY(),"Overdue", IF(AND(L76>=TODAY()-WEEKDAY(TODAY(),2)+1,L76<=TODAY()-WEEKDAY(TODAY(),2)+7),"Follow-This Week", IF(AND(L76>=TODAY()-WEEKDAY(TODAY(),2)+8,L76<=TODAY()-WEEKDAY(TODAY(),2)+14),"Follow-Next Week",""))))) -> Completed | Y76: =IF(OR(P76<>""),"Completed",IF(O76="","", IF(O76<TODAY(),"Overdue", IF(AND(O76>=TODAY()-WEEKDAY(TODAY(),2)+1,O76<=TODAY()-WEEKDAY(TODAY(),2)+7),"Follow-This Week", IF(AND(O76>=TODAY()-WEEKDAY(TODAY(),2)+8,O76<=TODAY()-WEEKDAY(TODAY(),2)+14),"Follow-Next Week",""))))) -> Completed | Z76: =IF(OR(S76<>""),"Completed",IF(R76="","", IF(R76<TODAY(),"Overdue", IF(AND(R76>=TODAY()-WEEKDAY(TODAY(),2)+1,R76<=TODAY()-WEEKDAY(TODAY(),2)+7),"Follow-This Week", IF(AND(R76>=TODAY()-WEEKDAY(TODAY(),2)+8,R76<=TODAY()-WEEKDAY(TODAY(),2)+14),"Follow-Next Week",""))))) -> Completed | AA76: =IF(OR(V76<>""),"Completed",IF(U76="","", IF(U76<TODAY(),"Overdue", IF(AND(U76>=TODAY()-WEEKDAY(TODAY(),2)+1,U76<=TODAY()-WEEKDAY(TODAY(),2)+7),"Follow-This Week", IF(AND(U76>=TODAY()-WEEKDAY(TODAY(),2)+8,U76<=TODAY()-WEEKDAY(TODAY(),2)+14),"Follow-Next Week",""))))) -> Completed
A77: ZAWTIKA Z1F TS | B77: GENERIC | C77: DWG | D77: MM-ZTK-1F-ZWPX-STR-DWG-0016 | E77: TOPSIDE - STANDARD DETAILS - HANDRAILS - SHEET 2 | F77: =(COUNTIFS(K77,"<="&$D$1)*50%)+(COUNTIFS(N77,"<="&$D$1)*20%)+(COUNTIFS(Q77,"<="&$D$1)*10%)+(COUNTIFS(T77,"<="&$D$1)*20%) -> 0.8 | G77: =(COUNTIFS(L77,"<="&$D$1)*50%)+(COUNTIFS(O77,"<="&$D$1)*20%)+(COUNTIFS(R77,"<="&$D$1)*10%)+(COUNTIFS(U77,"<="&$D$1)*20%) -> 0.8 | H77: =(COUNTIFS(M77,"<="&$D$1)*50%)+(COUNTIFS(P77,"<="&$D$1)*20%)+(COUNTIFS(S77,"<="&$D$1)*10%)+(COUNTIFS(V77,"<="&$D$1)*20%) -> 1 | I77: =H77-F77 -> 0.2 | J77: 0.15 | K77: 46157 | L77: =K77 -> 46157 | M77: 46135 | N77: =K77+42 -> 46199 | O77: =N77 -> 46199 | P77: 46185 | Q77: =N77+42 -> 46241 | R77: =Q77 -> 46241 | S77: 46185 | T77: =Q77+14 -> 46255 | U77: =T77 -> 46255 | V77: 46192 | X77: =IF(OR(M77<>""),"Completed", IF(L77="","",IF(L77<TODAY(),"Overdue", IF(AND(L77>=TODAY()-WEEKDAY(TODAY(),2)+1,L77<=TODAY()-WEEKDAY(TODAY(),2)+7),"Follow-This Week", IF(AND(L77>=TODAY()-WEEKDAY(TODAY(),2)+8,L77<=TODAY()-WEEKDAY(TODAY(),2)+14),"Follow-Next Week",""))))) -> Completed | Y77: =IF(OR(P77<>""),"Completed",IF(O77="","", IF(O77<TODAY(),"Overdue", IF(AND(O77>=TODAY()-WEEKDAY(TODAY(),2)+1,O77<=TODAY()-WEEKDAY(TODAY(),2)+7),"Follow-This Week", IF(AND(O77>=TODAY()-WEEKDAY(TODAY(),2)+8,O77<=TODAY()-WEEKDAY(TODAY(),2)+14),"Follow-Next Week",""))))) -> Completed | Z77: =IF(OR(S77<>""),"Completed",IF(R77="","", IF(R77<TODAY(),"Overdue", IF(AND(R77>=TODAY()-WEEKDAY(TODAY(),2)+1,R77<=TODAY()-WEEKDAY(TODAY(),2)+7),"Follow-This Week", IF(AND(R77>=TODAY()-WEEKDAY(TODAY(),2)+8,R77<=TODAY()-WEEKDAY(TODAY(),2)+14),"Follow-Next Week",""))))) -> Completed | AA77: =IF(OR(V77<>""),"Completed",IF(U77="","", IF(U77<TODAY(),"Overdue", IF(AND(U77>=TODAY()-WEEKDAY(TODAY(),2)+1,U77<=TODAY()-WEEKDAY(TODAY(),2)+7),"Follow-This Week", IF(AND(U77>=TODAY()-WEEKDAY(TODAY(),2)+8,U77<=TODAY()-WEEKDAY(TODAY(),2)+14),"Follow-Next Week",""))))) -> Completed
A78: ZAWTIKA Z1F TS | B78: GENERIC | C78: DWG | D78: MM-ZTK-1F-ZWPX-STR-DWG-0017 | E78: TOPSIDE - STANDARD DETAILS - STAIRS - SHEET 1 | F78: =(COUNTIFS(K78,"<="&$D$1)*50%)+(COUNTIFS(N78,"<="&$D$1)*20%)+(COUNTIFS(Q78,"<="&$D$1)*10%)+(COUNTIFS(T78,"<="&$D$1)*20%) -> 0.8 | G78: =(COUNTIFS(L78,"<="&$D$1)*50%)+(COUNTIFS(O78,"<="&$D$1)*20%)+(COUNTIFS(R78,"<="&$D$1)*10%)+(COUNTIFS(U78,"<="&$D$1)*20%) -> 0.8 | H78: =(COUNTIFS(M78,"<="&$D$1)*50%)+(COUNTIFS(P78,"<="&$D$1)*20%)+(COUNTIFS(S78,"<="&$D$1)*10%)+(COUNTIFS(V78,"<="&$D$1)*20%) -> 0.8 | I78: =H78-F78 -> 0 | J78: 0.15 | K78: 46157 | L78: =K78 -> 46157 | M78: 46135 | N78: =K78+42 -> 46199 | O78: =N78 -> 46199 | P78: 46191 | Q78: =N78+42 -> 46241 | R78: =Q78 -> 46241 | S78: 46241 | T78: =Q78+14 -> 46255 | U78: =T78 -> 46255 | X78: =IF(OR(M78<>""),"Completed", IF(L78="","",IF(L78<TODAY(),"Overdue", IF(AND(L78>=TODAY()-WEEKDAY(TODAY(),2)+1,L78<=TODAY()-WEEKDAY(TODAY(),2)+7),"Follow-This Week", IF(AND(L78>=TODAY()-WEEKDAY(TODAY(),2)+8,L78<=TODAY()-WEEKDAY(TODAY(),2)+14),"Follow-Next Week",""))))) -> Completed | Y78: =IF(OR(P78<>""),"Completed",IF(O78="","", IF(O78<TODAY(),"Overdue", IF(AND(O78>=TODAY()-WEEKDAY(TODAY(),2)+1,O78<=TODAY()-WEEKDAY(TODAY(),2)+7),"Follow-This Week", IF(AND(O78>=TODAY()-WEEKDAY(TODAY(),2)+8,O78<=TODAY()-WEEKDAY(TODAY(),2)+14),"Follow-Next Week",""))))) -> Completed | Z78: =IF(OR(S78<>""),"Completed",IF(R78="","", IF(R78<TODAY(),"Overdue", IF(AND(R78>=TODAY()-WEEKDAY(TODAY(),2)+1,R78<=TODAY()-WEEKDAY(TODAY(),2)+7),"Follow-This Week", IF(AND(R78>=TODAY()-WEEKDAY(TODAY(),2)+8,R78<=TODAY()-WEEKDAY(TODAY(),2)+14),"Follow-Next Week",""))))) -> Completed | AA78: =IF(OR(V78<>""),"Completed",IF(U78="","", IF(U78<TODAY(),"Overdue", IF(AND(U78>=TODAY()-WEEKDAY(TODAY(),2)+1,U78<=TODAY()-WEEKDAY(TODAY(),2)+7),"Follow-This Week", IF(AND(U78>=TODAY()-WEEKDAY(TODAY(),2)+8,U78<=TODAY()-WEEKDAY(TODAY(),2)+14),"Follow-Next Week","")))))
A79: ZAWTIKA Z1F TS | B79: GENERIC | C79: DWG | D79: MM-ZTK-1F-ZWPX-STR-DWG-0018 | E79: TOPSIDE - STANDARD DETAILS - STAIRS - SHEET 2 | F79: =(COUNTIFS(K79,"<="&$D$1)*50%)+(COUNTIFS(N79,"<="&$D$1)*20%)+(COUNTIFS(Q79,"<="&$D$1)*10%)+(COUNTIFS(T79,"<="&$D$1)*20%) -> 0.8 | G79: =(COUNTIFS(L79,"<="&$D$1)*50%)+(COUNTIFS(O79,"<="&$D$1)*20%)+(COUNTIFS(R79,"<="&$D$1)*10%)+(COUNTIFS(U79,"<="&$D$1)*20%) -> 0.8 | H79: =(COUNTIFS(M79,"<="&$D$1)*50%)+(COUNTIFS(P79,"<="&$D$1)*20%)+(COUNTIFS(S79,"<="&$D$1)*10%)+(COUNTIFS(V79,"<="&$D$1)*20%) -> 1 | I79: =H79-F79 -> 0.2 | J79: 0.15 | K79: 46157 | L79: =K79 -> 46157 | M79: 46135 | N79: =K79+42 -> 46199 | O79: =N79 -> 46199 | P79: 46185 | Q79: =N79+42 -> 46241 | R79: =Q79 -> 46241 | S79: 46185 | T79: =Q79+14 -> 46255 | U79: =T79 -> 46255 | V79: 46198 | X79: =IF(OR(M79<>""),"Completed", IF(L79="","",IF(L79<TODAY(),"Overdue", IF(AND(L79>=TODAY()-WEEKDAY(TODAY(),2)+1,L79<=TODAY()-WEEKDAY(TODAY(),2)+7),"Follow-This Week", IF(AND(L79>=TODAY()-WEEKDAY(TODAY(),2)+8,L79<=TODAY()-WEEKDAY(TODAY(),2)+14),"Follow-Next Week",""))))) -> Completed | Y79: =IF(OR(P79<>""),"Completed",IF(O79="","", IF(O79<TODAY(),"Overdue", IF(AND(O79>=TODAY()-WEEKDAY(TODAY(),2)+1,O79<=TODAY()-WEEKDAY(TODAY(),2)+7),"Follow-This Week", IF(AND(O79>=TODAY()-WEEKDAY(TODAY(),2)+8,O79<=TODAY()-WEEKDAY(TODAY(),2)+14),"Follow-Next Week",""))))) -> Completed | Z79: =IF(OR(S79<>""),"Completed",IF(R79="","", IF(R79<TODAY(),"Overdue", IF(AND(R79>=TODAY()-WEEKDAY(TODAY(),2)+1,R79<=TODAY()-WEEKDAY(TODAY(),2)+7),"Follow-This Week", IF(AND(R79>=TODAY()-WEEKDAY(TODAY(),2)+8,R79<=TODAY()-WEEKDAY(TODAY(),2)+14),"Follow-Next Week",""))))) -> Completed | AA79: =IF(OR(V79<>""),"Completed",IF(U79="","", IF(U79<TODAY(),"Overdue", IF(AND(U79>=TODAY()-WEEKDAY(TODAY(),2)+1,U79<=TODAY()-WEEKDAY(TODAY(),2)+7),"Follow-This Week", IF(AND(U79>=TODAY()-WEEKDAY(TODAY(),2)+8,U79<=TODAY()-WEEKDAY(TODAY(),2)+14),"Follow-Next Week",""))))) -> Completed
A80: ZAWTIKA Z1F TS | B80: GENERIC | C80: DWG | D80: MM-ZTK-1F-ZWPX-STR-DWG-0019 | E80: TOPSIDE - STANDARD DETAILS - LADDERS - SHEET 1 | F80: =(COUNTIFS(K80,"<="&$D$1)*50%)+(COUNTIFS(N80,"<="&$D$1)*20%)+(COUNTIFS(Q80,"<="&$D$1)*10%)+(COUNTIFS(T80,"<="&$D$1)*20%) -> 0.8 | G80: =(COUNTIFS(L80,"<="&$D$1)*50%)+(COUNTIFS(O80,"<="&$D$1)*20%)+(COUNTIFS(R80,"<="&$D$1)*10%)+(COUNTIFS(U80,"<="&$D$1)*20%) -> 0.8 | H80: =(COUNTIFS(M80,"<="&$D$1)*50%)+(COUNTIFS(P80,"<="&$D$1)*20%)+(COUNTIFS(S80,"<="&$D$1)*10%)+(COUNTIFS(V80,"<="&$D$1)*20%) -> 0.8 | I80: =H80-F80 -> 0 | J80: 0.15 | K80: 46157 | L80: =K80 -> 46157 | M80: 46135 | N80: =K80+42 -> 46199 | O80: =N80 -> 46199 | P80: 46191 | Q80: =N80+42 -> 46241 | R80: =Q80 -> 46241 | S80: 46241 | T80: =Q80+14 -> 46255 | U80: =T80 -> 46255 | X80: =IF(OR(M80<>""),"Completed", IF(L80="","",IF(L80<TODAY(),"Overdue", IF(AND(L80>=TODAY()-WEEKDAY(TODAY(),2)+1,L80<=TODAY()-WEEKDAY(TODAY(),2)+7),"Follow-This Week", IF(AND(L80>=TODAY()-WEEKDAY(TODAY(),2)+8,L80<=TODAY()-WEEKDAY(TODAY(),2)+14),"Follow-Next Week",""))))) -> Completed | Y80: =IF(OR(P80<>""),"Completed",IF(O80="","", IF(O80<TODAY(),"Overdue", IF(AND(O80>=TODAY()-WEEKDAY(TODAY(),2)+1,O80<=TODAY()-WEEKDAY(TODAY(),2)+7),"Follow-This Week", IF(AND(O80>=TODAY()-WEEKDAY(TODAY(),2)+8,O80<=TODAY()-WEEKDAY(TODAY(),2)+14),"Follow-Next Week",""))))) -> Completed | Z80: =IF(OR(S80<>""),"Completed",IF(R80="","", IF(R80<TODAY(),"Overdue", IF(AND(R80>=TODAY()-WEEKDAY(TODAY(),2)+1,R80<=TODAY()-WEEKDAY(TODAY(),2)+7),"Follow-This Week", IF(AND(R80>=TODAY()-WEEKDAY(TODAY(),2)+8,R80<=TODAY()-WEEKDAY(TODAY(),2)+14),"Follow-Next Week",""))))) -> Completed | AA80: =IF(OR(V80<>""),"Completed",IF(U80="","", IF(U80<TODAY(),"Overdue", IF(AND(U80>=TODAY()-WEEKDAY(TODAY(),2)+1,U80<=TODAY()-WEEKDAY(TODAY(),2)+7),"Follow-This Week", IF(AND(U80>=TODAY()-WEEKDAY(TODAY(),2)+8,U80<=TODAY()-WEEKDAY(TODAY(),2)+14),"Follow-Next Week","")))))
A81: ZAWTIKA Z1F TS | B81: GENERIC | C81: DWG | D81: MM-ZTK-1F-ZWPX-STR-DWG-0020 | E81: TOPSIDE - STANDARD DETAILS - LADDERS - SHEET 2 | F81: =(COUNTIFS(K81,"<="&$D$1)*50%)+(COUNTIFS(N81,"<="&$D$1)*20%)+(COUNTIFS(Q81,"<="&$D$1)*10%)+(COUNTIFS(T81,"<="&$D$1)*20%) -> 0.8 | G81: =(COUNTIFS(L81,"<="&$D$1)*50%)+(COUNTIFS(O81,"<="&$D$1)*20%)+(COUNTIFS(R81,"<="&$D$1)*10%)+(COUNTIFS(U81,"<="&$D$1)*20%) -> 0.8 | H81: =(COUNTIFS(M81,"<="&$D$1)*50%)+(COUNTIFS(P81,"<="&$D$1)*20%)+(COUNTIFS(S81,"<="&$D$1)*10%)+(COUNTIFS(V81,"<="&$D$1)*20%) -> 0.8 | I81: =H81-F81 -> 0 | J81: 0.15 | K81: 46157 | L81: =K81 -> 46157 | M81: 46135 | N81: =K81+42 -> 46199 | O81: =N81 -> 46199 | P81: 46191 | Q81: =N81+42 -> 46241 | R81: =Q81 -> 46241 | S81: 46241 | T81: =Q81+14 -> 46255 | U81: =T81 -> 46255 | X81: =IF(OR(M81<>""),"Completed", IF(L81="","",IF(L81<TODAY(),"Overdue", IF(AND(L81>=TODAY()-WEEKDAY(TODAY(),2)+1,L81<=TODAY()-WEEKDAY(TODAY(),2)+7),"Follow-This Week", IF(AND(L81>=TODAY()-WEEKDAY(TODAY(),2)+8,L81<=TODAY()-WEEKDAY(TODAY(),2)+14),"Follow-Next Week",""))))) -> Completed | Y81: =IF(OR(P81<>""),"Completed",IF(O81="","", IF(O81<TODAY(),"Overdue", IF(AND(O81>=TODAY()-WEEKDAY(TODAY(),2)+1,O81<=TODAY()-WEEKDAY(TODAY(),2)+7),"Follow-This Week", IF(AND(O81>=TODAY()-WEEKDAY(TODAY(),2)+8,O81<=TODAY()-WEEKDAY(TODAY(),2)+14),"Follow-Next Week",""))))) -> Completed | Z81: =IF(OR(S81<>""),"Completed",IF(R81="","", IF(R81<TODAY(),"Overdue", IF(AND(R81>=TODAY()-WEEKDAY(TODAY(),2)+1,R81<=TODAY()-WEEKDAY(TODAY(),2)+7),"Follow-This Week", IF(AND(R81>=TODAY()-WEEKDAY(TODAY(),2)+8,R81<=TODAY()-WEEKDAY(TODAY(),2)+14),"Follow-Next Week",""))))) -> Completed | AA81: =IF(OR(V81<>""),"Completed",IF(U81="","", IF(U81<TODAY(),"Overdue", IF(AND(U81>=TODAY()-WEEKDAY(TODAY(),2)+1,U81<=TODAY()-WEEKDAY(TODAY(),2)+7),"Follow-This Week", IF(AND(U81>=TODAY()-WEEKDAY(TODAY(),2)+8,U81<=TODAY()-WEEKDAY(TODAY(),2)+14),"Follow-Next Week","")))))
A82: ZAWTIKA Z1F TS | B82: GENERIC | C82: DWG | D82: MM-ZTK-1F-ZWPX-STR-DWG-0021 | E82: TOPSIDE - STANDARD DETAILS - LADDERS - SHEET 3 | F82: =(COUNTIFS(K82,"<="&$D$1)*50%)+(COUNTIFS(N82,"<="&$D$1)*20%)+(COUNTIFS(Q82,"<="&$D$1)*10%)+(COUNTIFS(T82,"<="&$D$1)*20%) -> 0.8 | G82: =(COUNTIFS(L82,"<="&$D$1)*50%)+(COUNTIFS(O82,"<="&$D$1)*20%)+(COUNTIFS(R82,"<="&$D$1)*10%)+(COUNTIFS(U82,"<="&$D$1)*20%) -> 0.8 | H82: =(COUNTIFS(M82,"<="&$D$1)*50%)+(COUNTIFS(P82,"<="&$D$1)*20%)+(COUNTIFS(S82,"<="&$D$1)*10%)+(COUNTIFS(V82,"<="&$D$1)*20%) -> 0.7 | I82: =H82-F82 -> -0.1 | J82: 0.15 | K82: 46157 | L82: =K82 -> 46157 | M82: 46135 | N82: =K82+42 -> 46199 | O82: =N82 -> 46199 | P82: 46241 | Q82: =N82+42 -> 46241 | R82: =Q82 -> 46241 | T82: =Q82+14 -> 46255 | U82: =T82 -> 46255 | X82: =IF(OR(M82<>""),"Completed", IF(L82="","",IF(L82<TODAY(),"Overdue", IF(AND(L82>=TODAY()-WEEKDAY(TODAY(),2)+1,L82<=TODAY()-WEEKDAY(TODAY(),2)+7),"Follow-This Week", IF(AND(L82>=TODAY()-WEEKDAY(TODAY(),2)+8,L82<=TODAY()-WEEKDAY(TODAY(),2)+14),"Follow-Next Week",""))))) -> Completed | Y82: =IF(OR(P82<>""),"Completed",IF(O82="","", IF(O82<TODAY(),"Overdue", IF(AND(O82>=TODAY()-WEEKDAY(TODAY(),2)+1,O82<=TODAY()-WEEKDAY(TODAY(),2)+7),"Follow-This Week", IF(AND(O82>=TODAY()-WEEKDAY(TODAY(),2)+8,O82<=TODAY()-WEEKDAY(TODAY(),2)+14),"Follow-Next Week",""))))) -> Completed | Z82: =IF(OR(S82<>""),"Completed",IF(R82="","", IF(R82<TODAY(),"Overdue", IF(AND(R82>=TODAY()-WEEKDAY(TODAY(),2)+1,R82<=TODAY()-WEEKDAY(TODAY(),2)+7),"Follow-This Week", IF(AND(R82>=TODAY()-WEEKDAY(TODAY(),2)+8,R82<=TODAY()-WEEKDAY(TODAY(),2)+14),"Follow-Next Week",""))))) -> Overdue | AA82: =IF(OR(V82<>""),"Completed",IF(U82="","", IF(U82<TODAY(),"Overdue", IF(AND(U82>=TODAY()-WEEKDAY(TODAY(),2)+1,U82<=TODAY()-WEEKDAY(TODAY(),2)+7),"Follow-This Week", IF(AND(U82>=TODAY()-WEEKDAY(TODAY(),2)+8,U82<=TODAY()-WEEKDAY(TODAY(),2)+14),"Follow-Next Week","")))))
A83: ZAWTIKA Z1F TS | B83: GENERIC | C83: DWG | D83: MM-ZTK-1F-ZWPX-STR-DWG-0022 | E83: TOPSIDE - STANDARD DETAILS - PLATING AND GRATING - SHEET 1 | F83: =(COUNTIFS(K83,"<="&$D$1)*50%)+(COUNTIFS(N83,"<="&$D$1)*20%)+(COUNTIFS(Q83,"<="&$D$1)*10%)+(COUNTIFS(T83,"<="&$D$1)*20%) -> 0.8 | G83: =(COUNTIFS(L83,"<="&$D$1)*50%)+(COUNTIFS(O83,"<="&$D$1)*20%)+(COUNTIFS(R83,"<="&$D$1)*10%)+(COUNTIFS(U83,"<="&$D$1)*20%) -> 0.8 | H83: =(COUNTIFS(M83,"<="&$D$1)*50%)+(COUNTIFS(P83,"<="&$D$1)*20%)+(COUNTIFS(S83,"<="&$D$1)*10%)+(COUNTIFS(V83,"<="&$D$1)*20%) -> 1 | I83: =H83-F83 -> 0.2 | J83: 0.15 | K83: 46157 | L83: =K83 -> 46157 | M83: 46135 | N83: =K83+42 -> 46199 | O83: =N83 -> 46199 | P83: 46185 | Q83: =N83+42 -> 46241 | R83: =Q83 -> 46241 | S83: 46185 | T83: =Q83+14 -> 46255 | U83: =T83 -> 46255 | V83: 46192 | X83: =IF(OR(M83<>""),"Completed", IF(L83="","",IF(L83<TODAY(),"Overdue", IF(AND(L83>=TODAY()-WEEKDAY(TODAY(),2)+1,L83<=TODAY()-WEEKDAY(TODAY(),2)+7),"Follow-This Week", IF(AND(L83>=TODAY()-WEEKDAY(TODAY(),2)+8,L83<=TODAY()-WEEKDAY(TODAY(),2)+14),"Follow-Next Week",""))))) -> Completed | Y83: =IF(OR(P83<>""),"Completed",IF(O83="","", IF(O83<TODAY(),"Overdue", IF(AND(O83>=TODAY()-WEEKDAY(TODAY(),2)+1,O83<=TODAY()-WEEKDAY(TODAY(),2)+7),"Follow-This Week", IF(AND(O83>=TODAY()-WEEKDAY(TODAY(),2)+8,O83<=TODAY()-WEEKDAY(TODAY(),2)+14),"Follow-Next Week",""))))) -> Completed | Z83: =IF(OR(S83<>""),"Completed",IF(R83="","", IF(R83<TODAY(),"Overdue", IF(AND(R83>=TODAY()-WEEKDAY(TODAY(),2)+1,R83<=TODAY()-WEEKDAY(TODAY(),2)+7),"Follow-This Week", IF(AND(R83>=TODAY()-WEEKDAY(TODAY(),2)+8,R83<=TODAY()-WEEKDAY(TODAY(),2)+14),"Follow-Next Week",""))))) -> Completed | AA83: =IF(OR(V83<>""),"Completed",IF(U83="","", IF(U83<TODAY(),"Overdue", IF(AND(U83>=TODAY()-WEEKDAY(TODAY(),2)+1,U83<=TODAY()-WEEKDAY(TODAY(),2)+7),"Follow-This Week", IF(AND(U83>=TODAY()-WEEKDAY(TODAY(),2)+8,U83<=TODAY()-WEEKDAY(TODAY(),2)+14),"Follow-Next Week",""))))) -> Completed
A84: ZAWTIKA Z1F TS | B84: GENERIC | C84: DWG | D84: MM-ZTK-1F-ZWPX-STR-DWG-0023 | E84: TOPSIDE - STANDARD DETAILS - PLATING AND GRATING - SHEET 2 | F84: =(COUNTIFS(K84,"<="&$D$1)*50%)+(COUNTIFS(N84,"<="&$D$1)*20%)+(COUNTIFS(Q84,"<="&$D$1)*10%)+(COUNTIFS(T84,"<="&$D$1)*20%) -> 0.8 | G84: =(COUNTIFS(L84,"<="&$D$1)*50%)+(COUNTIFS(O84,"<="&$D$1)*20%)+(COUNTIFS(R84,"<="&$D$1)*10%)+(COUNTIFS(U84,"<="&$D$1)*20%) -> 0.8 | H84: =(COUNTIFS(M84,"<="&$D$1)*50%)+(COUNTIFS(P84,"<="&$D$1)*20%)+(COUNTIFS(S84,"<="&$D$1)*10%)+(COUNTIFS(V84,"<="&$D$1)*20%) -> 1 | I84: =H84-F84 -> 0.2 | J84: 0.15 | K84: 46157 | L84: =K84 -> 46157 | M84: 46135 | N84: =K84+42 -> 46199 | O84: =N84 -> 46199 | P84: 46185 | Q84: =N84+42 -> 46241 | R84: =Q84 -> 46241 | S84: 46185 | T84: =Q84+14 -> 46255 | U84: =T84 -> 46255 | V84: 46198 | X84: =IF(OR(M84<>""),"Completed", IF(L84="","",IF(L84<TODAY(),"Overdue", IF(AND(L84>=TODAY()-WEEKDAY(TODAY(),2)+1,L84<=TODAY()-WEEKDAY(TODAY(),2)+7),"Follow-This Week", IF(AND(L84>=TODAY()-WEEKDAY(TODAY(),2)+8,L84<=TODAY()-WEEKDAY(TODAY(),2)+14),"Follow-Next Week",""))))) -> Completed | Y84: =IF(OR(P84<>""),"Completed",IF(O84="","", IF(O84<TODAY(),"Overdue", IF(AND(O84>=TODAY()-WEEKDAY(TODAY(),2)+1,O84<=TODAY()-WEEKDAY(TODAY(),2)+7),"Follow-This Week", IF(AND(O84>=TODAY()-WEEKDAY(TODAY(),2)+8,O84<=TODAY()-WEEKDAY(TODAY(),2)+14),"Follow-Next Week",""))))) -> Completed | Z84: =IF(OR(S84<>""),"Completed",IF(R84="","", IF(R84<TODAY(),"Overdue", IF(AND(R84>=TODAY()-WEEKDAY(TODAY(),2)+1,R84<=TODAY()-WEEKDAY(TODAY(),2)+7),"Follow-This Week", IF(AND(R84>=TODAY()-WEEKDAY(TODAY(),2)+8,R84<=TODAY()-WEEKDAY(TODAY(),2)+14),"Follow-Next Week",""))))) -> Completed | AA84: =IF(OR(V84<>""),"Completed",IF(U84="","", IF(U84<TODAY(),"Overdue", IF(AND(U84>=TODAY()-WEEKDAY(TODAY(),2)+1,U84<=TODAY()-WEEKDAY(TODAY(),2)+7),"Follow-This Week", IF(AND(U84>=TODAY()-WEEKDAY(TODAY(),2)+8,U84<=TODAY()-WEEKDAY(TODAY(),2)+14),"Follow-Next Week",""))))) -> Completed
A85: ZAWTIKA Z1F TS | B85: GENERIC | C85: DWG | D85: MM-ZTK-1F-ZWPX-STR-DWG-0024 | E85: TOPSIDE - STANDARD DETAILS - DECK DRAINS - SHEET 1 | F85: =(COUNTIFS(K85,"<="&$D$1)*50%)+(COUNTIFS(N85,"<="&$D$1)*20%)+(COUNTIFS(Q85,"<="&$D$1)*10%)+(COUNTIFS(T85,"<="&$D$1)*20%) -> 0.8 | G85: =(COUNTIFS(L85,"<="&$D$1)*50%)+(COUNTIFS(O85,"<="&$D$1)*20%)+(COUNTIFS(R85,"<="&$D$1)*10%)+(COUNTIFS(U85,"<="&$D$1)*20%) -> 0.8 | H85: =(COUNTIFS(M85,"<="&$D$1)*50%)+(COUNTIFS(P85,"<="&$D$1)*20%)+(COUNTIFS(S85,"<="&$D$1)*10%)+(COUNTIFS(V85,"<="&$D$1)*20%) -> 0.7 | I85: =H85-F85 -> -0.1 | J85: 0.15 | K85: 46157 | L85: =K85 -> 46157 | M85: 46135 | N85: =K85+42 -> 46199 | O85: =N85 -> 46199 | P85: 46241 | Q85: =N85+42 -> 46241 | R85: =Q85 -> 46241 | T85: =Q85+14 -> 46255 | U85: =T85 -> 46255 | X85: =IF(OR(M85<>""),"Completed", IF(L85="","",IF(L85<TODAY(),"Overdue", IF(AND(L85>=TODAY()-WEEKDAY(TODAY(),2)+1,L85<=TODAY()-WEEKDAY(TODAY(),2)+7),"Follow-This Week", IF(AND(L85>=TODAY()-WEEKDAY(TODAY(),2)+8,L85<=TODAY()-WEEKDAY(TODAY(),2)+14),"Follow-Next Week",""))))) -> Completed | Y85: =IF(OR(P85<>""),"Completed",IF(O85="","", IF(O85<TODAY(),"Overdue", IF(AND(O85>=TODAY()-WEEKDAY(TODAY(),2)+1,O85<=TODAY()-WEEKDAY(TODAY(),2)+7),"Follow-This Week", IF(AND(O85>=TODAY()-WEEKDAY(TODAY(),2)+8,O85<=TODAY()-WEEKDAY(TODAY(),2)+14),"Follow-Next Week",""))))) -> Completed | Z85: =IF(OR(S85<>""),"Completed",IF(R85="","", IF(R85<TODAY(),"Overdue", IF(AND(R85>=TODAY()-WEEKDAY(TODAY(),2)+1,R85<=TODAY()-WEEKDAY(TODAY(),2)+7),"Follow-This Week", IF(AND(R85>=TODAY()-WEEKDAY(TODAY(),2)+8,R85<=TODAY()-WEEKDAY(TODAY(),2)+14),"Follow-Next Week",""))))) -> Overdue | AA85: =IF(OR(V85<>""),"Completed",IF(U85="","", IF(U85<TODAY(),"Overdue", IF(AND(U85>=TODAY()-WEEKDAY(TODAY(),2)+1,U85<=TODAY()-WEEKDAY(TODAY(),2)+7),"Follow-This Week", IF(AND(U85>=TODAY()-WEEKDAY(TODAY(),2)+8,U85<=TODAY()-WEEKDAY(TODAY(),2)+14),"Follow-Next Week","")))))
A86: ZAWTIKA Z1F TS | B86: GENERIC | C86: DWG | D86: MM-ZTK-1F-ZWPX-STR-DWG-0025 | E86: TOPSIDE - STANDARD DETAILS - DECK DRAINS - SHEET 2 | F86: =(COUNTIFS(K86,"<="&$D$1)*50%)+(COUNTIFS(N86,"<="&$D$1)*20%)+(COUNTIFS(Q86,"<="&$D$1)*10%)+(COUNTIFS(T86,"<="&$D$1)*20%) -> 0.8 | G86: =(COUNTIFS(L86,"<="&$D$1)*50%)+(COUNTIFS(O86,"<="&$D$1)*20%)+(COUNTIFS(R86,"<="&$D$1)*10%)+(COUNTIFS(U86,"<="&$D$1)*20%) -> 0.8 | H86: =(COUNTIFS(M86,"<="&$D$1)*50%)+(COUNTIFS(P86,"<="&$D$1)*20%)+(COUNTIFS(S86,"<="&$D$1)*10%)+(COUNTIFS(V86,"<="&$D$1)*20%) -> 0.7 | I86: =H86-F86 -> -0.1 | J86: 0.15 | K86: 46157 | L86: =K86 -> 46157 | M86: 46135 | N86: =K86+42 -> 46199 | O86: =N86 -> 46199 | P86: 46241 | Q86: =N86+42 -> 46241 | R86: =Q86 -> 46241 | T86: =Q86+14 -> 46255 | U86: =T86 -> 46255 | X86: =IF(OR(M86<>""),"Completed", IF(L86="","",IF(L86<TODAY(),"Overdue", IF(AND(L86>=TODAY()-WEEKDAY(TODAY(),2)+1,L86<=TODAY()-WEEKDAY(TODAY(),2)+7),"Follow-This Week", IF(AND(L86>=TODAY()-WEEKDAY(TODAY(),2)+8,L86<=TODAY()-WEEKDAY(TODAY(),2)+14),"Follow-Next Week",""))))) -> Completed | Y86: =IF(OR(P86<>""),"Completed",IF(O86="","", IF(O86<TODAY(),"Overdue", IF(AND(O86>=TODAY()-WEEKDAY(TODAY(),2)+1,O86<=TODAY()-WEEKDAY(TODAY(),2)+7),"Follow-This Week", IF(AND(O86>=TODAY()-WEEKDAY(TODAY(),2)+8,O86<=TODAY()-WEEKDAY(TODAY(),2)+14),"Follow-Next Week",""))))) -> Completed | Z86: =IF(OR(S86<>""),"Completed",IF(R86="","", IF(R86<TODAY(),"Overdue", IF(AND(R86>=TODAY()-WEEKDAY(TODAY(),2)+1,R86<=TODAY()-WEEKDAY(TODAY(),2)+7),"Follow-This Week", IF(AND(R86>=TODAY()-WEEKDAY(TODAY(),2)+8,R86<=TODAY()-WEEKDAY(TODAY(),2)+14),"Follow-Next Week",""))))) -> Overdue | AA86: =IF(OR(V86<>""),"Completed",IF(U86="","", IF(U86<TODAY(),"Overdue", IF(AND(U86>=TODAY()-WEEKDAY(TODAY(),2)+1,U86<=TODAY()-WEEKDAY(TODAY(),2)+7),"Follow-This Week", IF(AND(U86>=TODAY()-WEEKDAY(TODAY(),2)+8,U86<=TODAY()-WEEKDAY(TODAY(),2)+14),"Follow-Next Week","")))))
A87: ZAWTIKA Z1F TS | B87: GENERIC | C87: DWG | D87: MM-ZTK-1F-ZWPX-STR-DWG-0026 | E87: TOPSIDE - STANDARD DETAILS - WELD PROFILE - SHEET 1 | F87: =(COUNTIFS(K87,"<="&$D$1)*50%)+(COUNTIFS(N87,"<="&$D$1)*20%)+(COUNTIFS(Q87,"<="&$D$1)*10%)+(COUNTIFS(T87,"<="&$D$1)*20%) -> 0.8 | G87: =(COUNTIFS(L87,"<="&$D$1)*50%)+(COUNTIFS(O87,"<="&$D$1)*20%)+(COUNTIFS(R87,"<="&$D$1)*10%)+(COUNTIFS(U87,"<="&$D$1)*20%) -> 0.8 | H87: =(COUNTIFS(M87,"<="&$D$1)*50%)+(COUNTIFS(P87,"<="&$D$1)*20%)+(COUNTIFS(S87,"<="&$D$1)*10%)+(COUNTIFS(V87,"<="&$D$1)*20%) -> 1 | I87: =H87-F87 -> 0.2 | J87: 0.15 | K87: 46157 | L87: =K87 -> 46157 | M87: 46135 | N87: =K87+42 -> 46199 | O87: =N87 -> 46199 | P87: 46185 | Q87: =N87+42 -> 46241 | R87: =Q87 -> 46241 | S87: 46185 | T87: =Q87+14 -> 46255 | U87: =T87 -> 46255 | V87: 46198 | X87: =IF(OR(M87<>""),"Completed", IF(L87="","",IF(L87<TODAY(),"Overdue", IF(AND(L87>=TODAY()-WEEKDAY(TODAY(),2)+1,L87<=TODAY()-WEEKDAY(TODAY(),2)+7),"Follow-This Week", IF(AND(L87>=TODAY()-WEEKDAY(TODAY(),2)+8,L87<=TODAY()-WEEKDAY(TODAY(),2)+14),"Follow-Next Week",""))))) -> Completed | Y87: =IF(OR(P87<>""),"Completed",IF(O87="","", IF(O87<TODAY(),"Overdue", IF(AND(O87>=TODAY()-WEEKDAY(TODAY(),2)+1,O87<=TODAY()-WEEKDAY(TODAY(),2)+7),"Follow-This Week", IF(AND(O87>=TODAY()-WEEKDAY(TODAY(),2)+8,O87<=TODAY()-WEEKDAY(TODAY(),2)+14),"Follow-Next Week",""))))) -> Completed | Z87: =IF(OR(S87<>""),"Completed",IF(R87="","", IF(R87<TODAY(),"Overdue", IF(AND(R87>=TODAY()-WEEKDAY(TODAY(),2)+1,R87<=TODAY()-WEEKDAY(TODAY(),2)+7),"Follow-This Week", IF(AND(R87>=TODAY()-WEEKDAY(TODAY(),2)+8,R87<=TODAY()-WEEKDAY(TODAY(),2)+14),"Follow-Next Week",""))))) -> Completed | AA87: =IF(OR(V87<>""),"Completed",IF(U87="","", IF(U87<TODAY(),"Overdue", IF(AND(U87>=TODAY()-WEEKDAY(TODAY(),2)+1,U87<=TODAY()-WEEKDAY(TODAY(),2)+7),"Follow-This Week", IF(AND(U87>=TODAY()-WEEKDAY(TODAY(),2)+8,U87<=TODAY()-WEEKDAY(TODAY(),2)+14),"Follow-Next Week",""))))) -> Completed
A88: ZAWTIKA Z1F TS | B88: GENERIC | C88: DWG | D88: MM-ZTK-1F-ZWPX-STR-DWG-0027 | E88: TOPSIDE - STANDARD DETAILS - WELD PROFILE - SHEET 2 | F88: =(COUNTIFS(K88,"<="&$D$1)*50%)+(COUNTIFS(N88,"<="&$D$1)*20%)+(COUNTIFS(Q88,"<="&$D$1)*10%)+(COUNTIFS(T88,"<="&$D$1)*20%) -> 0.8 | G88: =(COUNTIFS(L88,"<="&$D$1)*50%)+(COUNTIFS(O88,"<="&$D$1)*20%)+(COUNTIFS(R88,"<="&$D$1)*10%)+(COUNTIFS(U88,"<="&$D$1)*20%) -> 0.8 | H88: =(COUNTIFS(M88,"<="&$D$1)*50%)+(COUNTIFS(P88,"<="&$D$1)*20%)+(COUNTIFS(S88,"<="&$D$1)*10%)+(COUNTIFS(V88,"<="&$D$1)*20%) -> 1 | I88: =H88-F88 -> 0.2 | J88: 0.15 | K88: 46157 | L88: =K88 -> 46157 | M88: 46135 | N88: =K88+42 -> 46199 | O88: =N88 -> 46199 | P88: 46185 | Q88: =N88+42 -> 46241 | R88: =Q88 -> 46241 | S88: 46185 | T88: =Q88+14 -> 46255 | U88: =T88 -> 46255 | V88: 46198 | X88: =IF(OR(M88<>""),"Completed", IF(L88="","",IF(L88<TODAY(),"Overdue", IF(AND(L88>=TODAY()-WEEKDAY(TODAY(),2)+1,L88<=TODAY()-WEEKDAY(TODAY(),2)+7),"Follow-This Week", IF(AND(L88>=TODAY()-WEEKDAY(TODAY(),2)+8,L88<=TODAY()-WEEKDAY(TODAY(),2)+14),"Follow-Next Week",""))))) -> Completed | Y88: =IF(OR(P88<>""),"Completed",IF(O88="","", IF(O88<TODAY(),"Overdue", IF(AND(O88>=TODAY()-WEEKDAY(TODAY(),2)+1,O88<=TODAY()-WEEKDAY(TODAY(),2)+7),"Follow-This Week", IF(AND(O88>=TODAY()-WEEKDAY(TODAY(),2)+8,O88<=TODAY()-WEEKDAY(TODAY(),2)+14),"Follow-Next Week",""))))) -> Completed | Z88: =IF(OR(S88<>""),"Completed",IF(R88="","", IF(R88<TODAY(),"Overdue", IF(AND(R88>=TODAY()-WEEKDAY(TODAY(),2)+1,R88<=TODAY()-WEEKDAY(TODAY(),2)+7),"Follow-This Week", IF(AND(R88>=TODAY()-WEEKDAY(TODAY(),2)+8,R88<=TODAY()-WEEKDAY(TODAY(),2)+14),"Follow-Next Week",""))))) -> Completed | AA88: =IF(OR(V88<>""),"Completed",IF(U88="","", IF(U88<TODAY(),"Overdue", IF(AND(U88>=TODAY()-WEEKDAY(TODAY(),2)+1,U88<=TODAY()-WEEKDAY(TODAY(),2)+7),"Follow-This Week", IF(AND(U88>=TODAY()-WEEKDAY(TODAY(),2)+8,U88<=TODAY()-WEEKDAY(TODAY(),2)+14),"Follow-Next Week",""))))) -> Completed
A89: ZAWTIKA Z1F TS | B89: GENERIC | C89: DWG | D89: MM-ZTK-1F-ZWPX-STR-DWG-0028 | E89: TOPSIDE - STANDARD DETAILS - LOGO PAINTING | F89: =(COUNTIFS(K89,"<="&$D$1)*50%)+(COUNTIFS(N89,"<="&$D$1)*20%)+(COUNTIFS(Q89,"<="&$D$1)*10%)+(COUNTIFS(T89,"<="&$D$1)*20%) -> 0.8 | G89: =(COUNTIFS(L89,"<="&$D$1)*50%)+(COUNTIFS(O89,"<="&$D$1)*20%)+(COUNTIFS(R89,"<="&$D$1)*10%)+(COUNTIFS(U89,"<="&$D$1)*20%) -> 0.8 | H89: =(COUNTIFS(M89,"<="&$D$1)*50%)+(COUNTIFS(P89,"<="&$D$1)*20%)+(COUNTIFS(S89,"<="&$D$1)*10%)+(COUNTIFS(V89,"<="&$D$1)*20%) -> 1 | I89: =H89-F89 -> 0.2 | J89: 0.15 | K89: 46157 | L89: =K89 -> 46157 | M89: 46135 | N89: =K89+42 -> 46199 | O89: =N89 -> 46199 | P89: 46185 | Q89: =N89+42 -> 46241 | R89: =Q89 -> 46241 | S89: 46185 | T89: =Q89+14 -> 46255 | U89: =T89 -> 46255 | V89: 46192 | X89: =IF(OR(M89<>""),"Completed", IF(L89="","",IF(L89<TODAY(),"Overdue", IF(AND(L89>=TODAY()-WEEKDAY(TODAY(),2)+1,L89<=TODAY()-WEEKDAY(TODAY(),2)+7),"Follow-This Week", IF(AND(L89>=TODAY()-WEEKDAY(TODAY(),2)+8,L89<=TODAY()-WEEKDAY(TODAY(),2)+14),"Follow-Next Week",""))))) -> Completed | Y89: =IF(OR(P89<>""),"Completed",IF(O89="","", IF(O89<TODAY(),"Overdue", IF(AND(O89>=TODAY()-WEEKDAY(TODAY(),2)+1,O89<=TODAY()-WEEKDAY(TODAY(),2)+7),"Follow-This Week", IF(AND(O89>=TODAY()-WEEKDAY(TODAY(),2)+8,O89<=TODAY()-WEEKDAY(TODAY(),2)+14),"Follow-Next Week",""))))) -> Completed | Z89: =IF(OR(S89<>""),"Completed",IF(R89="","", IF(R89<TODAY(),"Overdue", IF(AND(R89>=TODAY()-WEEKDAY(TODAY(),2)+1,R89<=TODAY()-WEEKDAY(TODAY(),2)+7),"Follow-This Week", IF(AND(R89>=TODAY()-WEEKDAY(TODAY(),2)+8,R89<=TODAY()-WEEKDAY(TODAY(),2)+14),"Follow-Next Week",""))))) -> Completed | AA89: =IF(OR(V89<>""),"Completed",IF(U89="","", IF(U89<TODAY(),"Overdue", IF(AND(U89>=TODAY()-WEEKDAY(TODAY(),2)+1,U89<=TODAY()-WEEKDAY(TODAY(),2)+7),"Follow-This Week", IF(AND(U89>=TODAY()-WEEKDAY(TODAY(),2)+8,U89<=TODAY()-WEEKDAY(TODAY(),2)+14),"Follow-Next Week",""))))) -> Completed
A90: ZAWTIKA Z1F TS | B90: GENERIC | C90: DWG | D90: MM-ZTK-1F-ZWPX-STR-DWG-1001 | E90: TOPSIDE - DRAWING INDEX - SHEET 1 | F90: =(COUNTIFS(K90,"<="&$D$1)*50%)+(COUNTIFS(N90,"<="&$D$1)*20%)+(COUNTIFS(Q90,"<="&$D$1)*10%)+(COUNTIFS(T90,"<="&$D$1)*20%) -> 0.5 | G90: =(COUNTIFS(L90,"<="&$D$1)*50%)+(COUNTIFS(O90,"<="&$D$1)*20%)+(COUNTIFS(R90,"<="&$D$1)*10%)+(COUNTIFS(U90,"<="&$D$1)*20%) -> 0.5 | H90: =(COUNTIFS(M90,"<="&$D$1)*50%)+(COUNTIFS(P90,"<="&$D$1)*20%)+(COUNTIFS(S90,"<="&$D$1)*10%)+(COUNTIFS(V90,"<="&$D$1)*20%) -> 0 | I90: =H90-F90 -> -0.5 | J90: 0.05 | K90: 46234 | L90: =K90 -> 46234 | N90: =K90+42 -> 46276 | O90: =N90 -> 46276 | Q90: =N90+42 -> 46318 | R90: =Q90 -> 46318 | T90: =Q90+14 -> 46332 | U90: =T90 -> 46332 | X90: =IF(OR(M90<>""),"Completed", IF(L90="","",IF(L90<TODAY(),"Overdue", IF(AND(L90>=TODAY()-WEEKDAY(TODAY(),2)+1,L90<=TODAY()-WEEKDAY(TODAY(),2)+7),"Follow-This Week", IF(AND(L90>=TODAY()-WEEKDAY(TODAY(),2)+8,L90<=TODAY()-WEEKDAY(TODAY(),2)+14),"Follow-Next Week",""))))) -> Overdue | Y90: =IF(OR(P90<>""),"Completed",IF(O90="","", IF(O90<TODAY(),"Overdue", IF(AND(O90>=TODAY()-WEEKDAY(TODAY(),2)+1,O90<=TODAY()-WEEKDAY(TODAY(),2)+7),"Follow-This Week", IF(AND(O90>=TODAY()-WEEKDAY(TODAY(),2)+8,O90<=TODAY()-WEEKDAY(TODAY(),2)+14),"Follow-Next Week",""))))) | Z90: =IF(OR(S90<>""),"Completed",IF(R90="","", IF(R90<TODAY(),"Overdue", IF(AND(R90>=TODAY()-WEEKDAY(TODAY(),2)+1,R90<=TODAY()-WEEKDAY(TODAY(),2)+7),"Follow-This Week", IF(AND(R90>=TODAY()-WEEKDAY(TODAY(),2)+8,R90<=TODAY()-WEEKDAY(TODAY(),2)+14),"Follow-Next Week",""))))) | AA90: =IF(OR(V90<>""),"Completed",IF(U90="","", IF(U90<TODAY(),"Overdue", IF(AND(U90>=TODAY()-WEEKDAY(TODAY(),2)+1,U90<=TODAY()-WEEKDAY(TODAY(),2)+7),"Follow-This Week", IF(AND(U90>=TODAY()-WEEKDAY(TODAY(),2)+8,U90<=TODAY()-WEEKDAY(TODAY(),2)+14),"Follow-Next Week","")))))
A91: ZAWTIKA Z1F TS | B91: GENERIC | C91: DWG | D91: MM-ZTK-1F-ZWPX-STR-DWG-1002 | E91: TOPSIDE - DRAWING INDEX - SHEET 2 | F91: =(COUNTIFS(K91,"<="&$D$1)*50%)+(COUNTIFS(N91,"<="&$D$1)*20%)+(COUNTIFS(Q91,"<="&$D$1)*10%)+(COUNTIFS(T91,"<="&$D$1)*20%) -> 0.5 | G91: =(COUNTIFS(L91,"<="&$D$1)*50%)+(COUNTIFS(O91,"<="&$D$1)*20%)+(COUNTIFS(R91,"<="&$D$1)*10%)+(COUNTIFS(U91,"<="&$D$1)*20%) -> 0.5 | H91: =(COUNTIFS(M91,"<="&$D$1)*50%)+(COUNTIFS(P91,"<="&$D$1)*20%)+(COUNTIFS(S91,"<="&$D$1)*10%)+(COUNTIFS(V91,"<="&$D$1)*20%) -> 0 | I91: =H91-F91 -> -0.5 | J91: 0.05 | K91: 46234 | L91: =K91 -> 46234 | N91: =K91+42 -> 46276 | O91: =N91 -> 46276 | Q91: =N91+42 -> 46318 | R91: =Q91 -> 46318 | T91: =Q91+14 -> 46332 | U91: =T91 -> 46332 | X91: =IF(OR(M91<>""),"Completed", IF(L91="","",IF(L91<TODAY(),"Overdue", IF(AND(L91>=TODAY()-WEEKDAY(TODAY(),2)+1,L91<=TODAY()-WEEKDAY(TODAY(),2)+7),"Follow-This Week", IF(AND(L91>=TODAY()-WEEKDAY(TODAY(),2)+8,L91<=TODAY()-WEEKDAY(TODAY(),2)+14),"Follow-Next Week",""))))) -> Overdue | Y91: =IF(OR(P91<>""),"Completed",IF(O91="","", IF(O91<TODAY(),"Overdue", IF(AND(O91>=TODAY()-WEEKDAY(TODAY(),2)+1,O91<=TODAY()-WEEKDAY(TODAY(),2)+7),"Follow-This Week", IF(AND(O91>=TODAY()-WEEKDAY(TODAY(),2)+8,O91<=TODAY()-WEEKDAY(TODAY(),2)+14),"Follow-Next Week",""))))) | Z91: =IF(OR(S91<>""),"Completed",IF(R91="","", IF(R91<TODAY(),"Overdue", IF(AND(R91>=TODAY()-WEEKDAY(TODAY(),2)+1,R91<=TODAY()-WEEKDAY(TODAY(),2)+7),"Follow-This Week", IF(AND(R91>=TODAY()-WEEKDAY(TODAY(),2)+8,R91<=TODAY()-WEEKDAY(TODAY(),2)+14),"Follow-Next Week",""))))) | AA91: =IF(OR(V91<>""),"Completed",IF(U91="","", IF(U91<TODAY(),"Overdue", IF(AND(U91>=TODAY()-WEEKDAY(TODAY(),2)+1,U91<=TODAY()-WEEKDAY(TODAY(),2)+7),"Follow-This Week", IF(AND(U91>=TODAY()-WEEKDAY(TODAY(),2)+8,U91<=TODAY()-WEEKDAY(TODAY(),2)+14),"Follow-Next Week","")))))
A92: ZAWTIKA Z1F TS | B92: GENERIC | C92: DWG | D92: MM-ZTK-1F-ZWPX-STR-DWG-1003 | E92: TOPSIDE - DRAWING INDEX - SHEET 3 | F92: =(COUNTIFS(K92,"<="&$D$1)*50%)+(COUNTIFS(N92,"<="&$D$1)*20%)+(COUNTIFS(Q92,"<="&$D$1)*10%)+(COUNTIFS(T92,"<="&$D$1)*20%) -> 0.5 | G92: =(COUNTIFS(L92,"<="&$D$1)*50%)+(COUNTIFS(O92,"<="&$D$1)*20%)+(COUNTIFS(R92,"<="&$D$1)*10%)+(COUNTIFS(U92,"<="&$D$1)*20%) -> 0.5 | H92: =(COUNTIFS(M92,"<="&$D$1)*50%)+(COUNTIFS(P92,"<="&$D$1)*20%)+(COUNTIFS(S92,"<="&$D$1)*10%)+(COUNTIFS(V92,"<="&$D$1)*20%) -> 0 | I92: =H92-F92 -> -0.5 | J92: 0.05 | K92: 46234 | L92: =K92 -> 46234 | N92: =K92+42 -> 46276 | O92: =N92 -> 46276 | Q92: =N92+42 -> 46318 | R92: =Q92 -> 46318 | T92: =Q92+14 -> 46332 | U92: =T92 -> 46332 | X92: =IF(OR(M92<>""),"Completed", IF(L92="","",IF(L92<TODAY(),"Overdue", IF(AND(L92>=TODAY()-WEEKDAY(TODAY(),2)+1,L92<=TODAY()-WEEKDAY(TODAY(),2)+7),"Follow-This Week", IF(AND(L92>=TODAY()-WEEKDAY(TODAY(),2)+8,L92<=TODAY()-WEEKDAY(TODAY(),2)+14),"Follow-Next Week",""))))) -> Overdue | Y92: =IF(OR(P92<>""),"Completed",IF(O92="","", IF(O92<TODAY(),"Overdue", IF(AND(O92>=TODAY()-WEEKDAY(TODAY(),2)+1,O92<=TODAY()-WEEKDAY(TODAY(),2)+7),"Follow-This Week", IF(AND(O92>=TODAY()-WEEKDAY(TODAY(),2)+8,O92<=TODAY()-WEEKDAY(TODAY(),2)+14),"Follow-Next Week",""))))) | Z92: =IF(OR(S92<>""),"Completed",IF(R92="","", IF(R92<TODAY(),"Overdue", IF(AND(R92>=TODAY()-WEEKDAY(TODAY(),2)+1,R92<=TODAY()-WEEKDAY(TODAY(),2)+7),"Follow-This Week", IF(AND(R92>=TODAY()-WEEKDAY(TODAY(),2)+8,R92<=TODAY()-WEEKDAY(TODAY(),2)+14),"Follow-Next Week",""))))) | AA92: =IF(OR(V92<>""),"Completed",IF(U92="","", IF(U92<TODAY(),"Overdue", IF(AND(U92>=TODAY()-WEEKDAY(TODAY(),2)+1,U92<=TODAY()-WEEKDAY(TODAY(),2)+7),"Follow-This Week", IF(AND(U92>=TODAY()-WEEKDAY(TODAY(),2)+8,U92<=TODAY()-WEEKDAY(TODAY(),2)+14),"Follow-Next Week","")))))
A93: ZAWTIKA Z1F TS | B93: GENERIC | C93: DWG | D93: MM-ZTK-1F-ZWPX-STR-DWG-1005 | E93: TOPSIDE - DECK DESIGN LOADING DIAGRAMS | F93: =(COUNTIFS(K93,"<="&$D$1)*50%)+(COUNTIFS(N93,"<="&$D$1)*20%)+(COUNTIFS(Q93,"<="&$D$1)*10%)+(COUNTIFS(T93,"<="&$D$1)*20%) -> 0.5 | G93: =(COUNTIFS(L93,"<="&$D$1)*50%)+(COUNTIFS(O93,"<="&$D$1)*20%)+(COUNTIFS(R93,"<="&$D$1)*10%)+(COUNTIFS(U93,"<="&$D$1)*20%) -> 0.5 | H93: =(COUNTIFS(M93,"<="&$D$1)*50%)+(COUNTIFS(P93,"<="&$D$1)*20%)+(COUNTIFS(S93,"<="&$D$1)*10%)+(COUNTIFS(V93,"<="&$D$1)*20%) -> 0.7 | I93: =H93-F93 -> 0.2 | J93: 0.15 | K93: 46234 | L93: =K93 -> 46234 | M93: 46150 | N93: =K93+42 -> 46276 | O93: =N93 -> 46276 | P93: 46227 | Q93: =N93+42 -> 46318 | R93: =Q93 -> 46318 | T93: =Q93+14 -> 46332 | U93: =T93 -> 46332 | X93: =IF(OR(M93<>""),"Completed", IF(L93="","",IF(L93<TODAY(),"Overdue", IF(AND(L93>=TODAY()-WEEKDAY(TODAY(),2)+1,L93<=TODAY()-WEEKDAY(TODAY(),2)+7),"Follow-This Week", IF(AND(L93>=TODAY()-WEEKDAY(TODAY(),2)+8,L93<=TODAY()-WEEKDAY(TODAY(),2)+14),"Follow-Next Week",""))))) -> Completed | Y93: =IF(OR(P93<>""),"Completed",IF(O93="","", IF(O93<TODAY(),"Overdue", IF(AND(O93>=TODAY()-WEEKDAY(TODAY(),2)+1,O93<=TODAY()-WEEKDAY(TODAY(),2)+7),"Follow-This Week", IF(AND(O93>=TODAY()-WEEKDAY(TODAY(),2)+8,O93<=TODAY()-WEEKDAY(TODAY(),2)+14),"Follow-Next Week",""))))) -> Completed | Z93: =IF(OR(S93<>""),"Completed",IF(R93="","", IF(R93<TODAY(),"Overdue", IF(AND(R93>=TODAY()-WEEKDAY(TODAY(),2)+1,R93<=TODAY()-WEEKDAY(TODAY(),2)+7),"Follow-This Week", IF(AND(R93>=TODAY()-WEEKDAY(TODAY(),2)+8,R93<=TODAY()-WEEKDAY(TODAY(),2)+14),"Follow-Next Week",""))))) | AA93: =IF(OR(V93<>""),"Completed",IF(U93="","", IF(U93<TODAY(),"Overdue", IF(AND(U93>=TODAY()-WEEKDAY(TODAY(),2)+1,U93<=TODAY()-WEEKDAY(TODAY(),2)+7),"Follow-This Week", IF(AND(U93>=TODAY()-WEEKDAY(TODAY(),2)+8,U93<=TODAY()-WEEKDAY(TODAY(),2)+14),"Follow-Next Week","")))))
A94: ZAWTIKA Z1F TS | B94: GENERIC | C94: DWG | D94: MM-ZTK-1F-ZWPX-STR-DWG-1100 | E94: TOPSIDE - UPPER DECK PRIMARY STEEL - FRAMING PLAN | F94: =(COUNTIFS(K94,"<="&$D$1)*50%)+(COUNTIFS(N94,"<="&$D$1)*20%)+(COUNTIFS(Q94,"<="&$D$1)*10%)+(COUNTIFS(T94,"<="&$D$1)*20%) -> 0.7 | G94: =(COUNTIFS(L94,"<="&$D$1)*50%)+(COUNTIFS(O94,"<="&$D$1)*20%)+(COUNTIFS(R94,"<="&$D$1)*10%)+(COUNTIFS(U94,"<="&$D$1)*20%) -> 0.7 | H94: =(COUNTIFS(M94,"<="&$D$1)*50%)+(COUNTIFS(P94,"<="&$D$1)*20%)+(COUNTIFS(S94,"<="&$D$1)*10%)+(COUNTIFS(V94,"<="&$D$1)*20%) -> 0.7 | I94: =H94-F94 -> 0 | J94: 0.15 | K94: 46171 | L94: =K94 -> 46171 | M94: 46150 | N94: =K94+42 -> 46213 | O94: =N94 -> 46213 | P94: 46227 | Q94: =N94+42 -> 46255 | R94: =Q94 -> 46255 | T94: =Q94+14 -> 46269 | U94: =T94 -> 46269 | X94: =IF(OR(M94<>""),"Completed", IF(L94="","",IF(L94<TODAY(),"Overdue", IF(AND(L94>=TODAY()-WEEKDAY(TODAY(),2)+1,L94<=TODAY()-WEEKDAY(TODAY(),2)+7),"Follow-This Week", IF(AND(L94>=TODAY()-WEEKDAY(TODAY(),2)+8,L94<=TODAY()-WEEKDAY(TODAY(),2)+14),"Follow-Next Week",""))))) -> Completed | Y94: =IF(OR(P94<>""),"Completed",IF(O94="","", IF(O94<TODAY(),"Overdue", IF(AND(O94>=TODAY()-WEEKDAY(TODAY(),2)+1,O94<=TODAY()-WEEKDAY(TODAY(),2)+7),"Follow-This Week", IF(AND(O94>=TODAY()-WEEKDAY(TODAY(),2)+8,O94<=TODAY()-WEEKDAY(TODAY(),2)+14),"Follow-Next Week",""))))) -> Completed | Z94: =IF(OR(S94<>""),"Completed",IF(R94="","", IF(R94<TODAY(),"Overdue", IF(AND(R94>=TODAY()-WEEKDAY(TODAY(),2)+1,R94<=TODAY()-WEEKDAY(TODAY(),2)+7),"Follow-This Week", IF(AND(R94>=TODAY()-WEEKDAY(TODAY(),2)+8,R94<=TODAY()-WEEKDAY(TODAY(),2)+14),"Follow-Next Week",""))))) | AA94: =IF(OR(V94<>""),"Completed",IF(U94="","", IF(U94<TODAY(),"Overdue", IF(AND(U94>=TODAY()-WEEKDAY(TODAY(),2)+1,U94<=TODAY()-WEEKDAY(TODAY(),2)+7),"Follow-This Week", IF(AND(U94>=TODAY()-WEEKDAY(TODAY(),2)+8,U94<=TODAY()-WEEKDAY(TODAY(),2)+14),"Follow-Next Week","")))))
A95: ZAWTIKA Z1F TS | B95: GENERIC | C95: DWG | D95: MM-ZTK-1F-ZWPX-STR-DWG-1101 | E95: TOPSIDE - LOWER DECK PRIMARY STEEL - FRAMING PLAN | F95: =(COUNTIFS(K95,"<="&$D$1)*50%)+(COUNTIFS(N95,"<="&$D$1)*20%)+(COUNTIFS(Q95,"<="&$D$1)*10%)+(COUNTIFS(T95,"<="&$D$1)*20%) -> 0.7 | G95: =(COUNTIFS(L95,"<="&$D$1)*50%)+(COUNTIFS(O95,"<="&$D$1)*20%)+(COUNTIFS(R95,"<="&$D$1)*10%)+(COUNTIFS(U95,"<="&$D$1)*20%) -> 0.7 | H95: =(COUNTIFS(M95,"<="&$D$1)*50%)+(COUNTIFS(P95,"<="&$D$1)*20%)+(COUNTIFS(S95,"<="&$D$1)*10%)+(COUNTIFS(V95,"<="&$D$1)*20%) -> 0.8 | I95: =H95-F95 -> 0.1 | J95: 0.15 | K95: 46171 | L95: =K95 -> 46171 | M95: 46150 | N95: =K95+42 -> 46213 | O95: =N95 -> 46213 | P95: 46227 | Q95: =N95+42 -> 46255 | R95: =Q95 -> 46255 | S95: 46227 | T95: =Q95+14 -> 46269 | U95: =T95 -> 46269 | X95: =IF(OR(M95<>""),"Completed", IF(L95="","",IF(L95<TODAY(),"Overdue", IF(AND(L95>=TODAY()-WEEKDAY(TODAY(),2)+1,L95<=TODAY()-WEEKDAY(TODAY(),2)+7),"Follow-This Week", IF(AND(L95>=TODAY()-WEEKDAY(TODAY(),2)+8,L95<=TODAY()-WEEKDAY(TODAY(),2)+14),"Follow-Next Week",""))))) -> Completed | Y95: =IF(OR(P95<>""),"Completed",IF(O95="","", IF(O95<TODAY(),"Overdue", IF(AND(O95>=TODAY()-WEEKDAY(TODAY(),2)+1,O95<=TODAY()-WEEKDAY(TODAY(),2)+7),"Follow-This Week", IF(AND(O95>=TODAY()-WEEKDAY(TODAY(),2)+8,O95<=TODAY()-WEEKDAY(TODAY(),2)+14),"Follow-Next Week",""))))) -> Completed | Z95: =IF(OR(S95<>""),"Completed",IF(R95="","", IF(R95<TODAY(),"Overdue", IF(AND(R95>=TODAY()-WEEKDAY(TODAY(),2)+1,R95<=TODAY()-WEEKDAY(TODAY(),2)+7),"Follow-This Week", IF(AND(R95>=TODAY()-WEEKDAY(TODAY(),2)+8,R95<=TODAY()-WEEKDAY(TODAY(),2)+14),"Follow-Next Week",""))))) -> Completed | AA95: =IF(OR(V95<>""),"Completed",IF(U95="","", IF(U95<TODAY(),"Overdue", IF(AND(U95>=TODAY()-WEEKDAY(TODAY(),2)+1,U95<=TODAY()-WEEKDAY(TODAY(),2)+7),"Follow-This Week", IF(AND(U95>=TODAY()-WEEKDAY(TODAY(),2)+8,U95<=TODAY()-WEEKDAY(TODAY(),2)+14),"Follow-Next Week","")))))
A96: ZAWTIKA Z1F TS | B96: GENERIC | C96: DWG | D96: MM-ZTK-1F-ZWPX-STR-DWG-1102 | E96: TOPSIDE - ELEVATION TRUSS ROW 'A' | F96: =(COUNTIFS(K96,"<="&$D$1)*50%)+(COUNTIFS(N96,"<="&$D$1)*20%)+(COUNTIFS(Q96,"<="&$D$1)*10%)+(COUNTIFS(T96,"<="&$D$1)*20%) -> 0.7 | G96: =(COUNTIFS(L96,"<="&$D$1)*50%)+(COUNTIFS(O96,"<="&$D$1)*20%)+(COUNTIFS(R96,"<="&$D$1)*10%)+(COUNTIFS(U96,"<="&$D$1)*20%) -> 0.7 | H96: =(COUNTIFS(M96,"<="&$D$1)*50%)+(COUNTIFS(P96,"<="&$D$1)*20%)+(COUNTIFS(S96,"<="&$D$1)*10%)+(COUNTIFS(V96,"<="&$D$1)*20%) -> 0.7 | I96: =H96-F96 -> 0 | J96: 0.15 | K96: 46171 | L96: =K96 -> 46171 | M96: 46150 | N96: =K96+42 -> 46213 | O96: =N96 -> 46213 | P96: 46227 | Q96: =N96+42 -> 46255 | R96: =Q96 -> 46255 | T96: =Q96+14 -> 46269 | U96: =T96 -> 46269 | X96: =IF(OR(M96<>""),"Completed", IF(L96="","",IF(L96<TODAY(),"Overdue", IF(AND(L96>=TODAY()-WEEKDAY(TODAY(),2)+1,L96<=TODAY()-WEEKDAY(TODAY(),2)+7),"Follow-This Week", IF(AND(L96>=TODAY()-WEEKDAY(TODAY(),2)+8,L96<=TODAY()-WEEKDAY(TODAY(),2)+14),"Follow-Next Week",""))))) -> Completed | Y96: =IF(OR(P96<>""),"Completed",IF(O96="","", IF(O96<TODAY(),"Overdue", IF(AND(O96>=TODAY()-WEEKDAY(TODAY(),2)+1,O96<=TODAY()-WEEKDAY(TODAY(),2)+7),"Follow-This Week", IF(AND(O96>=TODAY()-WEEKDAY(TODAY(),2)+8,O96<=TODAY()-WEEKDAY(TODAY(),2)+14),"Follow-Next Week",""))))) -> Completed | Z96: =IF(OR(S96<>""),"Completed",IF(R96="","", IF(R96<TODAY(),"Overdue", IF(AND(R96>=TODAY()-WEEKDAY(TODAY(),2)+1,R96<=TODAY()-WEEKDAY(TODAY(),2)+7),"Follow-This Week", IF(AND(R96>=TODAY()-WEEKDAY(TODAY(),2)+8,R96<=TODAY()-WEEKDAY(TODAY(),2)+14),"Follow-Next Week",""))))) | AA96: =IF(OR(V96<>""),"Completed",IF(U96="","", IF(U96<TODAY(),"Overdue", IF(AND(U96>=TODAY()-WEEKDAY(TODAY(),2)+1,U96<=TODAY()-WEEKDAY(TODAY(),2)+7),"Follow-This Week", IF(AND(U96>=TODAY()-WEEKDAY(TODAY(),2)+8,U96<=TODAY()-WEEKDAY(TODAY(),2)+14),"Follow-Next Week","")))))
A97: ZAWTIKA Z1F TS | B97: GENERIC | C97: DWG | D97: MM-ZTK-1F-ZWPX-STR-DWG-1103 | E97: TOPSIDE - ELEVATION TRUSS ROW 'B' | F97: =(COUNTIFS(K97,"<="&$D$1)*50%)+(COUNTIFS(N97,"<="&$D$1)*20%)+(COUNTIFS(Q97,"<="&$D$1)*10%)+(COUNTIFS(T97,"<="&$D$1)*20%) -> 0.7 | G97: =(COUNTIFS(L97,"<="&$D$1)*50%)+(COUNTIFS(O97,"<="&$D$1)*20%)+(COUNTIFS(R97,"<="&$D$1)*10%)+(COUNTIFS(U97,"<="&$D$1)*20%) -> 0.7 | H97: =(COUNTIFS(M97,"<="&$D$1)*50%)+(COUNTIFS(P97,"<="&$D$1)*20%)+(COUNTIFS(S97,"<="&$D$1)*10%)+(COUNTIFS(V97,"<="&$D$1)*20%) -> 0.7 | I97: =H97-F97 -> 0 | J97: 0.15 | K97: 46171 | L97: =K97 -> 46171 | M97: 46150 | N97: =K97+42 -> 46213 | O97: =N97 -> 46213 | P97: 46227 | Q97: =N97+42 -> 46255 | R97: =Q97 -> 46255 | T97: =Q97+14 -> 46269 | U97: =T97 -> 46269 | X97: =IF(OR(M97<>""),"Completed", IF(L97="","",IF(L97<TODAY(),"Overdue", IF(AND(L97>=TODAY()-WEEKDAY(TODAY(),2)+1,L97<=TODAY()-WEEKDAY(TODAY(),2)+7),"Follow-This Week", IF(AND(L97>=TODAY()-WEEKDAY(TODAY(),2)+8,L97<=TODAY()-WEEKDAY(TODAY(),2)+14),"Follow-Next Week",""))))) -> Completed | Y97: =IF(OR(P97<>""),"Completed",IF(O97="","", IF(O97<TODAY(),"Overdue", IF(AND(O97>=TODAY()-WEEKDAY(TODAY(),2)+1,O97<=TODAY()-WEEKDAY(TODAY(),2)+7),"Follow-This Week", IF(AND(O97>=TODAY()-WEEKDAY(TODAY(),2)+8,O97<=TODAY()-WEEKDAY(TODAY(),2)+14),"Follow-Next Week",""))))) -> Completed | Z97: =IF(OR(S97<>""),"Completed",IF(R97="","", IF(R97<TODAY(),"Overdue", IF(AND(R97>=TODAY()-WEEKDAY(TODAY(),2)+1,R97<=TODAY()-WEEKDAY(TODAY(),2)+7),"Follow-This Week", IF(AND(R97>=TODAY()-WEEKDAY(TODAY(),2)+8,R97<=TODAY()-WEEKDAY(TODAY(),2)+14),"Follow-Next Week",""))))) | AA97: =IF(OR(V97<>""),"Completed",IF(U97="","", IF(U97<TODAY(),"Overdue", IF(AND(U97>=TODAY()-WEEKDAY(TODAY(),2)+1,U97<=TODAY()-WEEKDAY(TODAY(),2)+7),"Follow-This Week", IF(AND(U97>=TODAY()-WEEKDAY(TODAY(),2)+8,U97<=TODAY()-WEEKDAY(TODAY(),2)+14),"Follow-Next Week","")))))
A98: ZAWTIKA Z1F TS | B98: GENERIC | C98: DWG | D98: MM-ZTK-1F-ZWPX-STR-DWG-1104 | E98: TOPSIDE - ELEVATION TRUSS ROW '1' | F98: =(COUNTIFS(K98,"<="&$D$1)*50%)+(COUNTIFS(N98,"<="&$D$1)*20%)+(COUNTIFS(Q98,"<="&$D$1)*10%)+(COUNTIFS(T98,"<="&$D$1)*20%) -> 0.7 | G98: =(COUNTIFS(L98,"<="&$D$1)*50%)+(COUNTIFS(O98,"<="&$D$1)*20%)+(COUNTIFS(R98,"<="&$D$1)*10%)+(COUNTIFS(U98,"<="&$D$1)*20%) -> 0.7 | H98: =(COUNTIFS(M98,"<="&$D$1)*50%)+(COUNTIFS(P98,"<="&$D$1)*20%)+(COUNTIFS(S98,"<="&$D$1)*10%)+(COUNTIFS(V98,"<="&$D$1)*20%) -> 0.7 | I98: =H98-F98 -> 0 | J98: 0.15 | K98: 46171 | L98: =K98 -> 46171 | M98: 46150 | N98: =K98+42 -> 46213 | O98: =N98 -> 46213 | P98: 46227 | Q98: =N98+42 -> 46255 | R98: =Q98 -> 46255 | T98: =Q98+14 -> 46269 | U98: =T98 -> 46269 | X98: =IF(OR(M98<>""),"Completed", IF(L98="","",IF(L98<TODAY(),"Overdue", IF(AND(L98>=TODAY()-WEEKDAY(TODAY(),2)+1,L98<=TODAY()-WEEKDAY(TODAY(),2)+7),"Follow-This Week", IF(AND(L98>=TODAY()-WEEKDAY(TODAY(),2)+8,L98<=TODAY()-WEEKDAY(TODAY(),2)+14),"Follow-Next Week",""))))) -> Completed | Y98: =IF(OR(P98<>""),"Completed",IF(O98="","", IF(O98<TODAY(),"Overdue", IF(AND(O98>=TODAY()-WEEKDAY(TODAY(),2)+1,O98<=TODAY()-WEEKDAY(TODAY(),2)+7),"Follow-This Week", IF(AND(O98>=TODAY()-WEEKDAY(TODAY(),2)+8,O98<=TODAY()-WEEKDAY(TODAY(),2)+14),"Follow-Next Week",""))))) -> Completed | Z98: =IF(OR(S98<>""),"Completed",IF(R98="","", IF(R98<TODAY(),"Overdue", IF(AND(R98>=TODAY()-WEEKDAY(TODAY(),2)+1,R98<=TODAY()-WEEKDAY(TODAY(),2)+7),"Follow-This Week", IF(AND(R98>=TODAY()-WEEKDAY(TODAY(),2)+8,R98<=TODAY()-WEEKDAY(TODAY(),2)+14),"Follow-Next Week",""))))) | AA98: =IF(OR(V98<>""),"Completed",IF(U98="","", IF(U98<TODAY(),"Overdue", IF(AND(U98>=TODAY()-WEEKDAY(TODAY(),2)+1,U98<=TODAY()-WEEKDAY(TODAY(),2)+7),"Follow-This Week", IF(AND(U98>=TODAY()-WEEKDAY(TODAY(),2)+8,U98<=TODAY()-WEEKDAY(TODAY(),2)+14),"Follow-Next Week","")))))
A99: ZAWTIKA Z1F TS | B99: GENERIC | C99: DWG | D99: MM-ZTK-1F-ZWPX-STR-DWG-1105 | E99: TOPSIDE - ELEVATION TRUSS ROW '2' | F99: =(COUNTIFS(K99,"<="&$D$1)*50%)+(COUNTIFS(N99,"<="&$D$1)*20%)+(COUNTIFS(Q99,"<="&$D$1)*10%)+(COUNTIFS(T99,"<="&$D$1)*20%) -> 0.7 | G99: =(COUNTIFS(L99,"<="&$D$1)*50%)+(COUNTIFS(O99,"<="&$D$1)*20%)+(COUNTIFS(R99,"<="&$D$1)*10%)+(COUNTIFS(U99,"<="&$D$1)*20%) -> 0.7 | H99: =(COUNTIFS(M99,"<="&$D$1)*50%)+(COUNTIFS(P99,"<="&$D$1)*20%)+(COUNTIFS(S99,"<="&$D$1)*10%)+(COUNTIFS(V99,"<="&$D$1)*20%) -> 0.7 | I99: =H99-F99 -> 0 | J99: 0.15 | K99: 46171 | L99: =K99 -> 46171 | M99: 46150 | N99: =K99+42 -> 46213 | O99: =N99 -> 46213 | P99: 46227 | Q99: =N99+42 -> 46255 | R99: =Q99 -> 46255 | T99: =Q99+14 -> 46269 | U99: =T99 -> 46269 | X99: =IF(OR(M99<>""),"Completed", IF(L99="","",IF(L99<TODAY(),"Overdue", IF(AND(L99>=TODAY()-WEEKDAY(TODAY(),2)+1,L99<=TODAY()-WEEKDAY(TODAY(),2)+7),"Follow-This Week", IF(AND(L99>=TODAY()-WEEKDAY(TODAY(),2)+8,L99<=TODAY()-WEEKDAY(TODAY(),2)+14),"Follow-Next Week",""))))) -> Completed | Y99: =IF(OR(P99<>""),"Completed",IF(O99="","", IF(O99<TODAY(),"Overdue", IF(AND(O99>=TODAY()-WEEKDAY(TODAY(),2)+1,O99<=TODAY()-WEEKDAY(TODAY(),2)+7),"Follow-This Week", IF(AND(O99>=TODAY()-WEEKDAY(TODAY(),2)+8,O99<=TODAY()-WEEKDAY(TODAY(),2)+14),"Follow-Next Week",""))))) -> Completed | Z99: =IF(OR(S99<>""),"Completed",IF(R99="","", IF(R99<TODAY(),"Overdue", IF(AND(R99>=TODAY()-WEEKDAY(TODAY(),2)+1,R99<=TODAY()-WEEKDAY(TODAY(),2)+7),"Follow-This Week", IF(AND(R99>=TODAY()-WEEKDAY(TODAY(),2)+8,R99<=TODAY()-WEEKDAY(TODAY(),2)+14),"Follow-Next Week",""))))) | AA99: =IF(OR(V99<>""),"Completed",IF(U99="","", IF(U99<TODAY(),"Overdue", IF(AND(U99>=TODAY()-WEEKDAY(TODAY(),2)+1,U99<=TODAY()-WEEKDAY(TODAY(),2)+7),"Follow-This Week", IF(AND(U99>=TODAY()-WEEKDAY(TODAY(),2)+8,U99<=TODAY()-WEEKDAY(TODAY(),2)+14),"Follow-Next Week","")))))
A100: ZAWTIKA Z1F TS | B100: GENERIC | C100: DWG | D100: MM-ZTK-1F-ZWPX-STR-DWG-1106 | E100: TOPSIDE - SECTIONS | F100: =(COUNTIFS(K100,"<="&$D$1)*50%)+(COUNTIFS(N100,"<="&$D$1)*20%)+(COUNTIFS(Q100,"<="&$D$1)*10%)+(COUNTIFS(T100,"<="&$D$1)*20%) -> 0.7 | G100: =(COUNTIFS(L100,"<="&$D$1)*50%)+(COUNTIFS(O100,"<="&$D$1)*20%)+(COUNTIFS(R100,"<="&$D$1)*10%)+(COUNTIFS(U100,"<="&$D$1)*20%) -> 0.7 | H100: =(COUNTIFS(M100,"<="&$D$1)*50%)+(COUNTIFS(P100,"<="&$D$1)*20%)+(COUNTIFS(S100,"<="&$D$1)*10%)+(COUNTIFS(V100,"<="&$D$1)*20%) -> 0.7 | I100: =H100-F100 -> 0 | J100: 0.15 | K100: 46171 | L100: =K100 -> 46171 | M100: 46150 | N100: =K100+42 -> 46213 | O100: =N100 -> 46213 | P100: 46227 | Q100: =N100+42 -> 46255 | R100: =Q100 -> 46255 | T100: =Q100+14 -> 46269 | U100: =T100 -> 46269 | X100: =IF(OR(M100<>""),"Completed", IF(L100="","",IF(L100<TODAY(),"Overdue", IF(AND(L100>=TODAY()-WEEKDAY(TODAY(),2)+1,L100<=TODAY()-WEEKDAY(TODAY(),2)+7),"Follow-This Week", IF(AND(L100>=TODAY()-WEEKDAY(TODAY(),2)+8,L100<=TODAY()-WEEKDAY(TODAY(),2)+14),"Follow-Next Week",""))))) -> Completed | Y100: =IF(OR(P100<>""),"Completed",IF(O100="","", IF(O100<TODAY(),"Overdue", IF(AND(O100>=TODAY()-WEEKDAY(TODAY(),2)+1,O100<=TODAY()-WEEKDAY(TODAY(),2)+7),"Follow-This Week", IF(AND(O100>=TODAY()-WEEKDAY(TODAY(),2)+8,O100<=TODAY()-WEEKDAY(TODAY(),2)+14),"Follow-Next Week",""))))) -> Completed | Z100: =IF(OR(S100<>""),"Completed",IF(R100="","", IF(R100<TODAY(),"Overdue", IF(AND(R100>=TODAY()-WEEKDAY(TODAY(),2)+1,R100<=TODAY()-WEEKDAY(TODAY(),2)+7),"Follow-This Week", IF(AND(R100>=TODAY()-WEEKDAY(TODAY(),2)+8,R100<=TODAY()-WEEKDAY(TODAY(),2)+14),"Follow-Next Week",""))))) | AA100: =IF(OR(V100<>""),"Completed",IF(U100="","", IF(U100<TODAY(),"Overdue", IF(AND(U100>=TODAY()-WEEKDAY(TODAY(),2)+1,U100<=TODAY()-WEEKDAY(TODAY(),2)+7),"Follow-This Week", IF(AND(U100>=TODAY()-WEEKDAY(TODAY(),2)+8,U100<=TODAY()-WEEKDAY(TODAY(),2)+14),"Follow-Next Week","")))))
A101: ZAWTIKA Z1F TS | B101: GENERIC | C101: DWG | D101: MM-ZTK-1F-ZWPX-STR-DWG-1118 | E101: TOPSIDE - UPPER DECK JOINT DETAIL MARKING PLAN | F101: =(COUNTIFS(K101,"<="&$D$1)*50%)+(COUNTIFS(N101,"<="&$D$1)*20%)+(COUNTIFS(Q101,"<="&$D$1)*10%)+(COUNTIFS(T101,"<="&$D$1)*20%) -> 0.7 | G101: =(COUNTIFS(L101,"<="&$D$1)*50%)+(COUNTIFS(O101,"<="&$D$1)*20%)+(COUNTIFS(R101,"<="&$D$1)*10%)+(COUNTIFS(U101,"<="&$D$1)*20%) -> 0.7 | H101: =(COUNTIFS(M101,"<="&$D$1)*50%)+(COUNTIFS(P101,"<="&$D$1)*20%)+(COUNTIFS(S101,"<="&$D$1)*10%)+(COUNTIFS(V101,"<="&$D$1)*20%) -> 0.7 | I101: =H101-F101 -> 0 | J101: 0.15 | K101: 46178 | L101: =K101 -> 46178 | M101: 46150 | N101: =K101+42 -> 46220 | O101: =N101 -> 46220 | P101: 46227 | Q101: =N101+42 -> 46262 | R101: =Q101 -> 46262 | T101: =Q101+14 -> 46276 | U101: =T101 -> 46276 | X101: =IF(OR(M101<>""),"Completed", IF(L101="","",IF(L101<TODAY(),"Overdue", IF(AND(L101>=TODAY()-WEEKDAY(TODAY(),2)+1,L101<=TODAY()-WEEKDAY(TODAY(),2)+7),"Follow-This Week", IF(AND(L101>=TODAY()-WEEKDAY(TODAY(),2)+8,L101<=TODAY()-WEEKDAY(TODAY(),2)+14),"Follow-Next Week",""))))) -> Completed | Y101: =IF(OR(P101<>""),"Completed",IF(O101="","", IF(O101<TODAY(),"Overdue", IF(AND(O101>=TODAY()-WEEKDAY(TODAY(),2)+1,O101<=TODAY()-WEEKDAY(TODAY(),2)+7),"Follow-This Week", IF(AND(O101>=TODAY()-WEEKDAY(TODAY(),2)+8,O101<=TODAY()-WEEKDAY(TODAY(),2)+14),"Follow-Next Week",""))))) -> Completed | Z101: =IF(OR(S101<>""),"Completed",IF(R101="","", IF(R101<TODAY(),"Overdue", IF(AND(R101>=TODAY()-WEEKDAY(TODAY(),2)+1,R101<=TODAY()-WEEKDAY(TODAY(),2)+7),"Follow-This Week", IF(AND(R101>=TODAY()-WEEKDAY(TODAY(),2)+8,R101<=TODAY()-WEEKDAY(TODAY(),2)+14),"Follow-Next Week",""))))) | AA101: =IF(OR(V101<>""),"Completed",IF(U101="","", IF(U101<TODAY(),"Overdue", IF(AND(U101>=TODAY()-WEEKDAY(TODAY(),2)+1,U101<=TODAY()-WEEKDAY(TODAY(),2)+7),"Follow-This Week", IF(AND(U101>=TODAY()-WEEKDAY(TODAY(),2)+8,U101<=TODAY()-WEEKDAY(TODAY(),2)+14),"Follow-Next Week","")))))
A102: ZAWTIKA Z1F TS | B102: GENERIC | C102: DWG | D102: MM-ZTK-1F-ZWPX-STR-DWG-1119 | E102: TOPSIDE - LOWER DECK JOINT DETAIL MARKING PLAN | F102: =(COUNTIFS(K102,"<="&$D$1)*50%)+(COUNTIFS(N102,"<="&$D$1)*20%)+(COUNTIFS(Q102,"<="&$D$1)*10%)+(COUNTIFS(T102,"<="&$D$1)*20%) -> 0.7 | G102: =(COUNTIFS(L102,"<="&$D$1)*50%)+(COUNTIFS(O102,"<="&$D$1)*20%)+(COUNTIFS(R102,"<="&$D$1)*10%)+(COUNTIFS(U102,"<="&$D$1)*20%) -> 0.7 | H102: =(COUNTIFS(M102,"<="&$D$1)*50%)+(COUNTIFS(P102,"<="&$D$1)*20%)+(COUNTIFS(S102,"<="&$D$1)*10%)+(COUNTIFS(V102,"<="&$D$1)*20%) -> 0.7 | I102: =H102-F102 -> 0 | J102: 0.15 | K102: 46178 | L102: =K102 -> 46178 | M102: 46150 | N102: =K102+42 -> 46220 | O102: =N102 -> 46220 | P102: 46227 | Q102: =N102+42 -> 46262 | R102: =Q102 -> 46262 | T102: =Q102+14 -> 46276 | U102: =T102 -> 46276 | X102: =IF(OR(M102<>""),"Completed", IF(L102="","",IF(L102<TODAY(),"Overdue", IF(AND(L102>=TODAY()-WEEKDAY(TODAY(),2)+1,L102<=TODAY()-WEEKDAY(TODAY(),2)+7),"Follow-This Week", IF(AND(L102>=TODAY()-WEEKDAY(TODAY(),2)+8,L102<=TODAY()-WEEKDAY(TODAY(),2)+14),"Follow-Next Week",""))))) -> Completed | Y102: =IF(OR(P102<>""),"Completed",IF(O102="","", IF(O102<TODAY(),"Overdue", IF(AND(O102>=TODAY()-WEEKDAY(TODAY(),2)+1,O102<=TODAY()-WEEKDAY(TODAY(),2)+7),"Follow-This Week", IF(AND(O102>=TODAY()-WEEKDAY(TODAY(),2)+8,O102<=TODAY()-WEEKDAY(TODAY(),2)+14),"Follow-Next Week",""))))) -> Completed | Z102: =IF(OR(S102<>""),"Completed",IF(R102="","", IF(R102<TODAY(),"Overdue", IF(AND(R102>=TODAY()-WEEKDAY(TODAY(),2)+1,R102<=TODAY()-WEEKDAY(TODAY(),2)+7),"Follow-This Week", IF(AND(R102>=TODAY()-WEEKDAY(TODAY(),2)+8,R102<=TODAY()-WEEKDAY(TODAY(),2)+14),"Follow-Next Week",""))))) | AA102: =IF(OR(V102<>""),"Completed",IF(U102="","", IF(U102<TODAY(),"Overdue", IF(AND(U102>=TODAY()-WEEKDAY(TODAY(),2)+1,U102<=TODAY()-WEEKDAY(TODAY(),2)+7),"Follow-This Week", IF(AND(U102>=TODAY()-WEEKDAY(TODAY(),2)+8,U102<=TODAY()-WEEKDAY(TODAY(),2)+14),"Follow-Next Week","")))))
A103: ZAWTIKA Z1F TS | B103: GENERIC | C103: DWG | D103: MM-ZTK-1F-ZWPX-STR-DWG-1120 | E103: TOPSIDE - MAIN JOINT DETAILS - SHEET 1 | F103: =(COUNTIFS(K103,"<="&$D$1)*50%)+(COUNTIFS(N103,"<="&$D$1)*20%)+(COUNTIFS(Q103,"<="&$D$1)*10%)+(COUNTIFS(T103,"<="&$D$1)*20%) -> 0.7 | G103: =(COUNTIFS(L103,"<="&$D$1)*50%)+(COUNTIFS(O103,"<="&$D$1)*20%)+(COUNTIFS(R103,"<="&$D$1)*10%)+(COUNTIFS(U103,"<="&$D$1)*20%) -> 0.7 | H103: =(COUNTIFS(M103,"<="&$D$1)*50%)+(COUNTIFS(P103,"<="&$D$1)*20%)+(COUNTIFS(S103,"<="&$D$1)*10%)+(COUNTIFS(V103,"<="&$D$1)*20%) -> 0.7 | I103: =H103-F103 -> 0 | J103: 0.15 | K103: 46178 | L103: =K103 -> 46178 | M103: 46150 | N103: =K103+42 -> 46220 | O103: =N103 -> 46220 | P103: 46227 | Q103: =N103+42 -> 46262 | R103: =Q103 -> 46262 | T103: =Q103+14 -> 46276 | U103: =T103 -> 46276 | X103: =IF(OR(M103<>""),"Completed", IF(L103="","",IF(L103<TODAY(),"Overdue", IF(AND(L103>=TODAY()-WEEKDAY(TODAY(),2)+1,L103<=TODAY()-WEEKDAY(TODAY(),2)+7),"Follow-This Week", IF(AND(L103>=TODAY()-WEEKDAY(TODAY(),2)+8,L103<=TODAY()-WEEKDAY(TODAY(),2)+14),"Follow-Next Week",""))))) -> Completed | Y103: =IF(OR(P103<>""),"Completed",IF(O103="","", IF(O103<TODAY(),"Overdue", IF(AND(O103>=TODAY()-WEEKDAY(TODAY(),2)+1,O103<=TODAY()-WEEKDAY(TODAY(),2)+7),"Follow-This Week", IF(AND(O103>=TODAY()-WEEKDAY(TODAY(),2)+8,O103<=TODAY()-WEEKDAY(TODAY(),2)+14),"Follow-Next Week",""))))) -> Completed | Z103: =IF(OR(S103<>""),"Completed",IF(R103="","", IF(R103<TODAY(),"Overdue", IF(AND(R103>=TODAY()-WEEKDAY(TODAY(),2)+1,R103<=TODAY()-WEEKDAY(TODAY(),2)+7),"Follow-This Week", IF(AND(R103>=TODAY()-WEEKDAY(TODAY(),2)+8,R103<=TODAY()-WEEKDAY(TODAY(),2)+14),"Follow-Next Week",""))))) | AA103: =IF(OR(V103<>""),"Completed",IF(U103="","", IF(U103<TODAY(),"Overdue", IF(AND(U103>=TODAY()-WEEKDAY(TODAY(),2)+1,U103<=TODAY()-WEEKDAY(TODAY(),2)+7),"Follow-This Week", IF(AND(U103>=TODAY()-WEEKDAY(TODAY(),2)+8,U103<=TODAY()-WEEKDAY(TODAY(),2)+14),"Follow-Next Week","")))))
...

Sheet Overall S-Curves DDE Only
C4: Zawtika 1E
C5: Topsides Detailed Design
D10: 6 | E10: 7 | F10: 8 | G10: 9 | H10: 10 | I10: 11 | J10: 12 | K10: 13 | L10: 14 | M10: 15 | N10: 16 | O10: 17 | P10: 18 | Q10: 19 | R10: 20 | S10: 21 | T10: 22 | U10: 23 | V10: 24 | W10: 25 | X10: 26 | Y10: 27 | Z10: 28 | AA10: 29 | AB10: 30 | AC10: 31 | AD10: 32 | AE10: 33 | AF10: 34 | AG10: 35 | AH10: 36 | AI10: 37 | AJ10: 38 | AK10: 39 | AL10: 40 | AM10: 41 | AN10: 42 | AO10: 43 | AP10: 44 | AQ10: 45 | AR10: 46 | AS10: 47 | AT10: 48 | AU10: 49 | AV10: 50 | AW10: 51 | AX10: 52 | AY10: 53 | AZ10: 54 | BA10: 55 | BB10: 56 | BC10: 57 | BD10: 58 | BE10: 59 | BF10: 60 | BG10: 61 | BH10: 62 | BI10: 63 | BJ10: 64 | BK10: 65 | BL10: 66 | BM10: 67 | BN10: 68 | BO10: 69 | BP10: 70 | BQ10: 71 | BR10: 72 | BS10: 73 | BT10: 74 | BU10: 75 | BV10: 76 | BW10: 77 | BX10: 78 | BY10: 79 | BZ10: 80 | CA10: 81 | CB10: 82 | CC10: 83 | CD10: 84 | CE10: 85 | CF10: 86 | CG10: 87 | CH10: 88 | CI10: 89 | CJ10: 90 | CK10: 91 | CL10: 92 | CM10: 93 | CN10: 94 | CO10: 95 | CP10: 96 | CQ10: 97 | CR10: 98
