Workbook
Name B: #REF!
Name Cutoff_Date: HLOOKUP(#REF!,#REF!,2,FALSE)
Name Cutoff_Date: HLOOKUP(#REF!,#REF!,2,FALSE)
Name G: #REF!
Name Graph_Select: 'S-Curves'!$A$7&" | "&'S-Curves'!$A$8&IF('S-Curves'!$A$7="Structural Engineering"," | "&'S-Curves'!$A$11,"")
Name Graph_Select: #REF!&" | "&#REF!&IF(#REF!="Structural Engineering"," | "&#REF!,"")
Name H: #REF!
Name I: #REF!

Sheet Progress Summary
F1: =N1-1 -> 34 | G1: =O1-1 -> 34 | H1: =P1-1 -> 34 | I1: =Q1-1 -> 34 | N1: =_xlfn.XLOOKUP(D3,'Progress%'!6:6,'Progress%'!1:1,0) -> 35 | O1: =_xlfn.XLOOKUP(D3,'Progress%'!6:6,'Progress%'!1:1,0) -> 35 | P1: =N1 -> 35 | Q1: =P1 -> 35
D2: Cut_Off Date
D3: 46304
D5: Table 8: Work Package 1B EPCI Jacket & Pile DDE Progress by Platform
D6: Descriptions | E6: % WT | F6: Last Week Cumulative (%) | J6: This Week Period (%) | N6: Cumulative up to this week (%)
F7: Plan [A] | G7: Forecast [B] | H7: Actual [C] | I7: Var. [C-A] | J7: Plan [A] | K7: Forecast [B] | L7: Actual [C] | M7: Var. [C-A] | N7: Plan [A] | O7: Forecast [B] | P7: Actual [C] | Q7: Var. [C-A]
A8: ='Progress%'!A7 -> 7 | B8: =A8+1 -> 8 | C8: =B8+1 -> 9 | D8: ZWP-21 | E8: 0.25 | F8: {=INDEX('Progress%'!$A$1:$CT$37,'Progress Summary'!$A8,'Progress Summary'!F$1)} -> 0.83356 | G8: {=INDEX('Progress%'!$A$1:$CT$37,'Progress Summary'!$B8,'Progress Summary'!G$1)} -> 0.83356 | H8: {=INDEX('Progress%'!$A$1:$CT$37,'Progress Summary'!$C8,'Progress Summary'!H$1)} -> 0.815996 | I8: =H8-F8 -> -0.017564 | J8: =N8-F8 -> 0.01964 | K8: =O8-G8 -> 0.01964 | L8: =P8-H8 -> 0.00674 | M8: =Q8-I8 -> -0.0129 | N8: {=INDEX('Progress%'!$A$1:$CT$37,'Progress Summary'!$A8,'Progress Summary'!N$1)} -> 0.8532 | O8: {=INDEX('Progress%'!$A$1:$CT$37,'Progress Summary'!$B8,'Progress Summary'!O$1)} -> 0.8532 | P8: {=INDEX('Progress%'!$A$1:$CT$37,'Progress Summary'!$C8,'Progress Summary'!P$1)} -> 0.822736 | Q8: =P8-N8 -> -0.030464
A9: ='Progress%'!A14 -> 14 | B9: =A9+1 -> 15 | C9: =B9+1 -> 16 | D9: ZWP-23 | E9: 0.25 | F9: {=INDEX('Progress%'!$A$1:$CT$37,'Progress Summary'!$A9,'Progress Summary'!F$1)} -> 0.75832 | G9: {=INDEX('Progress%'!$A$1:$CT$37,'Progress Summary'!$B9,'Progress Summary'!G$1)} -> 0.75832 | H9: {=INDEX('Progress%'!$A$1:$CT$37,'Progress Summary'!$C9,'Progress Summary'!H$1)} -> 0.748216 | I9: =H9-F9 -> -0.010104 | J9: =N9-F9 -> 0.018016 | K9: =O9-G9 -> 0.018016 | L9: =P9-H9 -> 0.021392 | M9: =Q9-I9 -> 0.003376 | N9: {=INDEX('Progress%'!$A$1:$CT$37,'Progress Summary'!$A9,'Progress Summary'!N$1)} -> 0.776336 | O9: {=INDEX('Progress%'!$A$1:$CT$37,'Progress Summary'!$B9,'Progress Summary'!O$1)} -> 0.776336 | P9: {=INDEX('Progress%'!$A$1:$CT$37,'Progress Summary'!$C9,'Progress Summary'!P$1)} -> 0.769608 | Q9: =P9-N9 -> -0.006728
A10: ='Progress%'!A21 -> 21 | B10: =A10+1 -> 22 | C10: =B10+1 -> 23 | D10: ZWP-22 | E10: 0.25 | F10: {=INDEX('Progress%'!$A$1:$CT$37,'Progress Summary'!$A10,'Progress Summary'!F$1)} -> 0.64806 | G10: {=INDEX('Progress%'!$A$1:$CT$37,'Progress Summary'!$B10,'Progress Summary'!G$1)} -> 0.64806 | H10: {=INDEX('Progress%'!$A$1:$CT$37,'Progress Summary'!$C10,'Progress Summary'!H$1)} -> 0.682232 | I10: =H10-F10 -> 0.034172 | J10: =N10-F10 -> 0.033956 | K10: =O10-G10 -> 0.033956 | L10: =P10-H10 -> 0.026516 | M10: =Q10-I10 -> -0.00744 | N10: {=INDEX('Progress%'!$A$1:$CT$37,'Progress Summary'!$A10,'Progress Summary'!N$1)} -> 0.682016 | O10: {=INDEX('Progress%'!$A$1:$CT$37,'Progress Summary'!$B10,'Progress Summary'!O$1)} -> 0.682016 | P10: {=INDEX('Progress%'!$A$1:$CT$37,'Progress Summary'!$C10,'Progress Summary'!P$1)} -> 0.708748 | Q10: =P10-N10 -> 0.026732
A11: ='Progress%'!A28 -> 28 | B11: =A11+1 -> 29 | C11: =B11+1 -> 30 | D11: ZWP-20 | E11: 0.25 | F11: {=INDEX('Progress%'!$A$1:$CT$37,'Progress Summary'!$A11,'Progress Summary'!F$1)} -> 0.524736 | G11: {=INDEX('Progress%'!$A$1:$CT$37,'Progress Summary'!$B11,'Progress Summary'!G$1)} -> 0.524736 | H11: {=INDEX('Progress%'!$A$1:$CT$37,'Progress Summary'!$C11,'Progress Summary'!H$1)} -> 0.648796 | I11: =H11-F11 -> 0.12406 | J11: =N11-F11 -> 0.018888 | K11: =O11-G11 -> 0.018888 | L11: =P11-H11 -> 0.028316 | M11: =Q11-I11 -> 0.009428 | N11: {=INDEX('Progress%'!$A$1:$CT$37,'Progress Summary'!$A11,'Progress Summary'!N$1)} -> 0.543624 | O11: {=INDEX('Progress%'!$A$1:$CT$37,'Progress Summary'!$B11,'Progress Summary'!O$1)} -> 0.543624 | P11: {=INDEX('Progress%'!$A$1:$CT$37,'Progress Summary'!$C11,'Progress Summary'!P$1)} -> 0.677112 | Q11: =P11-N11 -> 0.133488
D12: Overall Jacket & Pile DDE Progress | E12: =SUM(E8:E11) -> 1 | F12: =SUMPRODUCT($E8:$E11,F8:F11)/$E12 -> 0.691169 | G12: =SUMPRODUCT($E8:$E11,G8:G11)/$E12 -> 0.691169 | H12: =SUMPRODUCT($E8:$E11,H8:H11)/$E12 -> 0.72381 | I12: =SUMPRODUCT($E8:$E11,I8:I11)/$E12 -> 0.032641 | J12: =SUMPRODUCT($E8:$E11,J8:J11)/$E12 -> 0.022625 | K12: =SUMPRODUCT($E8:$E11,K8:K11)/$E12 -> 0.022625 | L12: =SUMPRODUCT($E8:$E11,L8:L11)/$E12 -> 0.020741 | M12: =SUMPRODUCT($E8:$E11,M8:M11)/$E12 -> -0.001884 | ... Q12: =SUMPRODUCT($E8:$E11,Q8:Q11)/$E12 -> 0.030757

Sheet Cut_Off
B2: 46101 | E2: Overall DDE Jacket | F2: ='Progress%'!A35 -> 35
B3: =B2+7 -> 46108 | E3: ZWP-23 Jacket | F3: ='Progress%'!A14 -> 14
B4: =B3+7 -> 46115 | E4: ZWP-20 Jacket | F4: ='Progress%'!A28 -> 28
B5: =B4+7 -> 46122 | E5: ZWP-21 Jacket | F5: ='Progress%'!A7 -> 7
B6: =B5+7 -> 46129 | E6: ZWP-22 Jacket | F6: ='Progress%'!A21 -> 21
B7: =B6+7 -> 46136
B8: =B7+7 -> 46143
B9: =B8+7 -> 46150
B10: =B9+7 -> 46157
B11: =B10+7 -> 46164
B12: =B11+7 -> 46171
B13: =B12+7 -> 46178
B14: =B13+7 -> 46185
B15: =B14+7 -> 46192
B16: =B15+7 -> 46199
B17: =B16+7 -> 46206
B18: =B17+7 -> 46213
... B104: =B103+7 -> 46815

Sheet Progress%
A1: 1 | B1: 2 | C1: 3 | D1: 4 | E1: 5 | F1: 6 | G1: 7 | H1: 8 | I1: 9 | J1: 10 | K1: 11 | L1: 12 | M1: 13 | N1: 14 | O1: 15 | P1: 16 | Q1: 17 | R1: 18 | S1: 19 | T1: 20 | U1: 21 | V1: 22 | W1: 23 | X1: 24 | Y1: 25 | Z1: 26 | AA1: 27 | AB1: 28 | AC1: 29 | AD1: 30 | AE1: 31 | AF1: 32 | AG1: 33 | AH1: 34 | AI1: 35 | AJ1: 36 | AK1: 37 | AL1: 38 | AM1: 39 | AN1: 40 | AO1: 41 | AP1: 42 | AQ1: 43 | AR1: 44 | AS1: 45 | AT1: 46 | AU1: 47 | AV1: 48 | AW1: 49 | AX1: 50 | AY1: 51 | AZ1: 52 | BA1: 53 | BB1: 54 | BC1: 55 | BD1: 56 | BE1: 57 | BF1: 58 | BG1: 59 | BH1: 60 | BI1: 61 | BJ1: 62 | BK1: 63 | BL1: 64 | BM1: 65 | BN1: 66 | BO1: 67 | BP1: 68 | BQ1: 69 | BR1: 70 | BS1: 71 | BT1: 72 | BU1: 73 | BV1: 74 | BW1: 75 | BX1: 76 | BY1: 77 | BZ1: 78 | CA1: 79 | CB1: 80 | CC1: 81 | CD1: 82 | CE1: 83 | CF1: 84 | CG1: 85 | CH1: 86 | CI1: 87 | CJ1: 88 | CK1: 89 | CL1: 90 | CM1: 91 | CN1: 92 | CO1: 93 | CP1: 94 | CQ1: 95 | CR1: 96 | CS1: 97 | CT1: 98
A2: 2 | D2: Cut_Off
A3: 3 | D3: ='Progress Summary'!D3 -> 46304
A4: 4
A5: 5 | B5: Scope | C5: Total WF | D5: WF% | E5: Jacket & Pile ZWP-21
A6: 6 | F6: 46101 | G6: =F6+7 -> 46108 | H6: =G6+7 -> 46115 | I6: =H6+7 -> 46122 | J6: =I6+7 -> 46129 | K6: =J6+7 -> 46136 | L6: =K6+7 -> 46143 | M6: =L6+7 -> 46150 | N6: =M6+7 -> 46157 | ... CT6: =CS6+7 -> 46745
A7: 7 | B7: ZWP-21 | C7: 25 | D7: 0.25 | E7: Plan | F7: =IF($C7>0,SUMIFS(EDSR!$I:$I,EDSR!$A:$A,'Progress%'!$B7,EDSR!$J:$J,"<="&F$6)*0.5+SUMIFS(EDSR!$I:$I,EDSR!$A:$A,'Progress%'!$B7,EDSR!$M:$M,"<="&F$6)*0.2+SUMIFS(EDSR!$I:$I,EDSR!$A:$A,'Progress%'!$B7,EDSR!$P:$P,"<="&F$6)*0.1+SUMIFS(EDSR!$I:$I,EDSR!$A:$A,'Progress%'!$B7,EDSR!$S:$S,"<="&F$6)*0.2)/$C7 -> 0 | G7: =IF($C7>0,SUMIFS(EDSR!$I:$I,EDSR!$A:$A,'Progress%'!$B7,EDSR!$J:$J,"<="&G$6)*0.5+SUMIFS(EDSR!$I:$I,EDSR!$A:$A,'Progress%'!$B7,EDSR!$M:$M,"<="&G$6)*0.2+SUMIFS(EDSR!$I:$I,EDSR!$A:$A,'Progress%'!$B7,EDSR!$P:$P,"<="&G$6)*0.1+SUMIFS(EDSR!$I:$I,EDSR!$A:$A,'Progress%'!$B7,EDSR!$S:$S,"<="&G$6)*0.2)/$C7 -> 0 | H7: =IF($C7>0,SUMIFS(EDSR!$I:$I,EDSR!$A:$A,'Progress%'!$B7,EDSR!$J:$J,"<="&H$6)*0.5+SUMIFS(EDSR!$I:$I,EDSR!$A:$A,'Progress%'!$B7,EDSR!$M:$M,"<="&H$6)*0.2+SUMIFS(EDSR!$I:$I,EDSR!$A:$A,'Progress%'!$B7,EDSR!$P:$P,"<="&H$6)*0.1+SUMIFS(EDSR!$I:$I,EDSR!$A:$A,'Progress%'!$B7,EDSR!$S:$S,"<="&H$6)*0.2)/$C7 -> 0.04 | I7: =IF($C7>0,SUMIFS(EDSR!$I:$I,EDSR!$A:$A,'Progress%'!$B7,EDSR!$J:$J,"<="&I$6)*0.5+SUMIFS(EDSR!$I:$I,EDSR!$A:$A,'Progress%'!$B7,EDSR!$M:$M,"<="&I$6)*0.2+SUMIFS(EDSR!$I:$I,EDSR!$A:$A,'Progress%'!$B7,EDSR!$P:$P,"<="&I$6)*0.1+SUMIFS(EDSR!$I:$I,EDSR!$A:$A,'Progress%'!$B7,EDSR!$S:$S,"<="&I$6)*0.2)/$C7 -> 0.058 | J7: =IF($C7>0,SUMIFS(EDSR!$I:$I,EDSR!$A:$A,'Progress%'!$B7,EDSR!$J:$J,"<="&J$6)*0.5+SUMIFS(EDSR!$I:$I,EDSR!$A:$A,'Progress%'!$B7,EDSR!$M:$M,"<="&J$6)*0.2+SUMIFS(EDSR!$I:$I,EDSR!$A:$A,'Progress%'!$B7,EDSR!$P:$P,"<="&J$6)*0.1+SUMIFS(EDSR!$I:$I,EDSR!$A:$A,'Progress%'!$B7,EDSR!$S:$S,"<="&J$6)*0.2)/$C7 -> 0.066 | K7: =IF($C7>0,SUMIFS(EDSR!$I:$I,EDSR!$A:$A,'Progress%'!$B7,EDSR!$J:$J,"<="&K$6)*0.5+SUMIFS(EDSR!$I:$I,EDSR!$A:$A,'Progress%'!$B7,EDSR!$M:$M,"<="&K$6)*0.2+SUMIFS(EDSR!$I:$I,EDSR!$A:$A,'Progress%'!$B7,EDSR!$P:$P,"<="&K$6)*0.1+SUMIFS(EDSR!$I:$I,EDSR!$A:$A,'Progress%'!$B7,EDSR!$S:$S,"<="&K$6)*0.2)/$C7 -> 0.076 | L7: =IF($C7>0,SUMIFS(EDSR!$I:$I,EDSR!$A:$A,'Progress%'!$B7,EDSR!$J:$J,"<="&L$6)*0.5+SUMIFS(EDSR!$I:$I,EDSR!$A:$A,'Progress%'!$B7,EDSR!$M:$M,"<="&L$6)*0.2+SUMIFS(EDSR!$I:$I,EDSR!$A:$A,'Progress%'!$B7,EDSR!$P:$P,"<="&L$6)*0.1+SUMIFS(EDSR!$I:$I,EDSR!$A:$A,'Progress%'!$B7,EDSR!$S:$S,"<="&L$6)*0.2)/$C7 -> 0.098 | M7: =IF($C7>0,SUMIFS(EDSR!$I:$I,EDSR!$A:$A,'Progress%'!$B7,EDSR!$J:$J,"<="&M$6)*0.5+SUMIFS(EDSR!$I:$I,EDSR!$A:$A,'Progress%'!$B7,EDSR!$M:$M,"<="&M$6)*0.2+SUMIFS(EDSR!$I:$I,EDSR!$A:$A,'Progress%'!$B7,EDSR!$P:$P,"<="&M$6)*0.1+SUMIFS(EDSR!$I:$I,EDSR!$A:$A,'Progress%'!$B7,EDSR!$S:$S,"<="&M$6)*0.2)/$C7 -> 0.1475 | ... CT7: =IF($C7>0,SUMIFS(EDSR!$I:$I,EDSR!$A:$A,'Progress%'!$B7,EDSR!$J:$J,"<="&CT$6)*0.5+SUMIFS(EDSR!$I:$I,EDSR!$A:$A,'Progress%'!$B7,EDSR!$M:$M,"<="&CT$6)*0.2+SUMIFS(EDSR!$I:$I,EDSR!$A:$A,'Progress%'!$B7,EDSR!$P:$P,"<="&CT$6)*0.1+SUMIFS(EDSR!$I:$I,EDSR!$A:$A,'Progress%'!$B7,EDSR!$S:$S,"<="&CT$6)*0.2)/$C7 -> 0.9
A8: 8 | B8: ZWP-21 | C8: 25 | D8: 0.25 | E8: Forecast | F8: =IF($C7>0,SUMIFS(EDSR!$I:$I,EDSR!$A:$A,'Progress%'!$B7,EDSR!$K:$K,"<="&F$6)*0.5+SUMIFS(EDSR!$I:$I,EDSR!$A:$A,'Progress%'!$B7,EDSR!$N:$N,"<="&F$6)*0.2+SUMIFS(EDSR!$I:$I,EDSR!$A:$A,'Progress%'!$B7,EDSR!$Q:$Q,"<="&F$6)*0.1+SUMIFS(EDSR!$I:$I,EDSR!$A:$A,'Progress%'!$B7,EDSR!$T:$T,"<="&F$6)*0.2)/$C7 -> 0 | G8: =IF($C7>0,SUMIFS(EDSR!$I:$I,EDSR!$A:$A,'Progress%'!$B7,EDSR!$K:$K,"<="&G$6)*0.5+SUMIFS(EDSR!$I:$I,EDSR!$A:$A,'Progress%'!$B7,EDSR!$N:$N,"<="&G$6)*0.2+SUMIFS(EDSR!$I:$I,EDSR!$A:$A,'Progress%'!$B7,EDSR!$Q:$Q,"<="&G$6)*0.1+SUMIFS(EDSR!$I:$I,EDSR!$A:$A,'Progress%'!$B7,EDSR!$T:$T,"<="&G$6)*0.2)/$C7 -> 0 | H8: =IF($C7>0,SUMIFS(EDSR!$I:$I,EDSR!$A:$A,'Progress%'!$B7,EDSR!$K:$K,"<="&H$6)*0.5+SUMIFS(EDSR!$I:$I,EDSR!$A:$A,'Progress%'!$B7,EDSR!$N:$N,"<="&H$6)*0.2+SUMIFS(EDSR!$I:$I,EDSR!$A:$A,'Progress%'!$B7,EDSR!$Q:$Q,"<="&H$6)*0.1+SUMIFS(EDSR!$I:$I,EDSR!$A:$A,'Progress%'!$B7,EDSR!$T:$T,"<="&H$6)*0.2)/$C7 -> 0.04 | I8: =IF($C7>0,SUMIFS(EDSR!$I:$I,EDSR!$A:$A,'Progress%'!$B7,EDSR!$K:$K,"<="&I$6)*0.5+SUMIFS(EDSR!$I:$I,EDSR!$A:$A,'Progress%'!$B7,EDSR!$N:$N,"<="&I$6)*0.2+SUMIFS(EDSR!$I:$I,EDSR!$A:$A,'Progress%'!$B7,EDSR!$Q:$Q,"<="&I$6)*0.1+SUMIFS(EDSR!$I:$I,EDSR!$A:$A,'Progress%'!$B7,EDSR!$T:$T,"<="&I$6)*0.2)/$C7 -> 0.058 | J8: =IF($C7>0,SUMIFS(EDSR!$I:$I,EDSR!$A:$A,'Progress%'!$B7,EDSR!$K:$K,"<="&J$6)*0.5+SUMIFS(EDSR!$I:$I,EDSR!$A:$A,'Progress%'!$B7,EDSR!$N:$N,"<="&J$6)*0.2+SUMIFS(EDSR!$I:$I,EDSR!$A:$A,'Progress%'!$B7,EDSR!$Q:$Q,"<="&J$6)*0.1+SUMIFS(EDSR!$I:$I,EDSR!$A:$A,'Progress%'!$B7,EDSR!$T:$T,"<="&J$6)*0.2)/$C7 -> 0.066 | K8: =IF($C7>0,SUMIFS(EDSR!$I:$I,EDSR!$A:$A,'Progress%'!$B7,EDSR!$K:$K,"<="&K$6)*0.5+SUMIFS(EDSR!$I:$I,EDSR!$A:$A,'Progress%'!$B7,EDSR!$N:$N,"<="&K$6)*0.2+SUMIFS(EDSR!$I:$I,EDSR!$A:$A,'Progress%'!$B7,EDSR!$Q:$Q,"<="&K$6)*0.1+SUMIFS(EDSR!$I:$I,EDSR!$A:$A,'Progress%'!$B7,EDSR!$T:$T,"<="&K$6)*0.2)/$C7 -> 0.076 | L8: =IF($C7>0,SUMIFS(EDSR!$I:$I,EDSR!$A:$A,'Progress%'!$B7,EDSR!$K:$K,"<="&L$6)*0.5+SUMIFS(EDSR!$I:$I,EDSR!$A:$A,'Progress%'!$B7,EDSR!$N:$N,"<="&L$6)*0.2+SUMIFS(EDSR!$I:$I,EDSR!$A:$A,'Progress%'!$B7,EDSR!$Q:$Q,"<="&L$6)*0.1+SUMIFS(EDSR!$I:$I,EDSR!$A:$A,'Progress%'!$B7,EDSR!$T:$T,"<="&L$6)*0.2)/$C7 -> 0.098 | M8: =IF($C7>0,SUMIFS(EDSR!$I:$I,EDSR!$A:$A,'Progress%'!$B7,EDSR!$K:$K,"<="&M$6)*0.5+SUMIFS(EDSR!$I:$I,EDSR!$A:$A,'Progress%'!$B7,EDSR!$N:$N,"<="&M$6)*0.2+SUMIFS(EDSR!$I:$I,EDSR!$A:$A,'Progress%'!$B7,EDSR!$Q:$Q,"<="&M$6)*0.1+SUMIFS(EDSR!$I:$I,EDSR!$A:$A,'Progress%'!$B7,EDSR!$T:$T,"<="&M$6)*0.2)/$C7 -> 0.1475 | ... CT8: =IF($C7>0,SUMIFS(EDSR!$I:$I,EDSR!$A:$A,'Progress%'!$B7,EDSR!$K:$K,"<="&CT$6)*0.5+SUMIFS(EDSR!$I:$I,EDSR!$A:$A,'Progress%'!$B7,EDSR!$N:$N,"<="&CT$6)*0.2+SUMIFS(EDSR!$I:$I,EDSR!$A:$A,'Progress%'!$B7,EDSR!$Q:$Q,"<="&CT$6)*0.1+SUMIFS(EDSR!$I:$I,EDSR!$A:$A,'Progress%'!$B7,EDSR!$T:$T,"<="&CT$6)*0.2)/$C7 -> 0.9
A9: 9 | B9: ZWP-21 | C9: 25 | D9: 0.25 | E9: Actual | F9: =IF($C9>0,SUMIFS(EDSR!$I:$I,EDSR!$A:$A,'Progress%'!$B9,EDSR!$L:$L,"<="&F$6)*0.5+SUMIFS(EDSR!$I:$I,EDSR!$A:$A,'Progress%'!$B9,EDSR!$O:$O,"<="&F$6)*0.2+SUMIFS(EDSR!$I:$I,EDSR!$A:$A,'Progress%'!$B9,EDSR!$R:$R,"<="&F$6)*0.1+SUMIFS(EDSR!$I:$I,EDSR!$A:$A,'Progress%'!$B9,EDSR!$U:$U,"<="&F$6)*0.2)/$C9 -> 0 | G9: =IF($C9>0,SUMIFS(EDSR!$I:$I,EDSR!$A:$A,'Progress%'!$B9,EDSR!$L:$L,"<="&G$6)*0.5+SUMIFS(EDSR!$I:$I,EDSR!$A:$A,'Progress%'!$B9,EDSR!$O:$O,"<="&G$6)*0.2+SUMIFS(EDSR!$I:$I,EDSR!$A:$A,'Progress%'!$B9,EDSR!$R:$R,"<="&G$6)*0.1+SUMIFS(EDSR!$I:$I,EDSR!$A:$A,'Progress%'!$B9,EDSR!$U:$U,"<="&G$6)*0.2)/$C9 -> 0 | H9: =IF($C9>0,SUMIFS(EDSR!$I:$I,EDSR!$A:$A,'Progress%'!$B9,EDSR!$L:$L,"<="&H$6)*0.5+SUMIFS(EDSR!$I:$I,EDSR!$A:$A,'Progress%'!$B9,EDSR!$O:$O,"<="&H$6)*0.2+SUMIFS(EDSR!$I:$I,EDSR!$A:$A,'Progress%'!$B9,EDSR!$R:$R,"<="&H$6)*0.1+SUMIFS(EDSR!$I:$I,EDSR!$A:$A,'Progress%'!$B9,EDSR!$U:$U,"<="&H$6)*0.2)/$C9 -> 0.028 | I9: =IF($C9>0,SUMIFS(EDSR!$I:$I,EDSR!$A:$A,'Progress%'!$B9,EDSR!$L:$L,"<="&I$6)*0.5+SUMIFS(EDSR!$I:$I,EDSR!$A:$A,'Progress%'!$B9,EDSR!$O:$O,"<="&I$6)*0.2+SUMIFS(EDSR!$I:$I,EDSR!$A:$A,'Progress%'!$B9,EDSR!$R:$R,"<="&I$6)*0.1+SUMIFS(EDSR!$I:$I,EDSR!$A:$A,'Progress%'!$B9,EDSR!$U:$U,"<="&I$6)*0.2)/$C9 -> 0.048 | J9: =IF($C9>0,SUMIFS(EDSR!$I:$I,EDSR!$A:$A,'Progress%'!$B9,EDSR!$L:$L,"<="&J$6)*0.5+SUMIFS(EDSR!$I:$I,EDSR!$A:$A,'Progress%'!$B9,EDSR!$O:$O,"<="&J$6)*0.2+SUMIFS(EDSR!$I:$I,EDSR!$A:$A,'Progress%'!$B9,EDSR!$R:$R,"<="&J$6)*0.1+SUMIFS(EDSR!$I:$I,EDSR!$A:$A,'Progress%'!$B9,EDSR!$U:$U,"<="&J$6)*0.2)/$C9 -> 0.048 | K9: =IF($C9>0,SUMIFS(EDSR!$I:$I,EDSR!$A:$A,'Progress%'!$B9,EDSR!$L:$L,"<="&K$6)*0.5+SUMIFS(EDSR!$I:$I,EDSR!$A:$A,'Progress%'!$B9,EDSR!$O:$O,"<="&K$6)*0.2+SUMIFS(EDSR!$I:$I,EDSR!$A:$A,'Progress%'!$B9,EDSR!$R:$R,"<="&K$6)*0.1+SUMIFS(EDSR!$I:$I,EDSR!$A:$A,'Progress%'!$B9,EDSR!$U:$U,"<="&K$6)*0.2)/$C9 -> 0.08466 | L9: =IF($C9>0,SUMIFS(EDSR!$I:$I,EDSR!$A:$A,'Progress%'!$B9,EDSR!$L:$L,"<="&L$6)*0.5+SUMIFS(EDSR!$I:$I,EDSR!$A:$A,'Progress%'!$B9,EDSR!$O:$O,"<="&L$6)*0.2+SUMIFS(EDSR!$I:$I,EDSR!$A:$A,'Progress%'!$B9,EDSR!$R:$R,"<="&L$6)*0.1+SUMIFS(EDSR!$I:$I,EDSR!$A:$A,'Progress%'!$B9,EDSR!$U:$U,"<="&L$6)*0.2)/$C9 -> 0.14006 | M9: =IF($C9>0,SUMIFS(EDSR!$I:$I,EDSR!$A:$A,'Progress%'!$B9,EDSR!$L:$L,"<="&M$6)*0.5+SUMIFS(EDSR!$I:$I,EDSR!$A:$A,'Progress%'!$B9,EDSR!$O:$O,"<="&M$6)*0.2+SUMIFS(EDSR!$I:$I,EDSR!$A:$A,'Progress%'!$B9,EDSR!$R:$R,"<="&M$6)*0.1+SUMIFS(EDSR!$I:$I,EDSR!$A:$A,'Progress%'!$B9,EDSR!$U:$U,"<="&M$6)*0.2)/$C9 -> 0.15206 | ... CT9: =IF($C9>0,SUMIFS(EDSR!$I:$I,EDSR!$A:$A,'Progress%'!$B9,EDSR!$L:$L,"<="&CT$6)*0.5+SUMIFS(EDSR!$I:$I,EDSR!$A:$A,'Progress%'!$B9,EDSR!$O:$O,"<="&CT$6)*0.2+SUMIFS(EDSR!$I:$I,EDSR!$A:$A,'Progress%'!$B9,EDSR!$R:$R,"<="&CT$6)*0.1+SUMIFS(EDSR!$I:$I,EDSR!$A:$A,'Progress%'!$B9,EDSR!$U:$U,"<="&CT$6)*0.2)/$C9 -> 0.822736
A10: 10
A11: 11
A12: 12 | B12: Scope | C12: Total WF | D12: WF% | E12: Jacket & Pile ZWP-23
A13: 13 | F13: 46101 | G13: =F13+7 -> 46108 | H13: =G13+7 -> 46115 | I13: =H13+7 -> 46122 | J13: =I13+7 -> 46129 | K13: =J13+7 -> 46136 | L13: =K13+7 -> 46143 | M13: =L13+7 -> 46150 | N13: =M13+7 -> 46157 | ... CT13: =CS13+7 -> 46745
A14: 14 | B14: ZWP-23 | C14: 25 | D14: 0.25 | E14: Plan | F14: =IF($C14>0,SUMIFS(EDSR!$I:$I,EDSR!$A:$A,'Progress%'!$B14,EDSR!$J:$J,"<="&F$6)*0.5+SUMIFS(EDSR!$I:$I,EDSR!$A:$A,'Progress%'!$B14,EDSR!$M:$M,"<="&F$6)*0.2+SUMIFS(EDSR!$I:$I,EDSR!$A:$A,'Progress%'!$B14,EDSR!$P:$P,"<="&F$6)*0.1+SUMIFS(EDSR!$I:$I,EDSR!$A:$A,'Progress%'!$B14,EDSR!$S:$S,"<="&F$6)*0.2)/$C14 -> 0 | G14: =IF($C14>0,SUMIFS(EDSR!$I:$I,EDSR!$A:$A,'Progress%'!$B14,EDSR!$J:$J,"<="&G$6)*0.5+SUMIFS(EDSR!$I:$I,EDSR!$A:$A,'Progress%'!$B14,EDSR!$M:$M,"<="&G$6)*0.2+SUMIFS(EDSR!$I:$I,EDSR!$A:$A,'Progress%'!$B14,EDSR!$P:$P,"<="&G$6)*0.1+SUMIFS(EDSR!$I:$I,EDSR!$A:$A,'Progress%'!$B14,EDSR!$S:$S,"<="&G$6)*0.2)/$C14 -> 0 | H14: =IF($C14>0,SUMIFS(EDSR!$I:$I,EDSR!$A:$A,'Progress%'!$B14,EDSR!$J:$J,"<="&H$6)*0.5+SUMIFS(EDSR!$I:$I,EDSR!$A:$A,'Progress%'!$B14,EDSR!$M:$M,"<="&H$6)*0.2+SUMIFS(EDSR!$I:$I,EDSR!$A:$A,'Progress%'!$B14,EDSR!$P:$P,"<="&H$6)*0.1+SUMIFS(EDSR!$I:$I,EDSR!$A:$A,'Progress%'!$B14,EDSR!$S:$S,"<="&H$6)*0.2)/$C14 -> 0.02 | I14: =IF($C14>0,SUMIFS(EDSR!$I:$I,EDSR!$A:$A,'Progress%'!$B14,EDSR!$J:$J,"<="&I$6)*0.5+SUMIFS(EDSR!$I:$I,EDSR!$A:$A,'Progress%'!$B14,EDSR!$M:$M,"<="&I$6)*0.2+SUMIFS(EDSR!$I:$I,EDSR!$A:$A,'Progress%'!$B14,EDSR!$P:$P,"<="&I$6)*0.1+SUMIFS(EDSR!$I:$I,EDSR!$A:$A,'Progress%'!$B14,EDSR!$S:$S,"<="&I$6)*0.2)/$C14 -> 0.028 | J14: =IF($C14>0,SUMIFS(EDSR!$I:$I,EDSR!$A:$A,'Progress%'!$B14,EDSR!$J:$J,"<="&J$6)*0.5+SUMIFS(EDSR!$I:$I,EDSR!$A:$A,'Progress%'!$B14,EDSR!$M:$M,"<="&J$6)*0.2+SUMIFS(EDSR!$I:$I,EDSR!$A:$A,'Progress%'!$B14,EDSR!$P:$P,"<="&J$6)*0.1+SUMIFS(EDSR!$I:$I,EDSR!$A:$A,'Progress%'!$B14,EDSR!$S:$S,"<="&J$6)*0.2)/$C14 -> 0.036 | K14: =IF($C14>0,SUMIFS(EDSR!$I:$I,EDSR!$A:$A,'Progress%'!$B14,EDSR!$J:$J,"<="&K$6)*0.5+SUMIFS(EDSR!$I:$I,EDSR!$A:$A,'Progress%'!$B14,EDSR!$M:$M,"<="&K$6)*0.2+SUMIFS(EDSR!$I:$I,EDSR!$A:$A,'Progress%'!$B14,EDSR!$P:$P,"<="&K$6)*0.1+SUMIFS(EDSR!$I:$I,EDSR!$A:$A,'Progress%'!$B14,EDSR!$S:$S,"<="&K$6)*0.2)/$C14 -> 0.036 | L14: =IF($C14>0,SUMIFS(EDSR!$I:$I,EDSR!$A:$A,'Progress%'!$B14,EDSR!$J:$J,"<="&L$6)*0.5+SUMIFS(EDSR!$I:$I,EDSR!$A:$A,'Progress%'!$B14,EDSR!$M:$M,"<="&L$6)*0.2+SUMIFS(EDSR!$I:$I,EDSR!$A:$A,'Progress%'!$B14,EDSR!$P:$P,"<="&L$6)*0.1+SUMIFS(EDSR!$I:$I,EDSR!$A:$A,'Progress%'!$B14,EDSR!$S:$S,"<="&L$6)*0.2)/$C14 -> 0.068 | M14: =IF($C14>0,SUMIFS(EDSR!$I:$I,EDSR!$A:$A,'Progress%'!$B14,EDSR!$J:$J,"<="&M$6)*0.5+SUMIFS(EDSR!$I:$I,EDSR!$A:$A,'Progress%'!$B14,EDSR!$M:$M,"<="&M$6)*0.2+SUMIFS(EDSR!$I:$I,EDSR!$A:$A,'Progress%'!$B14,EDSR!$P:$P,"<="&M$6)*0.1+SUMIFS(EDSR!$I:$I,EDSR!$A:$A,'Progress%'!$B14,EDSR!$S:$S,"<="&M$6)*0.2)/$C14 -> 0.078 | ... CT14: =IF($C14>0,SUMIFS(EDSR!$I:$I,EDSR!$A:$A,'Progress%'!$B14,EDSR!$J:$J,"<="&CT$6)*0.5+SUMIFS(EDSR!$I:$I,EDSR!$A:$A,'Progress%'!$B14,EDSR!$M:$M,"<="&CT$6)*0.2+SUMIFS(EDSR!$I:$I,EDSR!$A:$A,'Progress%'!$B14,EDSR!$P:$P,"<="&CT$6)*0.1+SUMIFS(EDSR!$I:$I,EDSR!$A:$A,'Progress%'!$B14,EDSR!$S:$S,"<="&CT$6)*0.2)/$C14 -> 0.9
A15: 15 | B15: ZWP-23 | C15: 25 | D15: 0.25 | E15: Forecast | F15: =IF($C14>0,SUMIFS(EDSR!$I:$I,EDSR!$A:$A,'Progress%'!$B14,EDSR!$K:$K,"<="&F$6)*0.5+SUMIFS(EDSR!$I:$I,EDSR!$A:$A,'Progress%'!$B14,EDSR!$N:$N,"<="&F$6)*0.2+SUMIFS(EDSR!$I:$I,EDSR!$A:$A,'Progress%'!$B14,EDSR!$Q:$Q,"<="&F$6)*0.1+SUMIFS(EDSR!$I:$I,EDSR!$A:$A,'Progress%'!$B14,EDSR!$T:$T,"<="&F$6)*0.2)/$C14 -> 0 | G15: =IF($C14>0,SUMIFS(EDSR!$I:$I,EDSR!$A:$A,'Progress%'!$B14,EDSR!$K:$K,"<="&G$6)*0.5+SUMIFS(EDSR!$I:$I,EDSR!$A:$A,'Progress%'!$B14,EDSR!$N:$N,"<="&G$6)*0.2+SUMIFS(EDSR!$I:$I,EDSR!$A:$A,'Progress%'!$B14,EDSR!$Q:$Q,"<="&G$6)*0.1+SUMIFS(EDSR!$I:$I,EDSR!$A:$A,'Progress%'!$B14,EDSR!$T:$T,"<="&G$6)*0.2)/$C14 -> 0 | H15: =IF($C14>0,SUMIFS(EDSR!$I:$I,EDSR!$A:$A,'Progress%'!$B14,EDSR!$K:$K,"<="&H$6)*0.5+SUMIFS(EDSR!$I:$I,EDSR!$A:$A,'Progress%'!$B14,EDSR!$N:$N,"<="&H$6)*0.2+SUMIFS(EDSR!$I:$I,EDSR!$A:$A,'Progress%'!$B14,EDSR!$Q:$Q,"<="&H$6)*0.1+SUMIFS(EDSR!$I:$I,EDSR!$A:$A,'Progress%'!$B14,EDSR!$T:$T,"<="&H$6)*0.2)/$C14 -> 0.02 | I15: =IF($C14>0,SUMIFS(EDSR!$I:$I,EDSR!$A:$A,'Progress%'!$B14,EDSR!$K:$K,"<="&I$6)*0.5+SUMIFS(EDSR!$I:$I,EDSR!$A:$A,'Progress%'!$B14,EDSR!$N:$N,"<="&I$6)*0.2+SUMIFS(EDSR!$I:$I,EDSR!$A:$A,'Progress%'!$B14,EDSR!$Q:$Q,"<="&I$6)*0.1+SUMIFS(EDSR!$I:$I,EDSR!$A:$A,'Progress%'!$B14,EDSR!$T:$T,"<="&I$6)*0.2)/$C14 -> 0.028 | J15: =IF($C14>0,SUMIFS(EDSR!$I:$I,EDSR!$A:$A,'Progress%'!$B14,EDSR!$K:$K,"<="&J$6)*0.5+SUMIFS(EDSR!$I:$I,EDSR!$A:$A,'Progress%'!$B14,EDSR!$N:$N,"<="&J$6)*0.2+SUMIFS(EDSR!$I:$I,EDSR!$A:$A,'Progress%'!$B14,EDSR!$Q:$Q,"<="&J$6)*0.1+SUMIFS(EDSR!$I:$I,EDSR!$A:$A,'Progress%'!$B14,EDSR!$T:$T,"<="&J$6)*0.2)/$C14 -> 0.036 | K15: =IF($C14>0,SUMIFS(EDSR!$I:$I,EDSR!$A:$A,'Progress%'!$B14,EDSR!$K:$K,"<="&K$6)*0.5+SUMIFS(EDSR!$I:$I,EDSR!$A:$A,'Progress%'!$B14,EDSR!$N:$N,"<="&K$6)*0.2+SUMIFS(EDSR!$I:$I,EDSR!$A:$A,'Progress%'!$B14,EDSR!$Q:$Q,"<="&K$6)*0.1+SUMIFS(EDSR!$I:$I,EDSR!$A:$A,'Progress%'!$B14,EDSR!$T:$T,"<="&K$6)*0.2)/$C14 -> 0.036 | L15: =IF($C14>0,SUMIFS(EDSR!$I:$I,EDSR!$A:$A,'Progress%'!$B14,EDSR!$K:$K,"<="&L$6)*0.5+SUMIFS(EDSR!$I:$I,EDSR!$A:$A,'Progress%'!$B14,EDSR!$N:$N,"<="&L$6)*0.2+SUMIFS(EDSR!$I:$I,EDSR!$A:$A,'Progress%'!$B14,EDSR!$Q:$Q,"<="&L$6)*0.1+SUMIFS(EDSR!$I:$I,EDSR!$A:$A,'Progress%'!$B14,EDSR!$T:$T,"<="&L$6)*0.2)/$C14 -> 0.068 | M15: =IF($C14>0,SUMIFS(EDSR!$I:$I,EDSR!$A:$A,'Progress%'!$B14,EDSR!$K:$K,"<="&M$6)*0.5+SUMIFS(EDSR!$I:$I,EDSR!$A:$A,'Progress%'!$B14,EDSR!$N:$N,"<="&M$6)*0.2+SUMIFS(EDSR!$I:$I,EDSR!$A:$A,'Progress%'!$B14,EDSR!$Q:$Q,"<="&M$6)*0.1+SUMIFS(EDSR!$I:$I,EDSR!$A:$A,'Progress%'!$B14,EDSR!$T:$T,"<="&M$6)*0.2)/$C14 -> 0.078 | ... CT15: =IF($C14>0,SUMIFS(EDSR!$I:$I,EDSR!$A:$A,'Progress%'!$B14,EDSR!$K:$K,"<="&CT$6)*0.5+SUMIFS(EDSR!$I:$I,EDSR!$A:$A,'Progress%'!$B14,EDSR!$N:$N,"<="&CT$6)*0.2+SUMIFS(EDSR!$I:$I,EDSR!$A:$A,'Progress%'!$B14,EDSR!$Q:$Q,"<="&CT$6)*0.1+SUMIFS(EDSR!$I:$I,EDSR!$A:$A,'Progress%'!$B14,EDSR!$T:$T,"<="&CT$6)*0.2)/$C14 -> 0.9
A16: 16 | B16: ZWP-23 | C16: 25 | D16: 0.25 | E16: Actual | F16: =IF($C16>0,SUMIFS(EDSR!$I:$I,EDSR!$A:$A,'Progress%'!$B16,EDSR!$L:$L,"<="&F$6)*0.5+SUMIFS(EDSR!$I:$I,EDSR!$A:$A,'Progress%'!$B16,EDSR!$O:$O,"<="&F$6)*0.2+SUMIFS(EDSR!$I:$I,EDSR!$A:$A,'Progress%'!$B16,EDSR!$R:$R,"<="&F$6)*0.1+SUMIFS(EDSR!$I:$I,EDSR!$A:$A,'Progress%'!$B16,EDSR!$U:$U,"<="&F$6)*0.2)/$C16 -> 0 | G16: =IF($C16>0,SUMIFS(EDSR!$I:$I,EDSR!$A:$A,'Progress%'!$B16,EDSR!$L:$L,"<="&G$6)*0.5+SUMIFS(EDSR!$I:$I,EDSR!$A:$A,'Progress%'!$B16,EDSR!$O:$O,"<="&G$6)*0.2+SUMIFS(EDSR!$I:$I,EDSR!$A:$A,'Progress%'!$B16,EDSR!$R:$R,"<="&G$6)*0.1+SUMIFS(EDSR!$I:$I,EDSR!$A:$A,'Progress%'!$B16,EDSR!$U:$U,"<="&G$6)*0.2)/$C16 -> 0 | H16: =IF($C16>0,SUMIFS(EDSR!$I:$I,EDSR!$A:$A,'Progress%'!$B16,EDSR!$L:$L,"<="&H$6)*0.5+SUMIFS(EDSR!$I:$I,EDSR!$A:$A,'Progress%'!$B16,EDSR!$O:$O,"<="&H$6)*0.2+SUMIFS(EDSR!$I:$I,EDSR!$A:$A,'Progress%'!$B16,EDSR!$R:$R,"<="&H$6)*0.1+SUMIFS(EDSR!$I:$I,EDSR!$A:$A,'Progress%'!$B16,EDSR!$U:$U,"<="&H$6)*0.2)/$C16 -> 0.028 | I16: =IF($C16>0,SUMIFS(EDSR!$I:$I,EDSR!$A:$A,'Progress%'!$B16,EDSR!$L:$L,"<="&I$6)*0.5+SUMIFS(EDSR!$I:$I,EDSR!$A:$A,'Progress%'!$B16,EDSR!$O:$O,"<="&I$6)*0.2+SUMIFS(EDSR!$I:$I,EDSR!$A:$A,'Progress%'!$B16,EDSR!$R:$R,"<="&I$6)*0.1+SUMIFS(EDSR!$I:$I,EDSR!$A:$A,'Progress%'!$B16,EDSR!$U:$U,"<="&I$6)*0.2)/$C16 -> 0.048 | J16: =IF($C16>0,SUMIFS(EDSR!$I:$I,EDSR!$A:$A,'Progress%'!$B16,EDSR!$L:$L,"<="&J$6)*0.5+SUMIFS(EDSR!$I:$I,EDSR!$A:$A,'Progress%'!$B16,EDSR!$O:$O,"<="&J$6)*0.2+SUMIFS(EDSR!$I:$I,EDSR!$A:$A,'Progress%'!$B16,EDSR!$R:$R,"<="&J$6)*0.1+SUMIFS(EDSR!$I:$I,EDSR!$A:$A,'Progress%'!$B16,EDSR!$U:$U,"<="&J$6)*0.2)/$C16 -> 0.048 | K16: =IF($C16>0,SUMIFS(EDSR!$I:$I,EDSR!$A:$A,'Progress%'!$B16,EDSR!$L:$L,"<="&K$6)*0.5+SUMIFS(EDSR!$I:$I,EDSR!$A:$A,'Progress%'!$B16,EDSR!$O:$O,"<="&K$6)*0.2+SUMIFS(EDSR!$I:$I,EDSR!$A:$A,'Progress%'!$B16,EDSR!$R:$R,"<="&K$6)*0.1+SUMIFS(EDSR!$I:$I,EDSR!$A:$A,'Progress%'!$B16,EDSR!$U:$U,"<="&K$6)*0.2)/$C16 -> 0.0668 | L16: =IF($C16>0,SUMIFS(EDSR!$I:$I,EDSR!$A:$A,'Progress%'!$B16,EDSR!$L:$L,"<="&L$6)*0.5+SUMIFS(EDSR!$I:$I,EDSR!$A:$A,'Progress%'!$B16,EDSR!$O:$O,"<="&L$6)*0.2+SUMIFS(EDSR!$I:$I,EDSR!$A:$A,'Progress%'!$B16,EDSR!$R:$R,"<="&L$6)*0.1+SUMIFS(EDSR!$I:$I,EDSR!$A:$A,'Progress%'!$B16,EDSR!$U:$U,"<="&L$6)*0.2)/$C16 -> 0.10254 | M16: =IF($C16>0,SUMIFS(EDSR!$I:$I,EDSR!$A:$A,'Progress%'!$B16,EDSR!$L:$L,"<="&M$6)*0.5+SUMIFS(EDSR!$I:$I,EDSR!$A:$A,'Progress%'!$B16,EDSR!$O:$O,"<="&M$6)*0.2+SUMIFS(EDSR!$I:$I,EDSR!$A:$A,'Progress%'!$B16,EDSR!$R:$R,"<="&M$6)*0.1+SUMIFS(EDSR!$I:$I,EDSR!$A:$A,'Progress%'!$B16,EDSR!$U:$U,"<="&M$6)*0.2)/$C16 -> 0.14736 | ... CT16: =IF($C16>0,SUMIFS(EDSR!$I:$I,EDSR!$A:$A,'Progress%'!$B16,EDSR!$L:$L,"<="&CT$6)*0.5+SUMIFS(EDSR!$I:$I,EDSR!$A:$A,'Progress%'!$B16,EDSR!$O:$O,"<="&CT$6)*0.2+SUMIFS(EDSR!$I:$I,EDSR!$A:$A,'Progress%'!$B16,EDSR!$R:$R,"<="&CT$6)*0.1+SUMIFS(EDSR!$I:$I,EDSR!$A:$A,'Progress%'!$B16,EDSR!$U:$U,"<="&CT$6)*0.2)/$C16 -> 0.769608
A17: 17
A18: 18
A19: 19 | B19: Scope | C19: Total WF | D19: WF% | E19: Jacket & Pile ZWP-22
A20: 20 | F20: 46101 | G20: =F20+7 -> 46108 | H20: =G20+7 -> 46115 | I20: =H20+7 -> 46122 | J20: =I20+7 -> 46129 | K20: =J20+7 -> 46136 | L20: =K20+7 -> 46143 | M20: =L20+7 -> 46150 | N20: =M20+7 -> 46157 | ... CT20: =CS20+7 -> 46745
A21: 21 | B21: ZWP-22 | C21: 25 | D21: 0.25 | E21: Plan | F21: =IF($C21>0,SUMIFS(EDSR!$I:$I,EDSR!$A:$A,'Progress%'!$B21,EDSR!$J:$J,"<="&F$6)*0.5+SUMIFS(EDSR!$I:$I,EDSR!$A:$A,'Progress%'!$B21,EDSR!$M:$M,"<="&F$6)*0.2+SUMIFS(EDSR!$I:$I,EDSR!$A:$A,'Progress%'!$B21,EDSR!$P:$P,"<="&F$6)*0.1+SUMIFS(EDSR!$I:$I,EDSR!$A:$A,'Progress%'!$B21,EDSR!$S:$S,"<="&F$6)*0.2)/$C21 -> 0 | G21: =IF($C21>0,SUMIFS(EDSR!$I:$I,EDSR!$A:$A,'Progress%'!$B21,EDSR!$J:$J,"<="&G$6)*0.5+SUMIFS(EDSR!$I:$I,EDSR!$A:$A,'Progress%'!$B21,EDSR!$M:$M,"<="&G$6)*0.2+SUMIFS(EDSR!$I:$I,EDSR!$A:$A,'Progress%'!$B21,EDSR!$P:$P,"<="&G$6)*0.1+SUMIFS(EDSR!$I:$I,EDSR!$A:$A,'Progress%'!$B21,EDSR!$S:$S,"<="&G$6)*0.2)/$C21 -> 0 | H21: =IF($C21>0,SUMIFS(EDSR!$I:$I,EDSR!$A:$A,'Progress%'!$B21,EDSR!$J:$J,"<="&H$6)*0.5+SUMIFS(EDSR!$I:$I,EDSR!$A:$A,'Progress%'!$B21,EDSR!$M:$M,"<="&H$6)*0.2+SUMIFS(EDSR!$I:$I,EDSR!$A:$A,'Progress%'!$B21,EDSR!$P:$P,"<="&H$6)*0.1+SUMIFS(EDSR!$I:$I,EDSR!$A:$A,'Progress%'!$B21,EDSR!$S:$S,"<="&H$6)*0.2)/$C21 -> 0.02 | I21: =IF($C21>0,SUMIFS(EDSR!$I:$I,EDSR!$A:$A,'Progress%'!$B21,EDSR!$J:$J,"<="&I$6)*0.5+SUMIFS(EDSR!$I:$I,EDSR!$A:$A,'Progress%'!$B21,EDSR!$M:$M,"<="&I$6)*0.2+SUMIFS(EDSR!$I:$I,EDSR!$A:$A,'Progress%'!$B21,EDSR!$P:$P,"<="&I$6)*0.1+SUMIFS(EDSR!$I:$I,EDSR!$A:$A,'Progress%'!$B21,EDSR!$S:$S,"<="&I$6)*0.2)/$C21 -> 0.028 | J21: =IF($C21>0,SUMIFS(EDSR!$I:$I,EDSR!$A:$A,'Progress%'!$B21,EDSR!$J:$J,"<="&J$6)*0.5+SUMIFS(EDSR!$I:$I,EDSR!$A:$A,'Progress%'!$B21,EDSR!$M:$M,"<="&J$6)*0.2+SUMIFS(EDSR!$I:$I,EDSR!$A:$A,'Progress%'!$B21,EDSR!$P:$P,"<="&J$6)*0.1+SUMIFS(EDSR!$I:$I,EDSR!$A:$A,'Progress%'!$B21,EDSR!$S:$S,"<="&J$6)*0.2)/$C21 -> 0.036 | K21: =IF($C21>0,SUMIFS(EDSR!$I:$I,EDSR!$A:$A,'Progress%'!$B21,EDSR!$J:$J,"<="&K$6)*0.5+SUMIFS(EDSR!$I:$I,EDSR!$A:$A,'Progress%'!$B21,EDSR!$M:$M,"<="&K$6)*0.2+SUMIFS(EDSR!$I:$I,EDSR!$A:$A,'Progress%'!$B21,EDSR!$P:$P,"<="&K$6)*0.1+SUMIFS(EDSR!$I:$I,EDSR!$A:$A,'Progress%'!$B21,EDSR!$S:$S,"<="&K$6)*0.2)/$C21 -> 0.036 | L21: =IF($C21>0,SUMIFS(EDSR!$I:$I,EDSR!$A:$A,'Progress%'!$B21,EDSR!$J:$J,"<="&L$6)*0.5+SUMIFS(EDSR!$I:$I,EDSR!$A:$A,'Progress%'!$B21,EDSR!$M:$M,"<="&L$6)*0.2+SUMIFS(EDSR!$I:$I,EDSR!$A:$A,'Progress%'!$B21,EDSR!$P:$P,"<="&L$6)*0.1+SUMIFS(EDSR!$I:$I,EDSR!$A:$A,'Progress%'!$B21,EDSR!$S:$S,"<="&L$6)*0.2)/$C21 -> 0.048 | M21: =IF($C21>0,SUMIFS(EDSR!$I:$I,EDSR!$A:$A,'Progress%'!$B21,EDSR!$J:$J,"<="&M$6)*0.5+SUMIFS(EDSR!$I:$I,EDSR!$A:$A,'Progress%'!$B21,EDSR!$M:$M,"<="&M$6)*0.2+SUMIFS(EDSR!$I:$I,EDSR!$A:$A,'Progress%'!$B21,EDSR!$P:$P,"<="&M$6)*0.1+SUMIFS(EDSR!$I:$I,EDSR!$A:$A,'Progress%'!$B21,EDSR!$S:$S,"<="&M$6)*0.2)/$C21 -> 0.048 | ... CT21: =IF($C21>0,SUMIFS(EDSR!$I:$I,EDSR!$A:$A,'Progress%'!$B21,EDSR!$J:$J,"<="&CT$6)*0.5+SUMIFS(EDSR!$I:$I,EDSR!$A:$A,'Progress%'!$B21,EDSR!$M:$M,"<="&CT$6)*0.2+SUMIFS(EDSR!$I:$I,EDSR!$A:$A,'Progress%'!$B21,EDSR!$P:$P,"<="&CT$6)*0.1+SUMIFS(EDSR!$I:$I,EDSR!$A:$A,'Progress%'!$B21,EDSR!$S:$S,"<="&CT$6)*0.2)/$C21 -> 0.9
A22: 22 | B22: ZWP-22 | C22: 25 | D22: 0.25 | E22: Forecast | F22: =IF($C21>0,SUMIFS(EDSR!$I:$I,EDSR!$A:$A,'Progress%'!$B21,EDSR!$K:$K,"<="&F$6)*0.5+SUMIFS(EDSR!$I:$I,EDSR!$A:$A,'Progress%'!$B21,EDSR!$N:$N,"<="&F$6)*0.2+SUMIFS(EDSR!$I:$I,EDSR!$A:$A,'Progress%'!$B21,EDSR!$Q:$Q,"<="&F$6)*0.1+SUMIFS(EDSR!$I:$I,EDSR!$A:$A,'Progress%'!$B21,EDSR!$T:$T,"<="&F$6)*0.2)/$C21 -> 0 | G22: =IF($C21>0,SUMIFS(EDSR!$I:$I,EDSR!$A:$A,'Progress%'!$B21,EDSR!$K:$K,"<="&G$6)*0.5+SUMIFS(EDSR!$I:$I,EDSR!$A:$A,'Progress%'!$B21,EDSR!$N:$N,"<="&G$6)*0.2+SUMIFS(EDSR!$I:$I,EDSR!$A:$A,'Progress%'!$B21,EDSR!$Q:$Q,"<="&G$6)*0.1+SUMIFS(EDSR!$I:$I,EDSR!$A:$A,'Progress%'!$B21,EDSR!$T:$T,"<="&G$6)*0.2)/$C21 -> 0 | H22: =IF($C21>0,SUMIFS(EDSR!$I:$I,EDSR!$A:$A,'Progress%'!$B21,EDSR!$K:$K,"<="&H$6)*0.5+SUMIFS(EDSR!$I:$I,EDSR!$A:$A,'Progress%'!$B21,EDSR!$N:$N,"<="&H$6)*0.2+SUMIFS(EDSR!$I:$I,EDSR!$A:$A,'Progress%'!$B21,EDSR!$Q:$Q,"<="&H$6)*0.1+SUMIFS(EDSR!$I:$I,EDSR!$A:$A,'Progress%'!$B21,EDSR!$T:$T,"<="&H$6)*0.2)/$C21 -> 0.02 | I22: =IF($C21>0,SUMIFS(EDSR!$I:$I,EDSR!$A:$A,'Progress%'!$B21,EDSR!$K:$K,"<="&I$6)*0.5+SUMIFS(EDSR!$I:$I,EDSR!$A:$A,'Progress%'!$B21,EDSR!$N:$N,"<="&I$6)*0.2+SUMIFS(EDSR!$I:$I,EDSR!$A:$A,'Progress%'!$B21,EDSR!$Q:$Q,"<="&I$6)*0.1+SUMIFS(EDSR!$I:$I,EDSR!$A:$A,'Progress%'!$B21,EDSR!$T:$T,"<="&I$6)*0.2)/$C21 -> 0.028 | J22: =IF($C21>0,SUMIFS(EDSR!$I:$I,EDSR!$A:$A,'Progress%'!$B21,EDSR!$K:$K,"<="&J$6)*0.5+SUMIFS(EDSR!$I:$I,EDSR!$A:$A,'Progress%'!$B21,EDSR!$N:$N,"<="&J$6)*0.2+SUMIFS(EDSR!$I:$I,EDSR!$A:$A,'Progress%'!$B21,EDSR!$Q:$Q,"<="&J$6)*0.1+SUMIFS(EDSR!$I:$I,EDSR!$A:$A,'Progress%'!$B21,EDSR!$T:$T,"<="&J$6)*0.2)/$C21 -> 0.036 | K22: =IF($C21>0,SUMIFS(EDSR!$I:$I,EDSR!$A:$A,'Progress%'!$B21,EDSR!$K:$K,"<="&K$6)*0.5+SUMIFS(EDSR!$I:$I,EDSR!$A:$A,'Progress%'!$B21,EDSR!$N:$N,"<="&K$6)*0.2+SUMIFS(EDSR!$I:$I,EDSR!$A:$A,'Progress%'!$B21,EDSR!$Q:$Q,"<="&K$6)*0.1+SUMIFS(EDSR!$I:$I,EDSR!$A:$A,'Progress%'!$B21,EDSR!$T:$T,"<="&K$6)*0.2)/$C21 -> 0.036 | L22: =IF($C21>0,SUMIFS(EDSR!$I:$I,EDSR!$A:$A,'Progress%'!$B21,EDSR!$K:$K,"<="&L$6)*0.5+SUMIFS(EDSR!$I:$I,EDSR!$A:$A,'Progress%'!$B21,EDSR!$N:$N,"<="&L$6)*0.2+SUMIFS(EDSR!$I:$I,EDSR!$A:$A,'Progress%'!$B21,EDSR!$Q:$Q,"<="&L$6)*0.1+SUMIFS(EDSR!$I:$I,EDSR!$A:$A,'Progress%'!$B21,EDSR!$T:$T,"<="&L$6)*0.2)/$C21 -> 0.048 | M22: =IF($C21>0,SUMIFS(EDSR!$I:$I,EDSR!$A:$A,'Progress%'!$B21,EDSR!$K:$K,"<="&M$6)*0.5+SUMIFS(EDSR!$I:$I,EDSR!$A:$A,'Progress%'!$B21,EDSR!$N:$N,"<="&M$6)*0.2+SUMIFS(EDSR!$I:$I,EDSR!$A:$A,'Progress%'!$B21,EDSR!$Q:$Q,"<="&M$6)*0.1+SUMIFS(EDSR!$I:$I,EDSR!$A:$A,'Progress%'!$B21,EDSR!$T:$T,"<="&M$6)*0.2)/$C21 -> 0.048 | ... CT22: =IF($C21>0,SUMIFS(EDSR!$I:$I,EDSR!$A:$A,'Progress%'!$B21,EDSR!$K:$K,"<="&CT$6)*0.5+SUMIFS(EDSR!$I:$I,EDSR!$A:$A,'Progress%'!$B21,EDSR!$N:$N,"<="&CT$6)*0.2+SUMIFS(EDSR!$I:$I,EDSR!$A:$A,'Progress%'!$B21,EDSR!$Q:$Q,"<="&CT$6)*0.1+SUMIFS(EDSR!$I:$I,EDSR!$A:$A,'Progress%'!$B21,EDSR!$T:$T,"<="&CT$6)*0.2)/$C21 -> 0.9
A23: 23 | B23: ZWP-22 | C23: 25 | D23: 0.25 | E23: Actual | F23: =IF($C23>0,SUMIFS(EDSR!$I:$I,EDSR!$A:$A,'Progress%'!$B23,EDSR!$L:$L,"<="&F$6)*0.5+SUMIFS(EDSR!$I:$I,EDSR!$A:$A,'Progress%'!$B23,EDSR!$O:$O,"<="&F$6)*0.2+SUMIFS(EDSR!$I:$I,EDSR!$A:$A,'Progress%'!$B23,EDSR!$R:$R,"<="&F$6)*0.1+SUMIFS(EDSR!$I:$I,EDSR!$A:$A,'Progress%'!$B23,EDSR!$U:$U,"<="&F$6)*0.2)/$C23 -> 0 | G23: =IF($C23>0,SUMIFS(EDSR!$I:$I,EDSR!$A:$A,'Progress%'!$B23,EDSR!$L:$L,"<="&G$6)*0.5+SUMIFS(EDSR!$I:$I,EDSR!$A:$A,'Progress%'!$B23,EDSR!$O:$O,"<="&G$6)*0.2+SUMIFS(EDSR!$I:$I,EDSR!$A:$A,'Progress%'!$B23,EDSR!$R:$R,"<="&G$6)*0.1+SUMIFS(EDSR!$I:$I,EDSR!$A:$A,'Progress%'!$B23,EDSR!$U:$U,"<="&G$6)*0.2)/$C23 -> 0 | H23: =IF($C23>0,SUMIFS(EDSR!$I:$I,EDSR!$A:$A,'Progress%'!$B23,EDSR!$L:$L,"<="&H$6)*0.5+SUMIFS(EDSR!$I:$I,EDSR!$A:$A,'Progress%'!$B23,EDSR!$O:$O,"<="&H$6)*0.2+SUMIFS(EDSR!$I:$I,EDSR!$A:$A,'Progress%'!$B23,EDSR!$R:$R,"<="&H$6)*0.1+SUMIFS(EDSR!$I:$I,EDSR!$A:$A,'Progress%'!$B23,EDSR!$U:$U,"<="&H$6)*0.2)/$C23 -> 0.028 | I23: =IF($C23>0,SUMIFS(EDSR!$I:$I,EDSR!$A:$A,'Progress%'!$B23,EDSR!$L:$L,"<="&I$6)*0.5+SUMIFS(EDSR!$I:$I,EDSR!$A:$A,'Progress%'!$B23,EDSR!$O:$O,"<="&I$6)*0.2+SUMIFS(EDSR!$I:$I,EDSR!$A:$A,'Progress%'!$B23,EDSR!$R:$R,"<="&I$6)*0.1+SUMIFS(EDSR!$I:$I,EDSR!$A:$A,'Progress%'!$B23,EDSR!$U:$U,"<="&I$6)*0.2)/$C23 -> 0.028 | J23: =IF($C23>0,SUMIFS(EDSR!$I:$I,EDSR!$A:$A,'Progress%'!$B23,EDSR!$L:$L,"<="&J$6)*0.5+SUMIFS(EDSR!$I:$I,EDSR!$A:$A,'Progress%'!$B23,EDSR!$O:$O,"<="&J$6)*0.2+SUMIFS(EDSR!$I:$I,EDSR!$A:$A,'Progress%'!$B23,EDSR!$R:$R,"<="&J$6)*0.1+SUMIFS(EDSR!$I:$I,EDSR!$A:$A,'Progress%'!$B23,EDSR!$U:$U,"<="&J$6)*0.2)/$C23 -> 0.028 | K23: =IF($C23>0,SUMIFS(EDSR!$I:$I,EDSR!$A:$A,'Progress%'!$B23,EDSR!$L:$L,"<="&K$6)*0.5+SUMIFS(EDSR!$I:$I,EDSR!$A:$A,'Progress%'!$B23,EDSR!$O:$O,"<="&K$6)*0.2+SUMIFS(EDSR!$I:$I,EDSR!$A:$A,'Progress%'!$B23,EDSR!$R:$R,"<="&K$6)*0.1+SUMIFS(EDSR!$I:$I,EDSR!$A:$A,'Progress%'!$B23,EDSR!$U:$U,"<="&K$6)*0.2)/$C23 -> 0.0668 | L23: =IF($C23>0,SUMIFS(EDSR!$I:$I,EDSR!$A:$A,'Progress%'!$B23,EDSR!$L:$L,"<="&L$6)*0.5+SUMIFS(EDSR!$I:$I,EDSR!$A:$A,'Progress%'!$B23,EDSR!$O:$O,"<="&L$6)*0.2+SUMIFS(EDSR!$I:$I,EDSR!$A:$A,'Progress%'!$B23,EDSR!$R:$R,"<="&L$6)*0.1+SUMIFS(EDSR!$I:$I,EDSR!$A:$A,'Progress%'!$B23,EDSR!$U:$U,"<="&L$6)*0.2)/$C23 -> 0.10254 | M23: =IF($C23>0,SUMIFS(EDSR!$I:$I,EDSR!$A:$A,'Progress%'!$B23,EDSR!$L:$L,"<="&M$6)*0.5+SUMIFS(EDSR!$I:$I,EDSR!$A:$A,'Progress%'!$B23,EDSR!$O:$O,"<="&M$6)*0.2+SUMIFS(EDSR!$I:$I,EDSR!$A:$A,'Progress%'!$B23,EDSR!$R:$R,"<="&M$6)*0.1+SUMIFS(EDSR!$I:$I,EDSR!$A:$A,'Progress%'!$B23,EDSR!$U:$U,"<="&M$6)*0.2)/$C23 -> 0.11736 | ... CT23: =IF($C23>0,SUMIFS(EDSR!$I:$I,EDSR!$A:$A,'Progress%'!$B23,EDSR!$L:$L,"<="&CT$6)*0.5+SUMIFS(EDSR!$I:$I,EDSR!$A:$A,'Progress%'!$B23,EDSR!$O:$O,"<="&CT$6)*0.2+SUMIFS(EDSR!$I:$I,EDSR!$A:$A,'Progress%'!$B23,EDSR!$R:$R,"<="&CT$6)*0.1+SUMIFS(EDSR!$I:$I,EDSR!$A:$A,'Progress%'!$B23,EDSR!$U:$U,"<="&CT$6)*0.2)/$C23 -> 0.708748
A24: 24
A25: 25
A26: 26 | B26: Scope | C26: Total WF | D26: WF% | E26: Jacket & Pile ZWP-20
A27: 27 | F27: 46101 | G27: =F27+7 -> 46108 | H27: =G27+7 -> 46115 | I27: =H27+7 -> 46122 | J27: =I27+7 -> 46129 | K27: =J27+7 -> 46136 | L27: =K27+7 -> 46143 | M27: =L27+7 -> 46150 | N27: =M27+7 -> 46157 | ... CT27: =CS27+7 -> 46745
A28: 28 | B28: ZWP-20 | C28: 25 | D28: 0.25 | E28: Plan | F28: =IF($C28>0,SUMIFS(EDSR!$I:$I,EDSR!$A:$A,'Progress%'!$B28,EDSR!$J:$J,"<="&F$6)*0.5+SUMIFS(EDSR!$I:$I,EDSR!$A:$A,'Progress%'!$B28,EDSR!$M:$M,"<="&F$6)*0.2+SUMIFS(EDSR!$I:$I,EDSR!$A:$A,'Progress%'!$B28,EDSR!$P:$P,"<="&F$6)*0.1+SUMIFS(EDSR!$I:$I,EDSR!$A:$A,'Progress%'!$B28,EDSR!$S:$S,"<="&F$6)*0.2)/$C28 -> 0 | G28: =IF($C28>0,SUMIFS(EDSR!$I:$I,EDSR!$A:$A,'Progress%'!$B28,EDSR!$J:$J,"<="&G$6)*0.5+SUMIFS(EDSR!$I:$I,EDSR!$A:$A,'Progress%'!$B28,EDSR!$M:$M,"<="&G$6)*0.2+SUMIFS(EDSR!$I:$I,EDSR!$A:$A,'Progress%'!$B28,EDSR!$P:$P,"<="&G$6)*0.1+SUMIFS(EDSR!$I:$I,EDSR!$A:$A,'Progress%'!$B28,EDSR!$S:$S,"<="&G$6)*0.2)/$C28 -> 0 | H28: =IF($C28>0,SUMIFS(EDSR!$I:$I,EDSR!$A:$A,'Progress%'!$B28,EDSR!$J:$J,"<="&H$6)*0.5+SUMIFS(EDSR!$I:$I,EDSR!$A:$A,'Progress%'!$B28,EDSR!$M:$M,"<="&H$6)*0.2+SUMIFS(EDSR!$I:$I,EDSR!$A:$A,'Progress%'!$B28,EDSR!$P:$P,"<="&H$6)*0.1+SUMIFS(EDSR!$I:$I,EDSR!$A:$A,'Progress%'!$B28,EDSR!$S:$S,"<="&H$6)*0.2)/$C28 -> 0.02 | I28: =IF($C28>0,SUMIFS(EDSR!$I:$I,EDSR!$A:$A,'Progress%'!$B28,EDSR!$J:$J,"<="&I$6)*0.5+SUMIFS(EDSR!$I:$I,EDSR!$A:$A,'Progress%'!$B28,EDSR!$M:$M,"<="&I$6)*0.2+SUMIFS(EDSR!$I:$I,EDSR!$A:$A,'Progress%'!$B28,EDSR!$P:$P,"<="&I$6)*0.1+SUMIFS(EDSR!$I:$I,EDSR!$A:$A,'Progress%'!$B28,EDSR!$S:$S,"<="&I$6)*0.2)/$C28 -> 0.028 | J28: =IF($C28>0,SUMIFS(EDSR!$I:$I,EDSR!$A:$A,'Progress%'!$B28,EDSR!$J:$J,"<="&J$6)*0.5+SUMIFS(EDSR!$I:$I,EDSR!$A:$A,'Progress%'!$B28,EDSR!$M:$M,"<="&J$6)*0.2+SUMIFS(EDSR!$I:$I,EDSR!$A:$A,'Progress%'!$B28,EDSR!$P:$P,"<="&J$6)*0.1+SUMIFS(EDSR!$I:$I,EDSR!$A:$A,'Progress%'!$B28,EDSR!$S:$S,"<="&J$6)*0.2)/$C28 -> 0.036 | K28: =IF($C28>0,SUMIFS(EDSR!$I:$I,EDSR!$A:$A,'Progress%'!$B28,EDSR!$J:$J,"<="&K$6)*0.5+SUMIFS(EDSR!$I:$I,EDSR!$A:$A,'Progress%'!$B28,EDSR!$M:$M,"<="&K$6)*0.2+SUMIFS(EDSR!$I:$I,EDSR!$A:$A,'Progress%'!$B28,EDSR!$P:$P,"<="&K$6)*0.1+SUMIFS(EDSR!$I:$I,EDSR!$A:$A,'Progress%'!$B28,EDSR!$S:$S,"<="&K$6)*0.2)/$C28 -> 0.036 | L28: =IF($C28>0,SUMIFS(EDSR!$I:$I,EDSR!$A:$A,'Progress%'!$B28,EDSR!$J:$J,"<="&L$6)*0.5+SUMIFS(EDSR!$I:$I,EDSR!$A:$A,'Progress%'!$B28,EDSR!$M:$M,"<="&L$6)*0.2+SUMIFS(EDSR!$I:$I,EDSR!$A:$A,'Progress%'!$B28,EDSR!$P:$P,"<="&L$6)*0.1+SUMIFS(EDSR!$I:$I,EDSR!$A:$A,'Progress%'!$B28,EDSR!$S:$S,"<="&L$6)*0.2)/$C28 -> 0.048 | M28: =IF($C28>0,SUMIFS(EDSR!$I:$I,EDSR!$A:$A,'Progress%'!$B28,EDSR!$J:$J,"<="&M$6)*0.5+SUMIFS(EDSR!$I:$I,EDSR!$A:$A,'Progress%'!$B28,EDSR!$M:$M,"<="&M$6)*0.2+SUMIFS(EDSR!$I:$I,EDSR!$A:$A,'Progress%'!$B28,EDSR!$P:$P,"<="&M$6)*0.1+SUMIFS(EDSR!$I:$I,EDSR!$A:$A,'Progress%'!$B28,EDSR!$S:$S,"<="&M$6)*0.2)/$C28 -> 0.048 | ... CT28: =IF($C28>0,SUMIFS(EDSR!$I:$I,EDSR!$A:$A,'Progress%'!$B28,EDSR!$J:$J,"<="&CT$6)*0.5+SUMIFS(EDSR!$I:$I,EDSR!$A:$A,'Progress%'!$B28,EDSR!$M:$M,"<="&CT$6)*0.2+SUMIFS(EDSR!$I:$I,EDSR!$A:$A,'Progress%'!$B28,EDSR!$P:$P,"<="&CT$6)*0.1+SUMIFS(EDSR!$I:$I,EDSR!$A:$A,'Progress%'!$B28,EDSR!$S:$S,"<="&CT$6)*0.2)/$C28 -> 0.9
A29: 29 | B29: ZWP-20 | C29: 25 | D29: 0.25 | E29: Forecast | F29: =IF($C28>0,SUMIFS(EDSR!$I:$I,EDSR!$A:$A,'Progress%'!$B28,EDSR!$K:$K,"<="&F$6)*0.5+SUMIFS(EDSR!$I:$I,EDSR!$A:$A,'Progress%'!$B28,EDSR!$N:$N,"<="&F$6)*0.2+SUMIFS(EDSR!$I:$I,EDSR!$A:$A,'Progress%'!$B28,EDSR!$Q:$Q,"<="&F$6)*0.1+SUMIFS(EDSR!$I:$I,EDSR!$A:$A,'Progress%'!$B28,EDSR!$T:$T,"<="&F$6)*0.2)/$C28 -> 0 | G29: =IF($C28>0,SUMIFS(EDSR!$I:$I,EDSR!$A:$A,'Progress%'!$B28,EDSR!$K:$K,"<="&G$6)*0.5+SUMIFS(EDSR!$I:$I,EDSR!$A:$A,'Progress%'!$B28,EDSR!$N:$N,"<="&G$6)*0.2+SUMIFS(EDSR!$I:$I,EDSR!$A:$A,'Progress%'!$B28,EDSR!$Q:$Q,"<="&G$6)*0.1+SUMIFS(EDSR!$I:$I,EDSR!$A:$A,'Progress%'!$B28,EDSR!$T:$T,"<="&G$6)*0.2)/$C28 -> 0 | H29: =IF($C28>0,SUMIFS(EDSR!$I:$I,EDSR!$A:$A,'Progress%'!$B28,EDSR!$K:$K,"<="&H$6)*0.5+SUMIFS(EDSR!$I:$I,EDSR!$A:$A,'Progress%'!$B28,EDSR!$N:$N,"<="&H$6)*0.2+SUMIFS(EDSR!$I:$I,EDSR!$A:$A,'Progress%'!$B28,EDSR!$Q:$Q,"<="&H$6)*0.1+SUMIFS(EDSR!$I:$I,EDSR!$A:$A,'Progress%'!$B28,EDSR!$T:$T,"<="&H$6)*0.2)/$C28 -> 0.02 | I29: =IF($C28>0,SUMIFS(EDSR!$I:$I,EDSR!$A:$A,'Progress%'!$B28,EDSR!$K:$K,"<="&I$6)*0.5+SUMIFS(EDSR!$I:$I,EDSR!$A:$A,'Progress%'!$B28,EDSR!$N:$N,"<="&I$6)*0.2+SUMIFS(EDSR!$I:$I,EDSR!$A:$A,'Progress%'!$B28,EDSR!$Q:$Q,"<="&I$6)*0.1+SUMIFS(EDSR!$I:$I,EDSR!$A:$A,'Progress%'!$B28,EDSR!$T:$T,"<="&I$6)*0.2)/$C28 -> 0.028 | J29: =IF($C28>0,SUMIFS(EDSR!$I:$I,EDSR!$A:$A,'Progress%'!$B28,EDSR!$K:$K,"<="&J$6)*0.5+SUMIFS(EDSR!$I:$I,EDSR!$A:$A,'Progress%'!$B28,EDSR!$N:$N,"<="&J$6)*0.2+SUMIFS(EDSR!$I:$I,EDSR!$A:$A,'Progress%'!$B28,EDSR!$Q:$Q,"<="&J$6)*0.1+SUMIFS(EDSR!$I:$I,EDSR!$A:$A,'Progress%'!$B28,EDSR!$T:$T,"<="&J$6)*0.2)/$C28 -> 0.036 | K29: =IF($C28>0,SUMIFS(EDSR!$I:$I,EDSR!$A:$A,'Progress%'!$B28,EDSR!$K:$K,"<="&K$6)*0.5+SUMIFS(EDSR!$I:$I,EDSR!$A:$A,'Progress%'!$B28,EDSR!$N:$N,"<="&K$6)*0.2+SUMIFS(EDSR!$I:$I,EDSR!$A:$A,'Progress%'!$B28,EDSR!$Q:$Q,"<="&K$6)*0.1+SUMIFS(EDSR!$I:$I,EDSR!$A:$A,'Progress%'!$B28,EDSR!$T:$T,"<="&K$6)*0.2)/$C28 -> 0.036 | L29: =IF($C28>0,SUMIFS(EDSR!$I:$I,EDSR!$A:$A,'Progress%'!$B28,EDSR!$K:$K,"<="&L$6)*0.5+SUMIFS(EDSR!$I:$I,EDSR!$A:$A,'Progress%'!$B28,EDSR!$N:$N,"<="&L$6)*0.2+SUMIFS(EDSR!$I:$I,EDSR!$A:$A,'Progress%'!$B28,EDSR!$Q:$Q,"<="&L$6)*0.1+SUMIFS(EDSR!$I:$I,EDSR!$A:$A,'Progress%'!$B28,EDSR!$T:$T,"<="&L$6)*0.2)/$C28 -> 0.048 | M29: =IF($C28>0,SUMIFS(EDSR!$I:$I,EDSR!$A:$A,'Progress%'!$B28,EDSR!$K:$K,"<="&M$6)*0.5+SUMIFS(EDSR!$I:$I,EDSR!$A:$A,'Progress%'!$B28,EDSR!$N:$N,"<="&M$6)*0.2+SUMIFS(EDSR!$I:$I,EDSR!$A:$A,'Progress%'!$B28,EDSR!$Q:$Q,"<="&M$6)*0.1+SUMIFS(EDSR!$I:$I,EDSR!$A:$A,'Progress%'!$B28,EDSR!$T:$T,"<="&M$6)*0.2)/$C28 -> 0.048 | ... CT29: =IF($C28>0,SUMIFS(EDSR!$I:$I,EDSR!$A:$A,'Progress%'!$B28,EDSR!$K:$K,"<="&CT$6)*0.5+SUMIFS(EDSR!$I:$I,EDSR!$A:$A,'Progress%'!$B28,EDSR!$N:$N,"<="&CT$6)*0.2+SUMIFS(EDSR!$I:$I,EDSR!$A:$A,'Progress%'!$B28,EDSR!$Q:$Q,"<="&CT$6)*0.1+SUMIFS(EDSR!$I:$I,EDSR!$A:$A,'Progress%'!$B28,EDSR!$T:$T,"<="&CT$6)*0.2)/$C28 -> 0.9
A30: 30 | B30: ZWP-20 | C30: 25 | D30: 0.25 | E30: Actual | F30: =IF($C30>0,SUMIFS(EDSR!$I:$I,EDSR!$A:$A,'Progress%'!$B30,EDSR!$L:$L,"<="&F$6)*0.5+SUMIFS(EDSR!$I:$I,EDSR!$A:$A,'Progress%'!$B30,EDSR!$O:$O,"<="&F$6)*0.2+SUMIFS(EDSR!$I:$I,EDSR!$A:$A,'Progress%'!$B30,EDSR!$R:$R,"<="&F$6)*0.1+SUMIFS(EDSR!$I:$I,EDSR!$A:$A,'Progress%'!$B30,EDSR!$U:$U,"<="&F$6)*0.2)/$C30 -> 0 | G30: =IF($C30>0,SUMIFS(EDSR!$I:$I,EDSR!$A:$A,'Progress%'!$B30,EDSR!$L:$L,"<="&G$6)*0.5+SUMIFS(EDSR!$I:$I,EDSR!$A:$A,'Progress%'!$B30,EDSR!$O:$O,"<="&G$6)*0.2+SUMIFS(EDSR!$I:$I,EDSR!$A:$A,'Progress%'!$B30,EDSR!$R:$R,"<="&G$6)*0.1+SUMIFS(EDSR!$I:$I,EDSR!$A:$A,'Progress%'!$B30,EDSR!$U:$U,"<="&G$6)*0.2)/$C30 -> 0 | H30: =IF($C30>0,SUMIFS(EDSR!$I:$I,EDSR!$A:$A,'Progress%'!$B30,EDSR!$L:$L,"<="&H$6)*0.5+SUMIFS(EDSR!$I:$I,EDSR!$A:$A,'Progress%'!$B30,EDSR!$O:$O,"<="&H$6)*0.2+SUMIFS(EDSR!$I:$I,EDSR!$A:$A,'Progress%'!$B30,EDSR!$R:$R,"<="&H$6)*0.1+SUMIFS(EDSR!$I:$I,EDSR!$A:$A,'Progress%'!$B30,EDSR!$U:$U,"<="&H$6)*0.2)/$C30 -> 0.028 | I30: =IF($C30>0,SUMIFS(EDSR!$I:$I,EDSR!$A:$A,'Progress%'!$B30,EDSR!$L:$L,"<="&I$6)*0.5+SUMIFS(EDSR!$I:$I,EDSR!$A:$A,'Progress%'!$B30,EDSR!$O:$O,"<="&I$6)*0.2+SUMIFS(EDSR!$I:$I,EDSR!$A:$A,'Progress%'!$B30,EDSR!$R:$R,"<="&I$6)*0.1+SUMIFS(EDSR!$I:$I,EDSR!$A:$A,'Progress%'!$B30,EDSR!$U:$U,"<="&I$6)*0.2)/$C30 -> 0.028 | J30: =IF($C30>0,SUMIFS(EDSR!$I:$I,EDSR!$A:$A,'Progress%'!$B30,EDSR!$L:$L,"<="&J$6)*0.5+SUMIFS(EDSR!$I:$I,EDSR!$A:$A,'Progress%'!$B30,EDSR!$O:$O,"<="&J$6)*0.2+SUMIFS(EDSR!$I:$I,EDSR!$A:$A,'Progress%'!$B30,EDSR!$R:$R,"<="&J$6)*0.1+SUMIFS(EDSR!$I:$I,EDSR!$A:$A,'Progress%'!$B30,EDSR!$U:$U,"<="&J$6)*0.2)/$C30 -> 0.028 | K30: =IF($C30>0,SUMIFS(EDSR!$I:$I,EDSR!$A:$A,'Progress%'!$B30,EDSR!$L:$L,"<="&K$6)*0.5+SUMIFS(EDSR!$I:$I,EDSR!$A:$A,'Progress%'!$B30,EDSR!$O:$O,"<="&K$6)*0.2+SUMIFS(EDSR!$I:$I,EDSR!$A:$A,'Progress%'!$B30,EDSR!$R:$R,"<="&K$6)*0.1+SUMIFS(EDSR!$I:$I,EDSR!$A:$A,'Progress%'!$B30,EDSR!$U:$U,"<="&K$6)*0.2)/$C30 -> 0.0668 | L30: =IF($C30>0,SUMIFS(EDSR!$I:$I,EDSR!$A:$A,'Progress%'!$B30,EDSR!$L:$L,"<="&L$6)*0.5+SUMIFS(EDSR!$I:$I,EDSR!$A:$A,'Progress%'!$B30,EDSR!$O:$O,"<="&L$6)*0.2+SUMIFS(EDSR!$I:$I,EDSR!$A:$A,'Progress%'!$B30,EDSR!$R:$R,"<="&L$6)*0.1+SUMIFS(EDSR!$I:$I,EDSR!$A:$A,'Progress%'!$B30,EDSR!$U:$U,"<="&L$6)*0.2)/$C30 -> 0.10254 | M30: =IF($C30>0,SUMIFS(EDSR!$I:$I,EDSR!$A:$A,'Progress%'!$B30,EDSR!$L:$L,"<="&M$6)*0.5+SUMIFS(EDSR!$I:$I,EDSR!$A:$A,'Progress%'!$B30,EDSR!$O:$O,"<="&M$6)*0.2+SUMIFS(EDSR!$I:$I,EDSR!$A:$A,'Progress%'!$B30,EDSR!$R:$R,"<="&M$6)*0.1+SUMIFS(EDSR!$I:$I,EDSR!$A:$A,'Progress%'!$B30,EDSR!$U:$U,"<="&M$6)*0.2)/$C30 -> 0.11736 | ... CT30: =IF($C30>0,SUMIFS(EDSR!$I:$I,EDSR!$A:$A,'Progress%'!$B30,EDSR!$L:$L,"<="&CT$6)*0.5+SUMIFS(EDSR!$I:$I,EDSR!$A:$A,'Progress%'!$B30,EDSR!$O:$O,"<="&CT$6)*0.2+SUMIFS(EDSR!$I:$I,EDSR!$A:$A,'Progress%'!$B30,EDSR!$R:$R,"<="&CT$6)*0.1+SUMIFS(EDSR!$I:$I,EDSR!$A:$A,'Progress%'!$B30,EDSR!$U:$U,"<="&CT$6)*0.2)/$C30 -> 0.677112
A31: 31
A32: 32
A33: 33 | B33: Scope | C33: Total WF | D33: WF% | E33: Jacket & Pile - Overall DDE
A34: 34 | F34: 46101 | G34: =F34+7 -> 46108 | H34: =G34+7 -> 46115 | I34: =H34+7 -> 46122 | J34: =I34+7 -> 46129 | K34: =J34+7 -> 46136 | L34: =K34+7 -> 46143 | M34: =L34+7 -> 46150 | N34: =M34+7 -> 46157 | ... CT34: =CS34+7 -> 46745
A35: 35 | B35: Overall | C35: 100 | D35: 1 | E35: Plan | F35: =SUMPRODUCT($D7,F7)+SUMPRODUCT($D14,F14)+SUMPRODUCT($D21,F21)+SUMPRODUCT($D28,F28)/$D35 -> 0 | G35: =SUMPRODUCT($D7,G7)+SUMPRODUCT($D14,G14)+SUMPRODUCT($D21,G21)+SUMPRODUCT($D28,G28)/$D35 -> 0 | H35: =SUMPRODUCT($D7,H7)+SUMPRODUCT($D14,H14)+SUMPRODUCT($D21,H21)+SUMPRODUCT($D28,H28)/$D35 -> 0.025 | I35: =SUMPRODUCT($D7,I7)+SUMPRODUCT($D14,I14)+SUMPRODUCT($D21,I21)+SUMPRODUCT($D28,I28)/$D35 -> 0.0355 | J35: =SUMPRODUCT($D7,J7)+SUMPRODUCT($D14,J14)+SUMPRODUCT($D21,J21)+SUMPRODUCT($D28,J28)/$D35 -> 0.0435 | K35: =SUMPRODUCT($D7,K7)+SUMPRODUCT($D14,K14)+SUMPRODUCT($D21,K21)+SUMPRODUCT($D28,K28)/$D35 -> 0.046 | L35: =SUMPRODUCT($D7,L7)+SUMPRODUCT($D14,L14)+SUMPRODUCT($D21,L21)+SUMPRODUCT($D28,L28)/$D35 -> 0.0655 | M35: =SUMPRODUCT($D7,M7)+SUMPRODUCT($D14,M14)+SUMPRODUCT($D21,M21)+SUMPRODUCT($D28,M28)/$D35 -> 0.080375 | ... CT35: =SUMPRODUCT($D7,CT7)+SUMPRODUCT($D14,CT14)+SUMPRODUCT($D21,CT21)+SUMPRODUCT($D28,CT28)/$D35 -> 0.9
A36: 36 | B36: Overall | C36: 100 | D36: 1 | E36: Forecast | F36: =SUMPRODUCT($D8,F8)+SUMPRODUCT($D15,F15)+SUMPRODUCT($D22,F22)+SUMPRODUCT($D29,F29)/$D36 -> 0 | G36: =SUMPRODUCT($D8,G8)+SUMPRODUCT($D15,G15)+SUMPRODUCT($D22,G22)+SUMPRODUCT($D29,G29)/$D36 -> 0 | H36: =SUMPRODUCT($D8,H8)+SUMPRODUCT($D15,H15)+SUMPRODUCT($D22,H22)+SUMPRODUCT($D29,H29)/$D36 -> 0.025 | I36: =SUMPRODUCT($D8,I8)+SUMPRODUCT($D15,I15)+SUMPRODUCT($D22,I22)+SUMPRODUCT($D29,I29)/$D36 -> 0.0355 | J36: =SUMPRODUCT($D8,J8)+SUMPRODUCT($D15,J15)+SUMPRODUCT($D22,J22)+SUMPRODUCT($D29,J29)/$D36 -> 0.0435 | K36: =SUMPRODUCT($D8,K8)+SUMPRODUCT($D15,K15)+SUMPRODUCT($D22,K22)+SUMPRODUCT($D29,K29)/$D36 -> 0.046 | L36: =SUMPRODUCT($D8,L8)+SUMPRODUCT($D15,L15)+SUMPRODUCT($D22,L22)+SUMPRODUCT($D29,L29)/$D36 -> 0.0655 | M36: =SUMPRODUCT($D8,M8)+SUMPRODUCT($D15,M15)+SUMPRODUCT($D22,M22)+SUMPRODUCT($D29,M29)/$D36 -> 0.080375 | ... CT36: =SUMPRODUCT($D8,CT8)+SUMPRODUCT($D15,CT15)+SUMPRODUCT($D22,CT22)+SUMPRODUCT($D29,CT29)/$D36 -> 0.9
A37: 37 | B37: Overall | C37: 100 | D37: 1 | E37: Actual | F37: =SUMPRODUCT($D9,F9)+SUMPRODUCT($D16,F16)+SUMPRODUCT($D23,F23)+SUMPRODUCT($D30,F30)/$D37 -> 0 | G37: =SUMPRODUCT($D9,G9)+SUMPRODUCT($D16,G16)+SUMPRODUCT($D23,G23)+SUMPRODUCT($D30,G30)/$D37 -> 0 | H37: =SUMPRODUCT($D9,H9)+SUMPRODUCT($D16,H16)+SUMPRODUCT($D23,H23)+SUMPRODUCT($D30,H30)/$D37 -> 0.028 | I37: =SUMPRODUCT($D9,I9)+SUMPRODUCT($D16,I16)+SUMPRODUCT($D23,I23)+SUMPRODUCT($D30,I30)/$D37 -> 0.038 | J37: =SUMPRODUCT($D9,J9)+SUMPRODUCT($D16,J16)+SUMPRODUCT($D23,J23)+SUMPRODUCT($D30,J30)/$D37 -> 0.038 | K37: =SUMPRODUCT($D9,K9)+SUMPRODUCT($D16,K16)+SUMPRODUCT($D23,K23)+SUMPRODUCT($D30,K30)/$D37 -> 0.071265 | L37: =SUMPRODUCT($D9,L9)+SUMPRODUCT($D16,L16)+SUMPRODUCT($D23,L23)+SUMPRODUCT($D30,L30)/$D37 -> 0.11192 | M37: =SUMPRODUCT($D9,M9)+SUMPRODUCT($D16,M16)+SUMPRODUCT($D23,M23)+SUMPRODUCT($D30,M30)/$D37 -> 0.133535 | ... CT37: =SUMPRODUCT($D9,CT9)+SUMPRODUCT($D16,CT16)+SUMPRODUCT($D23,CT23)+SUMPRODUCT($D30,CT30)/$D37 -> 0.744551

Sheet S-Curves
C4: Zawtika 1F
C5: Jacket & Pile Detailed Design
D10: 6 | E10: 7 | F10: 8 | G10: 9 | H10: 10 | I10: 11 | J10: 12 | K10: 13 | L10: 14 | M10: 15 | N10: 16 | O10: 17 | P10: 18 | Q10: 19 | R10: 20 | S10: 21 | T10: 22 | U10: 23 | V10: 24 | W10: 25 | X10: 26 | Y10: 27 | Z10: 28 | AA10: 29 | AB10: 30 | AC10: 31 | AD10: 32 | AE10: 33 | AF10: 34 | AG10: 35 | AH10: 36 | AI10: 37 | AJ10: 38 | AK10: 39 | AL10: 40 | AM10: 41 | AN10: 42 | AO10: 43 | AP10: 44 | AQ10: 45 | AR10: 46 | AS10: 47 | AT10: 48 | AU10: 49 | AV10: 50 | AW10: 51 | AX10: 52 | AY10: 53 | AZ10: 54 | BA10: 55 | BB10: 56 | BC10: 57 | BD10: 58 | BE10: 59 | BF10: 60 | BG10: 61 | BH10: 62 | BI10: 63 | BJ10: 64 | BK10: 65 | BL10: 66 | BM10: 67 | BN10: 68 | BO10: 69 | BP10: 70 | BQ10: 71 | BR10: 72 | BS10: 73 | BT10: 74 | BU10: 75 | BV10: 76 | BW10: 77 | BX10: 78 | BY10: 79 | BZ10: 80 | CA10: 81 | CB10: 82 | CC10: 83 | CD10: 84 | CE10: 85 | CF10: 86 | CG10: 87 | CH10: 88 | CI10: 89 | CJ10: 90 | CK10: 91 | CL10: 92 | CM10: 93 | CN10: 94 | CO10: 95 | CP10: 96 | CQ10: 97 | CR10: 98
A11: Overall DDE Jacket | C11: Description | D11: 46101 | E11: 46108 | F11: 46115 | G11: 46122 | H11: 46129 | I11: 46136 | J11: 46143 | K11: 46150 | L11: 46157 | M11: 46164 | N11: 46171 | O11: 46178 | P11: 46185 | Q11: 46192 | R11: 46199 | S11: 46206 | T11: 46213 | U11: 46220 | V11: 46227 | W11: 46234 | X11: 46241 | Y11: 46248 | Z11: 46255 | AA11: 46262 | AB11: 46269 | AC11: 46276 | AD11: 46283 | AE11: 46290 | AF11: 46297 | AG11: 46304 | AH11: 46311 | AI11: 46318 | AJ11: 46325 | AK11: 46332 | AL11: 46339 | AM11: 46346 | AN11: 46353 | AO11: 46360 | AP11: 46367 | AQ11: 46374 | AR11: 46381 | AS11: 46388 | AT11: 46395 | AU11: 46402 | AV11: 46409 | AW11: 46416 | AX11: 46423 | AY11: 46430 | AZ11: 46437 | BA11: 46444 | BB11: 46451 | BC11: 46458 | BD11: 46465 | BE11: 46472 | BF11: 46479 | BG11: 46486 | BH11: 46493 | BI11: 46500 | BJ11: 46507 | BK11: 46514 | BL11: 46521 | BM11: 46528 | BN11: 46535 | BO11: 46542 | BP11: 46549 | BQ11: 46556 | BR11: 46563 | BS11: 46570 | BT11: 46577 | BU11: 46584 | BV11: 46591 | BW11: 46598 | BX11: 46605 | BY11: 46612 | BZ11: 46619 | CA11: 46626 | CB11: 46633 | CC11: 46640 | CD11: 46647 | CE11: 46654 | CF11: 46661 | CG11: 46668 | CH11: 46675 | CI11: 46682 | CJ11: 46689 | CK11: 46696 | CL11: 46703 | CM11: 46710 | CN11: 46717 | CO11: 46724 | CP11: 46731 | CQ11: 46738 | CR11: 46745
A12: =_xlfn.XLOOKUP(A11,Cut_Off!E:E,Cut_Off!F:F,0) -> 35 | C12: Cumulative Plan | D12: {=INDEX('Progress%'!$A$1:$CT$37,'S-Curves'!$A12,'S-Curves'!D$10)} -> 0 | E12: {=INDEX('Progress%'!$A$1:$CT$37,'S-Curves'!$A12,'S-Curves'!E$10)} -> 0 | F12: {=INDEX('Progress%'!$A$1:$CT$37,'S-Curves'!$A12,'S-Curves'!F$10)} -> 0.025 | G12: {=INDEX('Progress%'!$A$1:$CT$37,'S-Curves'!$A12,'S-Curves'!G$10)} -> 0.0355 | H12: {=INDEX('Progress%'!$A$1:$CT$37,'S-Curves'!$A12,'S-Curves'!H$10)} -> 0.0435 | I12: {=INDEX('Progress%'!$A$1:$CT$37,'S-Curves'!$A12,'S-Curves'!I$10)} -> 0.046 | J12: {=INDEX('Progress%'!$A$1:$CT$37,'S-Curves'!$A12,'S-Curves'!J$10)} -> 0.0655 | K12: {=INDEX('Progress%'!$A$1:$CT$37,'S-Curves'!$A12,'S-Curves'!K$10)} -> 0.080375 | ... CR12: {=INDEX('Progress%'!$A$1:$CT$37,'S-Curves'!$A12,'S-Curves'!CR$10)} -> 0.9
A13: =A12+1 -> 36 | C13: Cumulative Forecast | D13: {=INDEX('Progress%'!$A$1:$CT$37,'S-Curves'!$A13,'S-Curves'!D$10)} -> 0 | E13: {=INDEX('Progress%'!$A$1:$CT$37,'S-Curves'!$A13,'S-Curves'!E$10)} -> 0 | F13: {=INDEX('Progress%'!$A$1:$CT$37,'S-Curves'!$A13,'S-Curves'!F$10)} -> 0.025 | G13: {=INDEX('Progress%'!$A$1:$CT$37,'S-Curves'!$A13,'S-Curves'!G$10)} -> 0.0355 | H13: {=INDEX('Progress%'!$A$1:$CT$37,'S-Curves'!$A13,'S-Curves'!H$10)} -> 0.0435 | I13: {=INDEX('Progress%'!$A$1:$CT$37,'S-Curves'!$A13,'S-Curves'!I$10)} -> 0.046 | J13: {=INDEX('Progress%'!$A$1:$CT$37,'S-Curves'!$A13,'S-Curves'!J$10)} -> 0.0655 | K13: {=INDEX('Progress%'!$A$1:$CT$37,'S-Curves'!$A13,'S-Curves'!K$10)} -> 0.080375 | ... CR13: {=INDEX('Progress%'!$A$1:$CT$37,'S-Curves'!$A13,'S-Curves'!CR$10)} -> 0.9
A14: =A12+2 -> 37 | C14: Cumulative Actual | D14: {=INDEX('Progress%'!$A$1:$CT$37,'S-Curves'!$A14,'S-Curves'!D$10)} -> 0 | E14: {=INDEX('Progress%'!$A$1:$CT$37,'S-Curves'!$A14,'S-Curves'!E$10)} -> 0 | F14: {=INDEX('Progress%'!$A$1:$CT$37,'S-Curves'!$A14,'S-Curves'!F$10)} -> 0.028 | G14: {=INDEX('Progress%'!$A$1:$CT$37,'S-Curves'!$A14,'S-Curves'!G$10)} -> 0.038 | H14: {=INDEX('Progress%'!$A$1:$CT$37,'S-Curves'!$A14,'S-Curves'!H$10)} -> 0.038 | I14: {=INDEX('Progress%'!$A$1:$CT$37,'S-Curves'!$A14,'S-Curves'!I$10)} -> 0.071265 | J14: {=INDEX('Progress%'!$A$1:$CT$37,'S-Curves'!$A14,'S-Curves'!J$10)} -> 0.11192 | K14: {=INDEX('Progress%'!$A$1:$CT$37,'S-Curves'!$A14,'S-Curves'!K$10)} -> 0.133535 | ... AG14: {=INDEX('Progress%'!$A$1:$CT$37,'S-Curves'!$A14,'S-Curves'!AG$10)} -> 0.744551
C15: Period Plan (Early) | D15: =D12 -> 0 | E15: =E12-D12 -> 0 | F15: =F12-E12 -> 0.025 | G15: =G12-F12 -> 0.0105 | H15: =H12-G12 -> 0.008 | I15: =I12-H12 -> 0.0025 | J15: =J12-I12 -> 0.0195 | K15: =K12-J12 -> 0.014875 | L15: =L12-K12 -> 0.027 | ... CR15: =CR12-CQ12 -> 0
C16: Period Forecast | D16: =D13 -> 0 | E16: =E13-D13 -> 0 | F16: =F13-E13 -> 0.025 | G16: =G13-F13 -> 0.0105 | H16: =H13-G13 -> 0.008 | I16: =I13-H13 -> 0.0025 | J16: =J13-I13 -> 0.0195 | K16: =K13-J13 -> 0.014875 | L16: =L13-K13 -> 0.027 | ... CR16: =CR13-CQ13 -> 0
B17: Remaining Units | C17: Period Actual | D17: =D14 -> 0 | E17: =E14-D14 -> 0 | F17: =F14-E14 -> 0.028 | G17: =G14-F14 -> 0.01 | H17: =H14-G14 -> 0 | I17: =I14-H14 -> 0.033265 | J17: =J14-I14 -> 0.040655 | K17: =K14-J14 -> 0.021615 | L17: =L14-K14 -> 0.01386 | ... AG17: =AG14-AF14 -> 0.020741

Sheet EDSR
A1: Cut-off Date | C1: 46304
A2: EDSR - JACKET & PILES | J2: IFR (50%) | M2: IFA (20%) | P2: AFC Sub (10%) | S2: AFC App. (20%) | V2: AFC | X2: For Project control engineer follow up
A3: Facility | B3: Type | C3: Deliverable Title | D3: Description | E3: Plan [A] | F3: Forecast [B] | G3: Actual [C] | H3: Var. [C-A] | I3: Weight % | J3: Plan | K3: Forecast | L3: Actual | M3: Plan | N3: Forecast | O3: Actual | P3: Plan | Q3: Forecast | R3: Actual | S3: Plan | T3: Forecast | U3: Actual | V3: Status (AWC) | X3: IFR (50%) | Y3: IFA (20%) | Z3: AFC Sub (10%) | AA3: AFC App. (20%)
A4: ZWP-21 | B4: Report / Documents | C4: MM-ZTK-1F-GEN-STR-SPE-2001 | D4: SPECIFICATION FOR GROUT SEALS AND DIAPHRAGM | E4: =(COUNTIFS(J4,"<="&$C$1)*50%)+(COUNTIFS(M4,"<="&$C$1)*20%)+(COUNTIFS(P4,"<="&$C$1)*10%)+(COUNTIFS(S4,"<="&$C$1)*20%) -> 1 | F4: =(COUNTIFS(K4,"<="&$C$1)*50%)+(COUNTIFS(N4,"<="&$C$1)*20%)+(COUNTIFS(Q4,"<="&$C$1)*10%)+(COUNTIFS(T4,"<="&$C$1)*20%) -> 1 | G4: =(COUNTIFS(L4,"<="&$C$1)*50%)+(COUNTIFS(O4,"<="&$C$1)*20%)+(COUNTIFS(R4,"<="&$C$1)*10%)+(COUNTIFS(U4,"<="&$C$1)*20%) -> 1 | H4: =G4-E4 -> 0 | I4: 0.2 | J4: 46115 | K4: =J4 -> 46115 | L4: 46115 | M4: =J4+42 -> 46157 | N4: =M4 -> 46157 | O4: 46191 | P4: =M4+42 -> 46199 | Q4: =P4 -> 46199 | R4: 46219 | S4: =P4+14 -> 46213 | T4: =S4 -> 46213 | U4: 46262 | X4: =IF(OR(L4<>""),"Completed", IF(K4="","",IF(K4<TODAY(),"Overdue", IF(AND(K4>=TODAY()-WEEKDAY(TODAY(),2)+1,K4<=TODAY()-WEEKDAY(TODAY(),2)+7),"Follow-This Week", IF(AND(K4>=TODAY()-WEEKDAY(TODAY(),2)+8,K4<=TODAY()-WEEKDAY(TODAY(),2)+14),"Follow-Next Week",""))))) -> Completed | Y4: =IF(OR(O4<>""),"Completed",IF(N4="","", IF(N4<TODAY(),"Overdue", IF(AND(N4>=TODAY()-WEEKDAY(TODAY(),2)+1,N4<=TODAY()-WEEKDAY(TODAY(),2)+7),"Follow-This Week", IF(AND(N4>=TODAY()-WEEKDAY(TODAY(),2)+8,N4<=TODAY()-WEEKDAY(TODAY(),2)+14),"Follow-Next Week",""))))) -> Completed | Z4: =IF(OR(R4<>""),"Completed",IF(Q4="","", IF(Q4<TODAY(),"Overdue", IF(AND(Q4>=TODAY()-WEEKDAY(TODAY(),2)+1,Q4<=TODAY()-WEEKDAY(TODAY(),2)+7),"Follow-This Week", IF(AND(Q4>=TODAY()-WEEKDAY(TODAY(),2)+8,Q4<=TODAY()-WEEKDAY(TODAY(),2)+14),"Follow-Next Week",""))))) -> Completed | AA4: =IF(OR(U4<>""),"Completed",IF(T4="","", IF(T4<TODAY(),"Overdue", IF(AND(T4>=TODAY()-WEEKDAY(TODAY(),2)+1,T4<=TODAY()-WEEKDAY(TODAY(),2)+7),"Follow-This Week", IF(AND(T4>=TODAY()-WEEKDAY(TODAY(),2)+8,T4<=TODAY()-WEEKDAY(TODAY(),2)+14),"Follow-Next Week",""))))) -> Completed
A5: ZWP-21 | B5: Report / Documents | C5: MM-ZTK-1F-GEN-STR-SPE-2002 | D5: SPECIFICATION FOR STAINLESS STEEL BUNDLES | E5: =(COUNTIFS(J5,"<="&$C$1)*50%)+(COUNTIFS(M5,"<="&$C$1)*20%)+(COUNTIFS(P5,"<="&$C$1)*10%)+(COUNTIFS(S5,"<="&$C$1)*20%) -> 1 | F5: =(COUNTIFS(K5,"<="&$C$1)*50%)+(COUNTIFS(N5,"<="&$C$1)*20%)+(COUNTIFS(Q5,"<="&$C$1)*10%)+(COUNTIFS(T5,"<="&$C$1)*20%) -> 1 | G5: =(COUNTIFS(L5,"<="&$C$1)*50%)+(COUNTIFS(O5,"<="&$C$1)*20%)+(COUNTIFS(R5,"<="&$C$1)*10%)+(COUNTIFS(U5,"<="&$C$1)*20%) -> 1 | H5: =G5-E5 -> 0 | I5: 0.2 | J5: 46115 | K5: =J5 -> 46115 | L5: 46115 | M5: =J5+42 -> 46157 | N5: =M5 -> 46157 | O5: 46171 | P5: =M5+42 -> 46199 | Q5: =P5 -> 46199 | R5: 46199 | S5: =P5+14 -> 46213 | T5: =S5 -> 46213 | U5: 46204 | X5: =IF(OR(L5<>""),"Completed", IF(K5="","",IF(K5<TODAY(),"Overdue", IF(AND(K5>=TODAY()-WEEKDAY(TODAY(),2)+1,K5<=TODAY()-WEEKDAY(TODAY(),2)+7),"Follow-This Week", IF(AND(K5>=TODAY()-WEEKDAY(TODAY(),2)+8,K5<=TODAY()-WEEKDAY(TODAY(),2)+14),"Follow-Next Week",""))))) -> Completed | Y5: =IF(OR(O5<>""),"Completed",IF(N5="","", IF(N5<TODAY(),"Overdue", IF(AND(N5>=TODAY()-WEEKDAY(TODAY(),2)+1,N5<=TODAY()-WEEKDAY(TODAY(),2)+7),"Follow-This Week", IF(AND(N5>=TODAY()-WEEKDAY(TODAY(),2)+8,N5<=TODAY()-WEEKDAY(TODAY(),2)+14),"Follow-Next Week",""))))) -> Completed | Z5: =IF(OR(R5<>""),"Completed",IF(Q5="","", IF(Q5<TODAY(),"Overdue", IF(AND(Q5>=TODAY()-WEEKDAY(TODAY(),2)+1,Q5<=TODAY()-WEEKDAY(TODAY(),2)+7),"Follow-This Week", IF(AND(Q5>=TODAY()-WEEKDAY(TODAY(),2)+8,Q5<=TODAY()-WEEKDAY(TODAY(),2)+14),"Follow-Next Week",""))))) -> Completed | AA5: =IF(OR(U5<>""),"Completed",IF(T5="","", IF(T5<TODAY(),"Overdue", IF(AND(T5>=TODAY()-WEEKDAY(TODAY(),2)+1,T5<=TODAY()-WEEKDAY(TODAY(),2)+7),"Follow-This Week", IF(AND(T5>=TODAY()-WEEKDAY(TODAY(),2)+8,T5<=TODAY()-WEEKDAY(TODAY(),2)+14),"Follow-Next Week",""))))) -> Completed
A6: ZWP-21 | B6: Report / Documents | C6: MM-ZTK-1F-GEN-STR-SPE-2003 | D6: SPECIFICATIONS FOR GRIPPER PERFORMANCE | E6: =(COUNTIFS(J6,"<="&$C$1)*50%)+(COUNTIFS(M6,"<="&$C$1)*20%)+(COUNTIFS(P6,"<="&$C$1)*10%)+(COUNTIFS(S6,"<="&$C$1)*20%) -> 1 | F6: =(COUNTIFS(K6,"<="&$C$1)*50%)+(COUNTIFS(N6,"<="&$C$1)*20%)+(COUNTIFS(Q6,"<="&$C$1)*10%)+(COUNTIFS(T6,"<="&$C$1)*20%) -> 1 | G6: =(COUNTIFS(L6,"<="&$C$1)*50%)+(COUNTIFS(O6,"<="&$C$1)*20%)+(COUNTIFS(R6,"<="&$C$1)*10%)+(COUNTIFS(U6,"<="&$C$1)*20%) -> 1 | H6: =G6-E6 -> 0 | I6: 0.2 | J6: 46115 | K6: =J6 -> 46115 | L6: 46115 | M6: =J6+42 -> 46157 | N6: =M6 -> 46157 | O6: 46171 | P6: =M6+42 -> 46199 | Q6: =P6 -> 46199 | R6: 46219 | S6: =P6+14 -> 46213 | T6: =S6 -> 46213 | U6: 46233 | X6: =IF(OR(L6<>""),"Completed", IF(K6="","",IF(K6<TODAY(),"Overdue", IF(AND(K6>=TODAY()-WEEKDAY(TODAY(),2)+1,K6<=TODAY()-WEEKDAY(TODAY(),2)+7),"Follow-This Week", IF(AND(K6>=TODAY()-WEEKDAY(TODAY(),2)+8,K6<=TODAY()-WEEKDAY(TODAY(),2)+14),"Follow-Next Week",""))))) -> Completed | Y6: =IF(OR(O6<>""),"Completed",IF(N6="","", IF(N6<TODAY(),"Overdue", IF(AND(N6>=TODAY()-WEEKDAY(TODAY(),2)+1,N6<=TODAY()-WEEKDAY(TODAY(),2)+7),"Follow-This Week", IF(AND(N6>=TODAY()-WEEKDAY(TODAY(),2)+8,N6<=TODAY()-WEEKDAY(TODAY(),2)+14),"Follow-Next Week",""))))) -> Completed | Z6: =IF(OR(R6<>""),"Completed",IF(Q6="","", IF(Q6<TODAY(),"Overdue", IF(AND(Q6>=TODAY()-WEEKDAY(TODAY(),2)+1,Q6<=TODAY()-WEEKDAY(TODAY(),2)+7),"Follow-This Week", IF(AND(Q6>=TODAY()-WEEKDAY(TODAY(),2)+8,Q6<=TODAY()-WEEKDAY(TODAY(),2)+14),"Follow-Next Week",""))))) -> Completed | AA6: =IF(OR(U6<>""),"Completed",IF(T6="","", IF(T6<TODAY(),"Overdue", IF(AND(T6>=TODAY()-WEEKDAY(TODAY(),2)+1,T6<=TODAY()-WEEKDAY(TODAY(),2)+7),"Follow-This Week", IF(AND(T6>=TODAY()-WEEKDAY(TODAY(),2)+8,T6<=TODAY()-WEEKDAY(TODAY(),2)+14),"Follow-Next Week",""))))) -> Completed
A7: ZWP-21 | B7: Report / Documents | C7: MM-ZTK-1F-GEN-STR-SPE-2004 | D7: SPECIFICATION FOR GROUTING AND INSTALLATION | E7: =(COUNTIFS(J7,"<="&$C$1)*50%)+(COUNTIFS(M7,"<="&$C$1)*20%)+(COUNTIFS(P7,"<="&$C$1)*10%)+(COUNTIFS(S7,"<="&$C$1)*20%) -> 1 | F7: =(COUNTIFS(K7,"<="&$C$1)*50%)+(COUNTIFS(N7,"<="&$C$1)*20%)+(COUNTIFS(Q7,"<="&$C$1)*10%)+(COUNTIFS(T7,"<="&$C$1)*20%) -> 1 | G7: =(COUNTIFS(L7,"<="&$C$1)*50%)+(COUNTIFS(O7,"<="&$C$1)*20%)+(COUNTIFS(R7,"<="&$C$1)*10%)+(COUNTIFS(U7,"<="&$C$1)*20%) -> 1 | H7: =G7-E7 -> 0 | I7: 0.2 | J7: 46115 | K7: =J7 -> 46115 | L7: 46115 | M7: =J7+42 -> 46157 | N7: =M7 -> 46157 | O7: 46171 | P7: =M7+42 -> 46199 | Q7: =P7 -> 46199 | R7: 46274 | S7: =P7+14 -> 46213 | T7: =S7 -> 46213 | U7: 46288 | X7: =IF(OR(L7<>""),"Completed", IF(K7="","",IF(K7<TODAY(),"Overdue", IF(AND(K7>=TODAY()-WEEKDAY(TODAY(),2)+1,K7<=TODAY()-WEEKDAY(TODAY(),2)+7),"Follow-This Week", IF(AND(K7>=TODAY()-WEEKDAY(TODAY(),2)+8,K7<=TODAY()-WEEKDAY(TODAY(),2)+14),"Follow-Next Week",""))))) -> Completed | Y7: =IF(OR(O7<>""),"Completed",IF(N7="","", IF(N7<TODAY(),"Overdue", IF(AND(N7>=TODAY()-WEEKDAY(TODAY(),2)+1,N7<=TODAY()-WEEKDAY(TODAY(),2)+7),"Follow-This Week", IF(AND(N7>=TODAY()-WEEKDAY(TODAY(),2)+8,N7<=TODAY()-WEEKDAY(TODAY(),2)+14),"Follow-Next Week",""))))) -> Completed | Z7: =IF(OR(R7<>""),"Completed",IF(Q7="","", IF(Q7<TODAY(),"Overdue", IF(AND(Q7>=TODAY()-WEEKDAY(TODAY(),2)+1,Q7<=TODAY()-WEEKDAY(TODAY(),2)+7),"Follow-This Week", IF(AND(Q7>=TODAY()-WEEKDAY(TODAY(),2)+8,Q7<=TODAY()-WEEKDAY(TODAY(),2)+14),"Follow-Next Week",""))))) -> Completed | AA7: =IF(OR(U7<>""),"Completed",IF(T7="","", IF(T7<TODAY(),"Overdue", IF(AND(T7>=TODAY()-WEEKDAY(TODAY(),2)+1,T7<=TODAY()-WEEKDAY(TODAY(),2)+7),"Follow-This Week", IF(AND(T7>=TODAY()-WEEKDAY(TODAY(),2)+8,T7<=TODAY()-WEEKDAY(TODAY(),2)+14),"Follow-Next Week",""))))) -> Completed
A8: ZWP-21 | B8: Report / Documents | C8: MM-ZTK-1F-GEN-STR-SPE-2005 | D8: SPECIFICATION FOR HYDRAULIC DRIVEN FLOODING SYSTEMS | E8: =(COUNTIFS(J8,"<="&$C$1)*50%)+(COUNTIFS(M8,"<="&$C$1)*20%)+(COUNTIFS(P8,"<="&$C$1)*10%)+(COUNTIFS(S8,"<="&$C$1)*20%) -> 1 | F8: =(COUNTIFS(K8,"<="&$C$1)*50%)+(COUNTIFS(N8,"<="&$C$1)*20%)+(COUNTIFS(Q8,"<="&$C$1)*10%)+(COUNTIFS(T8,"<="&$C$1)*20%) -> 1 | G8: =(COUNTIFS(L8,"<="&$C$1)*50%)+(COUNTIFS(O8,"<="&$C$1)*20%)+(COUNTIFS(R8,"<="&$C$1)*10%)+(COUNTIFS(U8,"<="&$C$1)*20%) -> 1 | H8: =G8-E8 -> 0 | I8: 0.2 | J8: 46115 | K8: =J8 -> 46115 | L8: 46115 | M8: =J8+42 -> 46157 | N8: =M8 -> 46157 | O8: 46199 | P8: =M8+42 -> 46199 | Q8: =P8 -> 46199 | R8: 46205 | S8: =P8+14 -> 46213 | T8: =S8 -> 46213 | U8: 46213 | X8: =IF(OR(L8<>""),"Completed", IF(K8="","",IF(K8<TODAY(),"Overdue", IF(AND(K8>=TODAY()-WEEKDAY(TODAY(),2)+1,K8<=TODAY()-WEEKDAY(TODAY(),2)+7),"Follow-This Week", IF(AND(K8>=TODAY()-WEEKDAY(TODAY(),2)+8,K8<=TODAY()-WEEKDAY(TODAY(),2)+14),"Follow-Next Week",""))))) -> Completed | Y8: =IF(OR(O8<>""),"Completed",IF(N8="","", IF(N8<TODAY(),"Overdue", IF(AND(N8>=TODAY()-WEEKDAY(TODAY(),2)+1,N8<=TODAY()-WEEKDAY(TODAY(),2)+7),"Follow-This Week", IF(AND(N8>=TODAY()-WEEKDAY(TODAY(),2)+8,N8<=TODAY()-WEEKDAY(TODAY(),2)+14),"Follow-Next Week",""))))) -> Completed | Z8: =IF(OR(R8<>""),"Completed",IF(Q8="","", IF(Q8<TODAY(),"Overdue", IF(AND(Q8>=TODAY()-WEEKDAY(TODAY(),2)+1,Q8<=TODAY()-WEEKDAY(TODAY(),2)+7),"Follow-This Week", IF(AND(Q8>=TODAY()-WEEKDAY(TODAY(),2)+8,Q8<=TODAY()-WEEKDAY(TODAY(),2)+14),"Follow-Next Week",""))))) -> Completed | AA8: =IF(OR(U8<>""),"Completed",IF(T8="","", IF(T8<TODAY(),"Overdue", IF(AND(T8>=TODAY()-WEEKDAY(TODAY(),2)+1,T8<=TODAY()-WEEKDAY(TODAY(),2)+7),"Follow-This Week", IF(AND(T8>=TODAY()-WEEKDAY(TODAY(),2)+8,T8<=TODAY()-WEEKDAY(TODAY(),2)+14),"Follow-Next Week",""))))) -> Completed
A9: ZWP-21 | B9: Report / Documents | C9: MM-ZTK-1F-ZWP21-STR-CAL-2001 | D9: ZWP21 JACKET COMPUTER MODELING AND LOAD FORMULATION - SUPERSEDED | E9: =(COUNTIFS(J9,"<="&$C$1)*50%)+(COUNTIFS(M9,"<="&$C$1)*20%)+(COUNTIFS(P9,"<="&$C$1)*10%)+(COUNTIFS(S9,"<="&$C$1)*20%) -> 1 | F9: =(COUNTIFS(K9,"<="&$C$1)*50%)+(COUNTIFS(N9,"<="&$C$1)*20%)+(COUNTIFS(Q9,"<="&$C$1)*10%)+(COUNTIFS(T9,"<="&$C$1)*20%) -> 1 | G9: =(COUNTIFS(L9,"<="&$C$1)*50%)+(COUNTIFS(O9,"<="&$C$1)*20%)+(COUNTIFS(R9,"<="&$C$1)*10%)+(COUNTIFS(U9,"<="&$C$1)*20%) -> 1 | H9: =G9-E9 -> 0 | I9: 0.25 | J9: 46122 | K9: =J9 -> 46122 | L9: 46142 | M9: =J9+42 -> 46164 | N9: =M9 -> 46164 | O9: 46206 | P9: =M9+42 -> 46206 | Q9: =P9 -> 46206 | R9: 46227 | S9: =P9+14 -> 46220 | T9: =S9 -> 46220 | U9: 46227 | X9: =IF(OR(L9<>""),"Completed", IF(K9="","",IF(K9<TODAY(),"Overdue", IF(AND(K9>=TODAY()-WEEKDAY(TODAY(),2)+1,K9<=TODAY()-WEEKDAY(TODAY(),2)+7),"Follow-This Week", IF(AND(K9>=TODAY()-WEEKDAY(TODAY(),2)+8,K9<=TODAY()-WEEKDAY(TODAY(),2)+14),"Follow-Next Week",""))))) -> Completed | Y9: =IF(OR(O9<>""),"Completed",IF(N9="","", IF(N9<TODAY(),"Overdue", IF(AND(N9>=TODAY()-WEEKDAY(TODAY(),2)+1,N9<=TODAY()-WEEKDAY(TODAY(),2)+7),"Follow-This Week", IF(AND(N9>=TODAY()-WEEKDAY(TODAY(),2)+8,N9<=TODAY()-WEEKDAY(TODAY(),2)+14),"Follow-Next Week",""))))) -> Completed | Z9: =IF(OR(R9<>""),"Completed",IF(Q9="","", IF(Q9<TODAY(),"Overdue", IF(AND(Q9>=TODAY()-WEEKDAY(TODAY(),2)+1,Q9<=TODAY()-WEEKDAY(TODAY(),2)+7),"Follow-This Week", IF(AND(Q9>=TODAY()-WEEKDAY(TODAY(),2)+8,Q9<=TODAY()-WEEKDAY(TODAY(),2)+14),"Follow-Next Week",""))))) -> Completed | AA9: =IF(OR(U9<>""),"Completed",IF(T9="","", IF(T9<TODAY(),"Overdue", IF(AND(T9>=TODAY()-WEEKDAY(TODAY(),2)+1,T9<=TODAY()-WEEKDAY(TODAY(),2)+7),"Follow-This Week", IF(AND(T9>=TODAY()-WEEKDAY(TODAY(),2)+8,T9<=TODAY()-WEEKDAY(TODAY(),2)+14),"Follow-Next Week",""))))) -> Completed
A10: ZWP-21 | B10: Report / Documents | C10: MM-ZTK-1F-ZWP21-STR-CAL-2001 | D10: ZWP21 JACKET COMPUTER MODELING AND LOAD FORMULATION - NEW WATER DEPTH | E10: =(COUNTIFS(J10,"<="&$C$1)*50%)+(COUNTIFS(M10,"<="&$C$1)*20%)+(COUNTIFS(P10,"<="&$C$1)*10%)+(COUNTIFS(S10,"<="&$C$1)*20%) -> 1 | F10: =(COUNTIFS(K10,"<="&$C$1)*50%)+(COUNTIFS(N10,"<="&$C$1)*20%)+(COUNTIFS(Q10,"<="&$C$1)*10%)+(COUNTIFS(T10,"<="&$C$1)*20%) -> 1 | G10: =(COUNTIFS(L10,"<="&$C$1)*50%)+(COUNTIFS(O10,"<="&$C$1)*20%)+(COUNTIFS(R10,"<="&$C$1)*10%)+(COUNTIFS(U10,"<="&$C$1)*20%) -> 0.8 | H10: =G10-E10 -> -0.2 | I10: 0.25 | J10: 46122 | K10: =J10 -> 46122 | L10: 46142 | M10: =J10+42 -> 46164 | N10: =M10 -> 46164 | O10: 46206 | P10: 46249 | Q10: =P10 -> 46249 | R10: 46290 | S10: =P10+14 -> 46263 | T10: =S10 -> 46263 | X10: =IF(OR(L10<>""),"Completed", IF(K10="","",IF(K10<TODAY(),"Overdue", IF(AND(K10>=TODAY()-WEEKDAY(TODAY(),2)+1,K10<=TODAY()-WEEKDAY(TODAY(),2)+7),"Follow-This Week", IF(AND(K10>=TODAY()-WEEKDAY(TODAY(),2)+8,K10<=TODAY()-WEEKDAY(TODAY(),2)+14),"Follow-Next Week",""))))) -> Completed | Y10: =IF(OR(O10<>""),"Completed",IF(N10="","", IF(N10<TODAY(),"Overdue", IF(AND(N10>=TODAY()-WEEKDAY(TODAY(),2)+1,N10<=TODAY()-WEEKDAY(TODAY(),2)+7),"Follow-This Week", IF(AND(N10>=TODAY()-WEEKDAY(TODAY(),2)+8,N10<=TODAY()-WEEKDAY(TODAY(),2)+14),"Follow-Next Week",""))))) -> Completed | Z10: =IF(OR(R10<>""),"Completed",IF(Q10="","", IF(Q10<TODAY(),"Overdue", IF(AND(Q10>=TODAY()-WEEKDAY(TODAY(),2)+1,Q10<=TODAY()-WEEKDAY(TODAY(),2)+7),"Follow-This Week", IF(AND(Q10>=TODAY()-WEEKDAY(TODAY(),2)+8,Q10<=TODAY()-WEEKDAY(TODAY(),2)+14),"Follow-Next Week",""))))) -> Completed | AA10: =IF(OR(U10<>""),"Completed",IF(T10="","", IF(T10<TODAY(),"Overdue", IF(AND(T10>=TODAY()-WEEKDAY(TODAY(),2)+1,T10<=TODAY()-WEEKDAY(TODAY(),2)+7),"Follow-This Week", IF(AND(T10>=TODAY()-WEEKDAY(TODAY(),2)+8,T10<=TODAY()-WEEKDAY(TODAY(),2)+14),"Follow-Next Week",""))))) -> Overdue
A11: ZWP-21 | B11: Report / Documents | C11: MM-ZTK-1F-ZWP21-STR-CAL-2011 | D11: ZWP21 JACKET IN-PLACE ANALYSIS - SUPERSEDED | E11: =(COUNTIFS(J11,"<="&$C$1)*50%)+(COUNTIFS(M11,"<="&$C$1)*20%)+(COUNTIFS(P11,"<="&$C$1)*10%)+(COUNTIFS(S11,"<="&$C$1)*20%) -> 1 | F11: =(COUNTIFS(K11,"<="&$C$1)*50%)+(COUNTIFS(N11,"<="&$C$1)*20%)+(COUNTIFS(Q11,"<="&$C$1)*10%)+(COUNTIFS(T11,"<="&$C$1)*20%) -> 1 | G11: =(COUNTIFS(L11,"<="&$C$1)*50%)+(COUNTIFS(O11,"<="&$C$1)*20%)+(COUNTIFS(R11,"<="&$C$1)*10%)+(COUNTIFS(U11,"<="&$C$1)*20%) -> 1 | H11: =G11-E11 -> 0 | I11: 0.25 | J11: 46136 | K11: =J11 -> 46136 | L11: 46164 | M11: =J11+42 -> 46178 | N11: =M11 -> 46178 | O11: 46206 | P11: =M11+42 -> 46220 | Q11: =P11 -> 46220 | R11: 46227 | S11: =P11+14 -> 46234 | T11: =S11 -> 46234 | U11: 46227 | X11: =IF(OR(L11<>""),"Completed", IF(K11="","",IF(K11<TODAY(),"Overdue", IF(AND(K11>=TODAY()-WEEKDAY(TODAY(),2)+1,K11<=TODAY()-WEEKDAY(TODAY(),2)+7),"Follow-This Week", IF(AND(K11>=TODAY()-WEEKDAY(TODAY(),2)+8,K11<=TODAY()-WEEKDAY(TODAY(),2)+14),"Follow-Next Week",""))))) -> Completed | Y11: =IF(OR(O11<>""),"Completed",IF(N11="","", IF(N11<TODAY(),"Overdue", IF(AND(N11>=TODAY()-WEEKDAY(TODAY(),2)+1,N11<=TODAY()-WEEKDAY(TODAY(),2)+7),"Follow-This Week", IF(AND(N11>=TODAY()-WEEKDAY(TODAY(),2)+8,N11<=TODAY()-WEEKDAY(TODAY(),2)+14),"Follow-Next Week",""))))) -> Completed | Z11: =IF(OR(R11<>""),"Completed",IF(Q11="","", IF(Q11<TODAY(),"Overdue", IF(AND(Q11>=TODAY()-WEEKDAY(TODAY(),2)+1,Q11<=TODAY()-WEEKDAY(TODAY(),2)+7),"Follow-This Week", IF(AND(Q11>=TODAY()-WEEKDAY(TODAY(),2)+8,Q11<=TODAY()-WEEKDAY(TODAY(),2)+14),"Follow-Next Week",""))))) -> Completed | AA11: =IF(OR(U11<>""),"Completed",IF(T11="","", IF(T11<TODAY(),"Overdue", IF(AND(T11>=TODAY()-WEEKDAY(TODAY(),2)+1,T11<=TODAY()-WEEKDAY(TODAY(),2)+7),"Follow-This Week", IF(AND(T11>=TODAY()-WEEKDAY(TODAY(),2)+8,T11<=TODAY()-WEEKDAY(TODAY(),2)+14),"Follow-Next Week",""))))) -> Completed
A12: ZWP-21 | B12: Report / Documents | C12: MM-ZTK-1F-ZWP21-STR-CAL-2011 | D12: ZWP21 JACKET IN-PLACE ANALYSIS - NEW WATER DEPTH | E12: =(COUNTIFS(J12,"<="&$C$1)*50%)+(COUNTIFS(M12,"<="&$C$1)*20%)+(COUNTIFS(P12,"<="&$C$1)*10%)+(COUNTIFS(S12,"<="&$C$1)*20%) -> 1 | F12: =(COUNTIFS(K12,"<="&$C$1)*50%)+(COUNTIFS(N12,"<="&$C$1)*20%)+(COUNTIFS(Q12,"<="&$C$1)*10%)+(COUNTIFS(T12,"<="&$C$1)*20%) -> 1 | G12: =(COUNTIFS(L12,"<="&$C$1)*50%)+(COUNTIFS(O12,"<="&$C$1)*20%)+(COUNTIFS(R12,"<="&$C$1)*10%)+(COUNTIFS(U12,"<="&$C$1)*20%) -> 0.8 | H12: =G12-E12 -> -0.2 | I12: 0.25 | J12: 46136 | K12: =J12 -> 46136 | L12: 46164 | M12: =J12+42 -> 46178 | N12: =M12 -> 46178 | O12: 46206 | P12: 46256 | Q12: =P12 -> 46256 | R12: 46272 | S12: =P12+14 -> 46270 | T12: =S12 -> 46270 | V12: AWC | X12: =IF(OR(L12<>""),"Completed", IF(K12="","",IF(K12<TODAY(),"Overdue", IF(AND(K12>=TODAY()-WEEKDAY(TODAY(),2)+1,K12<=TODAY()-WEEKDAY(TODAY(),2)+7),"Follow-This Week", IF(AND(K12>=TODAY()-WEEKDAY(TODAY(),2)+8,K12<=TODAY()-WEEKDAY(TODAY(),2)+14),"Follow-Next Week",""))))) -> Completed | Y12: =IF(OR(O12<>""),"Completed",IF(N12="","", IF(N12<TODAY(),"Overdue", IF(AND(N12>=TODAY()-WEEKDAY(TODAY(),2)+1,N12<=TODAY()-WEEKDAY(TODAY(),2)+7),"Follow-This Week", IF(AND(N12>=TODAY()-WEEKDAY(TODAY(),2)+8,N12<=TODAY()-WEEKDAY(TODAY(),2)+14),"Follow-Next Week",""))))) -> Completed | Z12: =IF(OR(R12<>""),"Completed",IF(Q12="","", IF(Q12<TODAY(),"Overdue", IF(AND(Q12>=TODAY()-WEEKDAY(TODAY(),2)+1,Q12<=TODAY()-WEEKDAY(TODAY(),2)+7),"Follow-This Week", IF(AND(Q12>=TODAY()-WEEKDAY(TODAY(),2)+8,Q12<=TODAY()-WEEKDAY(TODAY(),2)+14),"Follow-Next Week",""))))) -> Completed | AA12: =IF(OR(U12<>""),"Completed",IF(T12="","", IF(T12<TODAY(),"Overdue", IF(AND(T12>=TODAY()-WEEKDAY(TODAY(),2)+1,T12<=TODAY()-WEEKDAY(TODAY(),2)+7),"Follow-This Week", IF(AND(T12>=TODAY()-WEEKDAY(TODAY(),2)+8,T12<=TODAY()-WEEKDAY(TODAY(),2)+14),"Follow-Next Week",""))))) -> Overdue
A13: ZWP-21 | B13: Report / Documents | C13: MM-ZTK-1F-ZWP21-STR-CAL-2012 | D13: ZWP21 JACKET DYNAMIC ANALYSIS - SUPERSEDED | E13: =(COUNTIFS(J13,"<="&$C$1)*50%)+(COUNTIFS(M13,"<="&$C$1)*20%)+(COUNTIFS(P13,"<="&$C$1)*10%)+(COUNTIFS(S13,"<="&$C$1)*20%) -> 1 | F13: =(COUNTIFS(K13,"<="&$C$1)*50%)+(COUNTIFS(N13,"<="&$C$1)*20%)+(COUNTIFS(Q13,"<="&$C$1)*10%)+(COUNTIFS(T13,"<="&$C$1)*20%) -> 1 | G13: =(COUNTIFS(L13,"<="&$C$1)*50%)+(COUNTIFS(O13,"<="&$C$1)*20%)+(COUNTIFS(R13,"<="&$C$1)*10%)+(COUNTIFS(U13,"<="&$C$1)*20%) -> 1 | H13: =G13-E13 -> 0 | I13: 0.25 | J13: 46143 | K13: =J13 -> 46143 | L13: 46161 | M13: =J13+42 -> 46185 | N13: =M13 -> 46185 | O13: 46199 | P13: =M13+42 -> 46227 | Q13: =P13 -> 46227 | R13: 46227 | S13: =P13+14 -> 46241 | T13: =S13 -> 46241 | U13: 46227 | X13: =IF(OR(L13<>""),"Completed", IF(K13="","",IF(K13<TODAY(),"Overdue", IF(AND(K13>=TODAY()-WEEKDAY(TODAY(),2)+1,K13<=TODAY()-WEEKDAY(TODAY(),2)+7),"Follow-This Week", IF(AND(K13>=TODAY()-WEEKDAY(TODAY(),2)+8,K13<=TODAY()-WEEKDAY(TODAY(),2)+14),"Follow-Next Week",""))))) -> Completed | Y13: =IF(OR(O13<>""),"Completed",IF(N13="","", IF(N13<TODAY(),"Overdue", IF(AND(N13>=TODAY()-WEEKDAY(TODAY(),2)+1,N13<=TODAY()-WEEKDAY(TODAY(),2)+7),"Follow-This Week", IF(AND(N13>=TODAY()-WEEKDAY(TODAY(),2)+8,N13<=TODAY()-WEEKDAY(TODAY(),2)+14),"Follow-Next Week",""))))) -> Completed | Z13: =IF(OR(R13<>""),"Completed",IF(Q13="","", IF(Q13<TODAY(),"Overdue", IF(AND(Q13>=TODAY()-WEEKDAY(TODAY(),2)+1,Q13<=TODAY()-WEEKDAY(TODAY(),2)+7),"Follow-This Week", IF(AND(Q13>=TODAY()-WEEKDAY(TODAY(),2)+8,Q13<=TODAY()-WEEKDAY(TODAY(),2)+14),"Follow-Next Week",""))))) -> Completed | AA13: =IF(OR(U13<>""),"Completed",IF(T13="","", IF(T13<TODAY(),"Overdue", IF(AND(T13>=TODAY()-WEEKDAY(TODAY(),2)+1,T13<=TODAY()-WEEKDAY(TODAY(),2)+7),"Follow-This Week", IF(AND(T13>=TODAY()-WEEKDAY(TODAY(),2)+8,T13<=TODAY()-WEEKDAY(TODAY(),2)+14),"Follow-Next Week",""))))) -> Completed
A14: ZWP-21 | B14: Report / Documents | C14: MM-ZTK-1F-ZWP21-STR-CAL-2012 | D14: ZWP21 JACKET DYNAMIC ANALYSIS - NEW WATER DEPTH | E14: =(COUNTIFS(J14,"<="&$C$1)*50%)+(COUNTIFS(M14,"<="&$C$1)*20%)+(COUNTIFS(P14,"<="&$C$1)*10%)+(COUNTIFS(S14,"<="&$C$1)*20%) -> 1 | F14: =(COUNTIFS(K14,"<="&$C$1)*50%)+(COUNTIFS(N14,"<="&$C$1)*20%)+(COUNTIFS(Q14,"<="&$C$1)*10%)+(COUNTIFS(T14,"<="&$C$1)*20%) -> 1 | G14: =(COUNTIFS(L14,"<="&$C$1)*50%)+(COUNTIFS(O14,"<="&$C$1)*20%)+(COUNTIFS(R14,"<="&$C$1)*10%)+(COUNTIFS(U14,"<="&$C$1)*20%) -> 1 | H14: =G14-E14 -> 0 | I14: 0.25 | J14: 46143 | K14: =J14 -> 46143 | L14: 46161 | M14: =J14+42 -> 46185 | N14: =M14 -> 46185 | O14: 46199 | P14: 46249 | Q14: =P14 -> 46249 | R14: 46262 | S14: =P14+14 -> 46263 | T14: =S14 -> 46263 | U14: 46283 | X14: =IF(OR(L14<>""),"Completed", IF(K14="","",IF(K14<TODAY(),"Overdue", IF(AND(K14>=TODAY()-WEEKDAY(TODAY(),2)+1,K14<=TODAY()-WEEKDAY(TODAY(),2)+7),"Follow-This Week", IF(AND(K14>=TODAY()-WEEKDAY(TODAY(),2)+8,K14<=TODAY()-WEEKDAY(TODAY(),2)+14),"Follow-Next Week",""))))) -> Completed | Y14: =IF(OR(O14<>""),"Completed",IF(N14="","", IF(N14<TODAY(),"Overdue", IF(AND(N14>=TODAY()-WEEKDAY(TODAY(),2)+1,N14<=TODAY()-WEEKDAY(TODAY(),2)+7),"Follow-This Week", IF(AND(N14>=TODAY()-WEEKDAY(TODAY(),2)+8,N14<=TODAY()-WEEKDAY(TODAY(),2)+14),"Follow-Next Week",""))))) -> Completed | Z14: =IF(OR(R14<>""),"Completed",IF(Q14="","", IF(Q14<TODAY(),"Overdue", IF(AND(Q14>=TODAY()-WEEKDAY(TODAY(),2)+1,Q14<=TODAY()-WEEKDAY(TODAY(),2)+7),"Follow-This Week", IF(AND(Q14>=TODAY()-WEEKDAY(TODAY(),2)+8,Q14<=TODAY()-WEEKDAY(TODAY(),2)+14),"Follow-Next Week",""))))) -> Completed | AA14: =IF(OR(U14<>""),"Completed",IF(T14="","", IF(T14<TODAY(),"Overdue", IF(AND(T14>=TODAY()-WEEKDAY(TODAY(),2)+1,T14<=TODAY()-WEEKDAY(TODAY(),2)+7),"Follow-This Week", IF(AND(T14>=TODAY()-WEEKDAY(TODAY(),2)+8,T14<=TODAY()-WEEKDAY(TODAY(),2)+14),"Follow-Next Week",""))))) -> Completed
A15: ZWP-21 | B15: Report / Documents | C15: MM-ZTK-1F-ZWP21-STR-CAL-2014 | D15: ZWP21 JACKET LOADOUT ANALYSIS - SUPERSEDED | E15: =(COUNTIFS(J15,"<="&$C$1)*50%)+(COUNTIFS(M15,"<="&$C$1)*20%)+(COUNTIFS(P15,"<="&$C$1)*10%)+(COUNTIFS(S15,"<="&$C$1)*20%) -> 1 | F15: =(COUNTIFS(K15,"<="&$C$1)*50%)+(COUNTIFS(N15,"<="&$C$1)*20%)+(COUNTIFS(Q15,"<="&$C$1)*10%)+(COUNTIFS(T15,"<="&$C$1)*20%) -> 1 | G15: =(COUNTIFS(L15,"<="&$C$1)*50%)+(COUNTIFS(O15,"<="&$C$1)*20%)+(COUNTIFS(R15,"<="&$C$1)*10%)+(COUNTIFS(U15,"<="&$C$1)*20%) -> 1 | H15: =G15-E15 -> 0 | I15: 0.2 | J15: 46150 | K15: =J15 -> 46150 | L15: 46142 | M15: =J15+42 -> 46192 | N15: =M15 -> 46192 | O15: 46214 | P15: =M15+42 -> 46234 | Q15: =P15 -> 46234 | R15: 46255 | S15: =P15+14 -> 46248 | T15: =S15 -> 46248 | U15: 46255 | X15: =IF(OR(L15<>""),"Completed", IF(K15="","",IF(K15<TODAY(),"Overdue", IF(AND(K15>=TODAY()-WEEKDAY(TODAY(),2)+1,K15<=TODAY()-WEEKDAY(TODAY(),2)+7),"Follow-This Week", IF(AND(K15>=TODAY()-WEEKDAY(TODAY(),2)+8,K15<=TODAY()-WEEKDAY(TODAY(),2)+14),"Follow-Next Week",""))))) -> Completed | Y15: =IF(OR(O15<>""),"Completed",IF(N15="","", IF(N15<TODAY(),"Overdue", IF(AND(N15>=TODAY()-WEEKDAY(TODAY(),2)+1,N15<=TODAY()-WEEKDAY(TODAY(),2)+7),"Follow-This Week", IF(AND(N15>=TODAY()-WEEKDAY(TODAY(),2)+8,N15<=TODAY()-WEEKDAY(TODAY(),2)+14),"Follow-Next Week",""))))) -> Completed | Z15: =IF(OR(R15<>""),"Completed",IF(Q15="","", IF(Q15<TODAY(),"Overdue", IF(AND(Q15>=TODAY()-WEEKDAY(TODAY(),2)+1,Q15<=TODAY()-WEEKDAY(TODAY(),2)+7),"Follow-This Week", IF(AND(Q15>=TODAY()-WEEKDAY(TODAY(),2)+8,Q15<=TODAY()-WEEKDAY(TODAY(),2)+14),"Follow-Next Week",""))))) -> Completed | AA15: =IF(OR(U15<>""),"Completed",IF(T15="","", IF(T15<TODAY(),"Overdue", IF(AND(T15>=TODAY()-WEEKDAY(TODAY(),2)+1,T15<=TODAY()-WEEKDAY(TODAY(),2)+7),"Follow-This Week", IF(AND(T15>=TODAY()-WEEKDAY(TODAY(),2)+8,T15<=TODAY()-WEEKDAY(TODAY(),2)+14),"Follow-Next Week",""))))) -> Completed
A16: ZWP-21 | B16: Report / Documents | C16: MM-ZTK-1F-ZWP21-STR-CAL-2014 | D16: ZWP21 JACKET LOADOUT ANALYSIS - NEW WATER DEPTH | E16: =(COUNTIFS(J16,"<="&$C$1)*50%)+(COUNTIFS(M16,"<="&$C$1)*20%)+(COUNTIFS(P16,"<="&$C$1)*10%)+(COUNTIFS(S16,"<="&$C$1)*20%) -> 1 | F16: =(COUNTIFS(K16,"<="&$C$1)*50%)+(COUNTIFS(N16,"<="&$C$1)*20%)+(COUNTIFS(Q16,"<="&$C$1)*10%)+(COUNTIFS(T16,"<="&$C$1)*20%) -> 1 | G16: =(COUNTIFS(L16,"<="&$C$1)*50%)+(COUNTIFS(O16,"<="&$C$1)*20%)+(COUNTIFS(R16,"<="&$C$1)*10%)+(COUNTIFS(U16,"<="&$C$1)*20%) -> 1 | H16: =G16-E16 -> 0 | I16: 0.3 | J16: 46150 | K16: =J16 -> 46150 | L16: 46142 | M16: =J16+42 -> 46192 | N16: =M16 -> 46192 | O16: 46214 | P16: =M16+42 -> 46234 | Q16: =P16 -> 46234 | R16: 46269 | S16: =P16+14 -> 46248 | T16: =S16 -> 46248 | U16: 46288 | X16: =IF(OR(L16<>""),"Completed", IF(K16="","",IF(K16<TODAY(),"Overdue", IF(AND(K16>=TODAY()-WEEKDAY(TODAY(),2)+1,K16<=TODAY()-WEEKDAY(TODAY(),2)+7),"Follow-This Week", IF(AND(K16>=TODAY()-WEEKDAY(TODAY(),2)+8,K16<=TODAY()-WEEKDAY(TODAY(),2)+14),"Follow-Next Week",""))))) -> Completed | Y16: =IF(OR(O16<>""),"Completed",IF(N16="","", IF(N16<TODAY(),"Overdue", IF(AND(N16>=TODAY()-WEEKDAY(TODAY(),2)+1,N16<=TODAY()-WEEKDAY(TODAY(),2)+7),"Follow-This Week", IF(AND(N16>=TODAY()-WEEKDAY(TODAY(),2)+8,N16<=TODAY()-WEEKDAY(TODAY(),2)+14),"Follow-Next Week",""))))) -> Completed | Z16: =IF(OR(R16<>""),"Completed",IF(Q16="","", IF(Q16<TODAY(),"Overdue", IF(AND(Q16>=TODAY()-WEEKDAY(TODAY(),2)+1,Q16<=TODAY()-WEEKDAY(TODAY(),2)+7),"Follow-This Week", IF(AND(Q16>=TODAY()-WEEKDAY(TODAY(),2)+8,Q16<=TODAY()-WEEKDAY(TODAY(),2)+14),"Follow-Next Week",""))))) -> Completed | AA16: =IF(OR(U16<>""),"Completed",IF(T16="","", IF(T16<TODAY(),"Overdue", IF(AND(T16>=TODAY()-WEEKDAY(TODAY(),2)+1,T16<=TODAY()-WEEKDAY(TODAY(),2)+7),"Follow-This Week", IF(AND(T16>=TODAY()-WEEKDAY(TODAY(),2)+8,T16<=TODAY()-WEEKDAY(TODAY(),2)+14),"Follow-Next Week",""))))) -> Completed
A17: ZWP-21 | B17: Report / Documents | C17: MM-ZTK-1F-ZWP21-STR-CAL-2015 | D17: ZWP21 JACKET TRANSPORTATION ANALYSIS - SUPERSEDED | E17: =(COUNTIFS(J17,"<="&$C$1)*50%)+(COUNTIFS(M17,"<="&$C$1)*20%)+(COUNTIFS(P17,"<="&$C$1)*10%)+(COUNTIFS(S17,"<="&$C$1)*20%) -> 1 | F17: =(COUNTIFS(K17,"<="&$C$1)*50%)+(COUNTIFS(N17,"<="&$C$1)*20%)+(COUNTIFS(Q17,"<="&$C$1)*10%)+(COUNTIFS(T17,"<="&$C$1)*20%) -> 1 | G17: =(COUNTIFS(L17,"<="&$C$1)*50%)+(COUNTIFS(O17,"<="&$C$1)*20%)+(COUNTIFS(R17,"<="&$C$1)*10%)+(COUNTIFS(U17,"<="&$C$1)*20%) -> 1 | H17: =G17-E17 -> 0 | I17: 0.2 | J17: 46164 | K17: =J17 -> 46164 | L17: 46155 | M17: =J17+42 -> 46206 | N17: =M17 -> 46206 | O17: 46217 | P17: =M17+42 -> 46248 | Q17: =P17 -> 46248 | R17: 46255 | S17: =P17+14 -> 46262 | T17: =S17 -> 46262 | U17: 46255 | X17: =IF(OR(L17<>""),"Completed", IF(K17="","",IF(K17<TODAY(),"Overdue", IF(AND(K17>=TODAY()-WEEKDAY(TODAY(),2)+1,K17<=TODAY()-WEEKDAY(TODAY(),2)+7),"Follow-This Week", IF(AND(K17>=TODAY()-WEEKDAY(TODAY(),2)+8,K17<=TODAY()-WEEKDAY(TODAY(),2)+14),"Follow-Next Week",""))))) -> Completed | Y17: =IF(OR(O17<>""),"Completed",IF(N17="","", IF(N17<TODAY(),"Overdue", IF(AND(N17>=TODAY()-WEEKDAY(TODAY(),2)+1,N17<=TODAY()-WEEKDAY(TODAY(),2)+7),"Follow-This Week", IF(AND(N17>=TODAY()-WEEKDAY(TODAY(),2)+8,N17<=TODAY()-WEEKDAY(TODAY(),2)+14),"Follow-Next Week",""))))) -> Completed | Z17: =IF(OR(R17<>""),"Completed",IF(Q17="","", IF(Q17<TODAY(),"Overdue", IF(AND(Q17>=TODAY()-WEEKDAY(TODAY(),2)+1,Q17<=TODAY()-WEEKDAY(TODAY(),2)+7),"Follow-This Week", IF(AND(Q17>=TODAY()-WEEKDAY(TODAY(),2)+8,Q17<=TODAY()-WEEKDAY(TODAY(),2)+14),"Follow-Next Week",""))))) -> Completed | AA17: =IF(OR(U17<>""),"Completed",IF(T17="","", IF(T17<TODAY(),"Overdue", IF(AND(T17>=TODAY()-WEEKDAY(TODAY(),2)+1,T17<=TODAY()-WEEKDAY(TODAY(),2)+7),"Follow-This Week", IF(AND(T17>=TODAY()-WEEKDAY(TODAY(),2)+8,T17<=TODAY()-WEEKDAY(TODAY(),2)+14),"Follow-Next Week",""))))) -> Completed
A18: ZWP-21 | B18: Report / Documents | C18: MM-ZTK-1F-ZWP21-STR-CAL-2015 | D18: ZWP21 JACKET TRANSPORTATION ANALYSIS - NEW WATER DEPTH | E18: =(COUNTIFS(J18,"<="&$C$1)*50%)+(COUNTIFS(M18,"<="&$C$1)*20%)+(COUNTIFS(P18,"<="&$C$1)*10%)+(COUNTIFS(S18,"<="&$C$1)*20%) -> 1 | F18: =(COUNTIFS(K18,"<="&$C$1)*50%)+(COUNTIFS(N18,"<="&$C$1)*20%)+(COUNTIFS(Q18,"<="&$C$1)*10%)+(COUNTIFS(T18,"<="&$C$1)*20%) -> 1 | G18: =(COUNTIFS(L18,"<="&$C$1)*50%)+(COUNTIFS(O18,"<="&$C$1)*20%)+(COUNTIFS(R18,"<="&$C$1)*10%)+(COUNTIFS(U18,"<="&$C$1)*20%) -> 1 | H18: =G18-E18 -> 0 | I18: 0.3 | J18: 46164 | K18: =J18 -> 46164 | L18: 46155 | M18: =J18+42 -> 46206 | N18: =M18 -> 46206 | O18: 46217 | P18: =M18+42 -> 46248 | Q18: =P18 -> 46248 | R18: 46269 | S18: =P18+14 -> 46262 | T18: =S18 -> 46262 | U18: 46288 | X18: =IF(OR(L18<>""),"Completed", IF(K18="","",IF(K18<TODAY(),"Overdue", IF(AND(K18>=TODAY()-WEEKDAY(TODAY(),2)+1,K18<=TODAY()-WEEKDAY(TODAY(),2)+7),"Follow-This Week", IF(AND(K18>=TODAY()-WEEKDAY(TODAY(),2)+8,K18<=TODAY()-WEEKDAY(TODAY(),2)+14),"Follow-Next Week",""))))) -> Completed | Y18: =IF(OR(O18<>""),"Completed",IF(N18="","", IF(N18<TODAY(),"Overdue", IF(AND(N18>=TODAY()-WEEKDAY(TODAY(),2)+1,N18<=TODAY()-WEEKDAY(TODAY(),2)+7),"Follow-This Week", IF(AND(N18>=TODAY()-WEEKDAY(TODAY(),2)+8,N18<=TODAY()-WEEKDAY(TODAY(),2)+14),"Follow-Next Week",""))))) -> Completed | Z18: =IF(OR(R18<>""),"Completed",IF(Q18="","", IF(Q18<TODAY(),"Overdue", IF(AND(Q18>=TODAY()-WEEKDAY(TODAY(),2)+1,Q18<=TODAY()-WEEKDAY(TODAY(),2)+7),"Follow-This Week", IF(AND(Q18>=TODAY()-WEEKDAY(TODAY(),2)+8,Q18<=TODAY()-WEEKDAY(TODAY(),2)+14),"Follow-Next Week",""))))) -> Completed | AA18: =IF(OR(U18<>""),"Completed",IF(T18="","", IF(T18<TODAY(),"Overdue", IF(AND(T18>=TODAY()-WEEKDAY(TODAY(),2)+1,T18<=TODAY()-WEEKDAY(TODAY(),2)+7),"Follow-This Week", IF(AND(T18>=TODAY()-WEEKDAY(TODAY(),2)+8,T18<=TODAY()-WEEKDAY(TODAY(),2)+14),"Follow-Next Week",""))))) -> Completed
A19: ZWP-21 | B19: Report / Documents | C19: MM-ZTK-1F-ZWP21-STR-CAL-2016 | D19: ZWP21 JACKET TRANSPORTATION FATIGUE | E19: =(COUNTIFS(J19,"<="&$C$1)*50%)+(COUNTIFS(M19,"<="&$C$1)*20%)+(COUNTIFS(P19,"<="&$C$1)*10%)+(COUNTIFS(S19,"<="&$C$1)*20%) -> 1 | F19: =(COUNTIFS(K19,"<="&$C$1)*50%)+(COUNTIFS(N19,"<="&$C$1)*20%)+(COUNTIFS(Q19,"<="&$C$1)*10%)+(COUNTIFS(T19,"<="&$C$1)*20%) -> 1 | G19: =(COUNTIFS(L19,"<="&$C$1)*50%)+(COUNTIFS(O19,"<="&$C$1)*20%)+(COUNTIFS(R19,"<="&$C$1)*10%)+(COUNTIFS(U19,"<="&$C$1)*20%) -> 1 | H19: =G19-E19 -> 0 | I19: 0.5 | J19: 46178 | K19: =J19 -> 46178 | L19: 46178 | M19: =J19+42 -> 46220 | N19: =M19 -> 46220 | O19: 46226 | P19: =M19+42 -> 46262 | Q19: =P19 -> 46262 | R19: 46276 | S19: =P19+14 -> 46276 | T19: =S19 -> 46276 | U19: 46295 | X19: =IF(OR(L19<>""),"Completed", IF(K19="","",IF(K19<TODAY(),"Overdue", IF(AND(K19>=TODAY()-WEEKDAY(TODAY(),2)+1,K19<=TODAY()-WEEKDAY(TODAY(),2)+7),"Follow-This Week", IF(AND(K19>=TODAY()-WEEKDAY(TODAY(),2)+8,K19<=TODAY()-WEEKDAY(TODAY(),2)+14),"Follow-Next Week",""))))) -> Completed | Y19: =IF(OR(O19<>""),"Completed",IF(N19="","", IF(N19<TODAY(),"Overdue", IF(AND(N19>=TODAY()-WEEKDAY(TODAY(),2)+1,N19<=TODAY()-WEEKDAY(TODAY(),2)+7),"Follow-This Week", IF(AND(N19>=TODAY()-WEEKDAY(TODAY(),2)+8,N19<=TODAY()-WEEKDAY(TODAY(),2)+14),"Follow-Next Week",""))))) -> Completed | Z19: =IF(OR(R19<>""),"Completed",IF(Q19="","", IF(Q19<TODAY(),"Overdue", IF(AND(Q19>=TODAY()-WEEKDAY(TODAY(),2)+1,Q19<=TODAY()-WEEKDAY(TODAY(),2)+7),"Follow-This Week", IF(AND(Q19>=TODAY()-WEEKDAY(TODAY(),2)+8,Q19<=TODAY()-WEEKDAY(TODAY(),2)+14),"Follow-Next Week",""))))) -> Completed | AA19: =IF(OR(U19<>""),"Completed",IF(T19="","", IF(T19<TODAY(),"Overdue", IF(AND(T19>=TODAY()-WEEKDAY(TODAY(),2)+1,T19<=TODAY()-WEEKDAY(TODAY(),2)+7),"Follow-This Week", IF(AND(T19>=TODAY()-WEEKDAY(TODAY(),2)+8,T19<=TODAY()-WEEKDAY(TODAY(),2)+14),"Follow-Next Week",""))))) -> Completed
A20: ZWP-21 | B20: Report / Documents | C20: MM-ZTK-1F-ZWP21-STR-CAL-2017 | D20: ZWP21 JACKET BOAT IMPACT ANALYSIS - SUPERSEDED | E20: =(COUNTIFS(J20,"<="&$C$1)*50%)+(COUNTIFS(M20,"<="&$C$1)*20%)+(COUNTIFS(P20,"<="&$C$1)*10%)+(COUNTIFS(S20,"<="&$C$1)*20%) -> 1 | F20: =(COUNTIFS(K20,"<="&$C$1)*50%)+(COUNTIFS(N20,"<="&$C$1)*20%)+(COUNTIFS(Q20,"<="&$C$1)*10%)+(COUNTIFS(T20,"<="&$C$1)*20%) -> 1 | G20: =(COUNTIFS(L20,"<="&$C$1)*50%)+(COUNTIFS(O20,"<="&$C$1)*20%)+(COUNTIFS(R20,"<="&$C$1)*10%)+(COUNTIFS(U20,"<="&$C$1)*20%) -> 1 | H20: =G20-E20 -> 0 | I20: 0.3 | J20: 46192 | K20: =J20 -> 46192 | L20: 46206 | M20: =J20+42 -> 46234 | N20: =M20 -> 46234 | O20: 46212 | P20: =M20+42 -> 46276 | Q20: =P20 -> 46276 | R20: 46283 | S20: =P20+14 -> 46290 | T20: =S20 -> 46290 | U20: 46283 | X20: =IF(OR(L20<>""),"Completed", IF(K20="","",IF(K20<TODAY(),"Overdue", IF(AND(K20>=TODAY()-WEEKDAY(TODAY(),2)+1,K20<=TODAY()-WEEKDAY(TODAY(),2)+7),"Follow-This Week", IF(AND(K20>=TODAY()-WEEKDAY(TODAY(),2)+8,K20<=TODAY()-WEEKDAY(TODAY(),2)+14),"Follow-Next Week",""))))) -> Completed | Y20: =IF(OR(O20<>""),"Completed",IF(N20="","", IF(N20<TODAY(),"Overdue", IF(AND(N20>=TODAY()-WEEKDAY(TODAY(),2)+1,N20<=TODAY()-WEEKDAY(TODAY(),2)+7),"Follow-This Week", IF(AND(N20>=TODAY()-WEEKDAY(TODAY(),2)+8,N20<=TODAY()-WEEKDAY(TODAY(),2)+14),"Follow-Next Week",""))))) -> Completed | Z20: =IF(OR(R20<>""),"Completed",IF(Q20="","", IF(Q20<TODAY(),"Overdue", IF(AND(Q20>=TODAY()-WEEKDAY(TODAY(),2)+1,Q20<=TODAY()-WEEKDAY(TODAY(),2)+7),"Follow-This Week", IF(AND(Q20>=TODAY()-WEEKDAY(TODAY(),2)+8,Q20<=TODAY()-WEEKDAY(TODAY(),2)+14),"Follow-Next Week",""))))) -> Completed | AA20: =IF(OR(U20<>""),"Completed",IF(T20="","", IF(T20<TODAY(),"Overdue", IF(AND(T20>=TODAY()-WEEKDAY(TODAY(),2)+1,T20<=TODAY()-WEEKDAY(TODAY(),2)+7),"Follow-This Week", IF(AND(T20>=TODAY()-WEEKDAY(TODAY(),2)+8,T20<=TODAY()-WEEKDAY(TODAY(),2)+14),"Follow-Next Week",""))))) -> Completed
A21: ZWP-21 | B21: Report / Documents | C21: MM-ZTK-1F-ZWP21-STR-CAL-2017 | D21: ZWP21 JACKET BOAT IMPACT ANALYSIS - UPDATED WATER DEPTH | E21: =(COUNTIFS(J21,"<="&$C$1)*50%)+(COUNTIFS(M21,"<="&$C$1)*20%)+(COUNTIFS(P21,"<="&$C$1)*10%)+(COUNTIFS(S21,"<="&$C$1)*20%) -> 1 | F21: =(COUNTIFS(K21,"<="&$C$1)*50%)+(COUNTIFS(N21,"<="&$C$1)*20%)+(COUNTIFS(Q21,"<="&$C$1)*10%)+(COUNTIFS(T21,"<="&$C$1)*20%) -> 1 | G21: =(COUNTIFS(L21,"<="&$C$1)*50%)+(COUNTIFS(O21,"<="&$C$1)*20%)+(COUNTIFS(R21,"<="&$C$1)*10%)+(COUNTIFS(U21,"<="&$C$1)*20%) -> 0.8 | H21: =G21-E21 -> -0.2 | I21: 0.2 | J21: 46192 | K21: =J21 -> 46192 | L21: 46206 | M21: =J21+42 -> 46234 | N21: =M21 -> 46234 | O21: 46212 | P21: =M21+42 -> 46276 | Q21: =P21 -> 46276 | R21: 46300 | S21: =P21+14 -> 46290 | T21: =S21 -> 46290 | X21: =IF(OR(L21<>""),"Completed", IF(K21="","",IF(K21<TODAY(),"Overdue", IF(AND(K21>=TODAY()-WEEKDAY(TODAY(),2)+1,K21<=TODAY()-WEEKDAY(TODAY(),2)+7),"Follow-This Week", IF(AND(K21>=TODAY()-WEEKDAY(TODAY(),2)+8,K21<=TODAY()-WEEKDAY(TODAY(),2)+14),"Follow-Next Week",""))))) -> Completed | Y21: =IF(OR(O21<>""),"Completed",IF(N21="","", IF(N21<TODAY(),"Overdue", IF(AND(N21>=TODAY()-WEEKDAY(TODAY(),2)+1,N21<=TODAY()-WEEKDAY(TODAY(),2)+7),"Follow-This Week", IF(AND(N21>=TODAY()-WEEKDAY(TODAY(),2)+8,N21<=TODAY()-WEEKDAY(TODAY(),2)+14),"Follow-Next Week",""))))) -> Completed | Z21: =IF(OR(R21<>""),"Completed",IF(Q21="","", IF(Q21<TODAY(),"Overdue", IF(AND(Q21>=TODAY()-WEEKDAY(TODAY(),2)+1,Q21<=TODAY()-WEEKDAY(TODAY(),2)+7),"Follow-This Week", IF(AND(Q21>=TODAY()-WEEKDAY(TODAY(),2)+8,Q21<=TODAY()-WEEKDAY(TODAY(),2)+14),"Follow-Next Week",""))))) -> Completed | AA21: =IF(OR(U21<>""),"Completed",IF(T21="","", IF(T21<TODAY(),"Overdue", IF(AND(T21>=TODAY()-WEEKDAY(TODAY(),2)+1,T21<=TODAY()-WEEKDAY(TODAY(),2)+7),"Follow-This Week", IF(AND(T21>=TODAY()-WEEKDAY(TODAY(),2)+8,T21<=TODAY()-WEEKDAY(TODAY(),2)+14),"Follow-Next Week",""))))) -> Overdue
A22: ZWP-21 | B22: Report / Documents | C22: MM-ZTK-1F-ZWP21-STR-CAL-2018 | D22: ZWP21 JACKET ON-BOTTOM STABILITY ANALYSIS - SUPERSEDED | E22: =(COUNTIFS(J22,"<="&$C$1)*50%)+(COUNTIFS(M22,"<="&$C$1)*20%)+(COUNTIFS(P22,"<="&$C$1)*10%)+(COUNTIFS(S22,"<="&$C$1)*20%) -> 1 | F22: =(COUNTIFS(K22,"<="&$C$1)*50%)+(COUNTIFS(N22,"<="&$C$1)*20%)+(COUNTIFS(Q22,"<="&$C$1)*10%)+(COUNTIFS(T22,"<="&$C$1)*20%) -> 1 | G22: =(COUNTIFS(L22,"<="&$C$1)*50%)+(COUNTIFS(O22,"<="&$C$1)*20%)+(COUNTIFS(R22,"<="&$C$1)*10%)+(COUNTIFS(U22,"<="&$C$1)*20%) -> 1 | H22: =G22-E22 -> 0 | I22: 0.2 | J22: 46157 | K22: =J22 -> 46157 | L22: 46175 | M22: =J22+42 -> 46199 | N22: =M22 -> 46199 | O22: 46217 | P22: =M22+42 -> 46241 | Q22: =P22 -> 46241 | R22: 46255 | S22: =P22+14 -> 46255 | T22: =S22 -> 46255 | U22: 46255 | X22: =IF(OR(L22<>""),"Completed", IF(K22="","",IF(K22<TODAY(),"Overdue", IF(AND(K22>=TODAY()-WEEKDAY(TODAY(),2)+1,K22<=TODAY()-WEEKDAY(TODAY(),2)+7),"Follow-This Week", IF(AND(K22>=TODAY()-WEEKDAY(TODAY(),2)+8,K22<=TODAY()-WEEKDAY(TODAY(),2)+14),"Follow-Next Week",""))))) -> Completed | Y22: =IF(OR(O22<>""),"Completed",IF(N22="","", IF(N22<TODAY(),"Overdue", IF(AND(N22>=TODAY()-WEEKDAY(TODAY(),2)+1,N22<=TODAY()-WEEKDAY(TODAY(),2)+7),"Follow-This Week", IF(AND(N22>=TODAY()-WEEKDAY(TODAY(),2)+8,N22<=TODAY()-WEEKDAY(TODAY(),2)+14),"Follow-Next Week",""))))) -> Completed | Z22: =IF(OR(R22<>""),"Completed",IF(Q22="","", IF(Q22<TODAY(),"Overdue", IF(AND(Q22>=TODAY()-WEEKDAY(TODAY(),2)+1,Q22<=TODAY()-WEEKDAY(TODAY(),2)+7),"Follow-This Week", IF(AND(Q22>=TODAY()-WEEKDAY(TODAY(),2)+8,Q22<=TODAY()-WEEKDAY(TODAY(),2)+14),"Follow-Next Week",""))))) -> Completed | AA22: =IF(OR(U22<>""),"Completed",IF(T22="","", IF(T22<TODAY(),"Overdue", IF(AND(T22>=TODAY()-WEEKDAY(TODAY(),2)+1,T22<=TODAY()-WEEKDAY(TODAY(),2)+7),"Follow-This Week", IF(AND(T22>=TODAY()-WEEKDAY(TODAY(),2)+8,T22<=TODAY()-WEEKDAY(TODAY(),2)+14),"Follow-Next Week",""))))) -> Completed
A23: ZWP-21 | B23: Report / Documents | C23: MM-ZTK-1F-ZWP21-STR-CAL-2018 | D23: ZWP21 JACKET ON-BOTTOM STABILITY ANALYSIS - PILE PENETRATION OPTIMISATION | E23: =(COUNTIFS(J23,"<="&$C$1)*50%)+(COUNTIFS(M23,"<="&$C$1)*20%)+(COUNTIFS(P23,"<="&$C$1)*10%)+(COUNTIFS(S23,"<="&$C$1)*20%) -> 1 | F23: =(COUNTIFS(K23,"<="&$C$1)*50%)+(COUNTIFS(N23,"<="&$C$1)*20%)+(COUNTIFS(Q23,"<="&$C$1)*10%)+(COUNTIFS(T23,"<="&$C$1)*20%) -> 1 | G23: =(COUNTIFS(L23,"<="&$C$1)*50%)+(COUNTIFS(O23,"<="&$C$1)*20%)+(COUNTIFS(R23,"<="&$C$1)*10%)+(COUNTIFS(U23,"<="&$C$1)*20%) -> 0.8 | H23: =G23-E23 -> -0.2 | I23: 0.3 | J23: 46157 | K23: =J23 -> 46157 | L23: 46175 | M23: =J23+42 -> 46199 | N23: =M23 -> 46199 | O23: 46217 | P23: =M23+42 -> 46241 | Q23: =P23 -> 46241 | R23: 46290 | S23: =P23+14 -> 46255 | T23: =S23 -> 46255 | X23: =IF(OR(L23<>""),"Completed", IF(K23="","",IF(K23<TODAY(),"Overdue", IF(AND(K23>=TODAY()-WEEKDAY(TODAY(),2)+1,K23<=TODAY()-WEEKDAY(TODAY(),2)+7),"Follow-This Week", IF(AND(K23>=TODAY()-WEEKDAY(TODAY(),2)+8,K23<=TODAY()-WEEKDAY(TODAY(),2)+14),"Follow-Next Week",""))))) -> Completed | Y23: =IF(OR(O23<>""),"Completed",IF(N23="","", IF(N23<TODAY(),"Overdue", IF(AND(N23>=TODAY()-WEEKDAY(TODAY(),2)+1,N23<=TODAY()-WEEKDAY(TODAY(),2)+7),"Follow-This Week", IF(AND(N23>=TODAY()-WEEKDAY(TODAY(),2)+8,N23<=TODAY()-WEEKDAY(TODAY(),2)+14),"Follow-Next Week",""))))) -> Completed | Z23: =IF(OR(R23<>""),"Completed",IF(Q23="","", IF(Q23<TODAY(),"Overdue", IF(AND(Q23>=TODAY()-WEEKDAY(TODAY(),2)+1,Q23<=TODAY()-WEEKDAY(TODAY(),2)+7),"Follow-This Week", IF(AND(Q23>=TODAY()-WEEKDAY(TODAY(),2)+8,Q23<=TODAY()-WEEKDAY(TODAY(),2)+14),"Follow-Next Week",""))))) -> Completed | AA23: =IF(OR(U23<>""),"Completed",IF(T23="","", IF(T23<TODAY(),"Overdue", IF(AND(T23>=TODAY()-WEEKDAY(TODAY(),2)+1,T23<=TODAY()-WEEKDAY(TODAY(),2)+7),"Follow-This Week", IF(AND(T23>=TODAY()-WEEKDAY(TODAY(),2)+8,T23<=TODAY()-WEEKDAY(TODAY(),2)+14),"Follow-Next Week",""))))) -> Overdue
A24: ZWP-21 | B24: Report / Documents | C24: MM-ZTK-1F-ZWP21-STR-CAL-2019 | D24: ZWP21 JACKET MISCELLANEOUS DESIGN (SUPERSEDED) | E24: =(COUNTIFS(J24,"<="&$C$1)*50%)+(COUNTIFS(M24,"<="&$C$1)*20%)+(COUNTIFS(P24,"<="&$C$1)*10%)+(COUNTIFS(S24,"<="&$C$1)*20%) -> 1 | F24: =(COUNTIFS(K24,"<="&$C$1)*50%)+(COUNTIFS(N24,"<="&$C$1)*20%)+(COUNTIFS(Q24,"<="&$C$1)*10%)+(COUNTIFS(T24,"<="&$C$1)*20%) -> 1 | G24: =(COUNTIFS(L24,"<="&$C$1)*50%)+(COUNTIFS(O24,"<="&$C$1)*20%)+(COUNTIFS(R24,"<="&$C$1)*10%)+(COUNTIFS(U24,"<="&$C$1)*20%) -> 1 | H24: =G24-E24 -> 0 | I24: 0.5 | J24: 46188 | K24: =J24 -> 46188 | L24: 46192 | M24: =J24+42 -> 46230 | N24: =M24 -> 46230 | O24: 46248 | P24: =M24+42 -> 46272 | Q24: =P24 -> 46272 | R24: 46248 | S24: =P24+14 -> 46286 | T24: =S24 -> 46286 | U24: 46248 | X24: =IF(OR(L24<>""),"Completed", IF(K24="","",IF(K24<TODAY(),"Overdue", IF(AND(K24>=TODAY()-WEEKDAY(TODAY(),2)+1,K24<=TODAY()-WEEKDAY(TODAY(),2)+7),"Follow-This Week", IF(AND(K24>=TODAY()-WEEKDAY(TODAY(),2)+8,K24<=TODAY()-WEEKDAY(TODAY(),2)+14),"Follow-Next Week",""))))) -> Completed | Y24: =IF(OR(O24<>""),"Completed",IF(N24="","", IF(N24<TODAY(),"Overdue", IF(AND(N24>=TODAY()-WEEKDAY(TODAY(),2)+1,N24<=TODAY()-WEEKDAY(TODAY(),2)+7),"Follow-This Week", IF(AND(N24>=TODAY()-WEEKDAY(TODAY(),2)+8,N24<=TODAY()-WEEKDAY(TODAY(),2)+14),"Follow-Next Week",""))))) -> Completed | Z24: =IF(OR(R24<>""),"Completed",IF(Q24="","", IF(Q24<TODAY(),"Overdue", IF(AND(Q24>=TODAY()-WEEKDAY(TODAY(),2)+1,Q24<=TODAY()-WEEKDAY(TODAY(),2)+7),"Follow-This Week", IF(AND(Q24>=TODAY()-WEEKDAY(TODAY(),2)+8,Q24<=TODAY()-WEEKDAY(TODAY(),2)+14),"Follow-Next Week",""))))) -> Completed | AA24: =IF(OR(U24<>""),"Completed",IF(T24="","", IF(T24<TODAY(),"Overdue", IF(AND(T24>=TODAY()-WEEKDAY(TODAY(),2)+1,T24<=TODAY()-WEEKDAY(TODAY(),2)+7),"Follow-This Week", IF(AND(T24>=TODAY()-WEEKDAY(TODAY(),2)+8,T24<=TODAY()-WEEKDAY(TODAY(),2)+14),"Follow-Next Week",""))))) -> Completed
A25: ZWP-21 | B25: Report / Documents | C25: MM-ZTK-1F-ZWP21-STR-CAL-2019 | D25: ZWP21 JACKET MISCELLANEOUS DESIGN (NEW WATER DEPTH) | E25: =(COUNTIFS(J25,"<="&$C$1)*50%)+(COUNTIFS(M25,"<="&$C$1)*20%)+(COUNTIFS(P25,"<="&$C$1)*10%)+(COUNTIFS(S25,"<="&$C$1)*20%) -> 0.8 | F25: =(COUNTIFS(K25,"<="&$C$1)*50%)+(COUNTIFS(N25,"<="&$C$1)*20%)+(COUNTIFS(Q25,"<="&$C$1)*10%)+(COUNTIFS(T25,"<="&$C$1)*20%) -> 0.8 | G25: =(COUNTIFS(L25,"<="&$C$1)*50%)+(COUNTIFS(O25,"<="&$C$1)*20%)+(COUNTIFS(R25,"<="&$C$1)*10%)+(COUNTIFS(U25,"<="&$C$1)*20%) -> 0.7 | H25: =G25-E25 -> -0.1 | I25: 0.25 | J25: 46188 | K25: =J25 -> 46188 | L25: 46192 | M25: 46230 | N25: =M25 -> 46230 | O25: 46288 | P25: =M25+63 -> 46293 | Q25: =P25 -> 46293 | S25: =P25+14 -> 46307 | T25: =S25 -> 46307 | X25: =IF(OR(L25<>""),"Completed", IF(K25="","",IF(K25<TODAY(),"Overdue", IF(AND(K25>=TODAY()-WEEKDAY(TODAY(),2)+1,K25<=TODAY()-WEEKDAY(TODAY(),2)+7),"Follow-This Week", IF(AND(K25>=TODAY()-WEEKDAY(TODAY(),2)+8,K25<=TODAY()-WEEKDAY(TODAY(),2)+14),"Follow-Next Week",""))))) -> Completed | Y25: =IF(OR(O25<>""),"Completed",IF(N25="","", IF(N25<TODAY(),"Overdue", IF(AND(N25>=TODAY()-WEEKDAY(TODAY(),2)+1,N25<=TODAY()-WEEKDAY(TODAY(),2)+7),"Follow-This Week", IF(AND(N25>=TODAY()-WEEKDAY(TODAY(),2)+8,N25<=TODAY()-WEEKDAY(TODAY(),2)+14),"Follow-Next Week",""))))) -> Completed | Z25: =IF(OR(R25<>""),"Completed",IF(Q25="","", IF(Q25<TODAY(),"Overdue", IF(AND(Q25>=TODAY()-WEEKDAY(TODAY(),2)+1,Q25<=TODAY()-WEEKDAY(TODAY(),2)+7),"Follow-This Week", IF(AND(Q25>=TODAY()-WEEKDAY(TODAY(),2)+8,Q25<=TODAY()-WEEKDAY(TODAY(),2)+14),"Follow-Next Week",""))))) -> Overdue | AA25: =IF(OR(U25<>""),"Completed",IF(T25="","", IF(T25<TODAY(),"Overdue", IF(AND(T25>=TODAY()-WEEKDAY(TODAY(),2)+1,T25<=TODAY()-WEEKDAY(TODAY(),2)+7),"Follow-This Week", IF(AND(T25>=TODAY()-WEEKDAY(TODAY(),2)+8,T25<=TODAY()-WEEKDAY(TODAY(),2)+14),"Follow-Next Week",""))))) -> Follow-Next Week
A26: ZWP-21 | B26: Report / Documents | C26: MM-ZTK-1F-ZWP21-STR-CAL-2020 | D26: ZWP21 JACKET LEVELLING ANALYSIS | E26: =(COUNTIFS(J26,"<="&$C$1)*50%)+(COUNTIFS(M26,"<="&$C$1)*20%)+(COUNTIFS(P26,"<="&$C$1)*10%)+(COUNTIFS(S26,"<="&$C$1)*20%) -> 1 | F26: =(COUNTIFS(K26,"<="&$C$1)*50%)+(COUNTIFS(N26,"<="&$C$1)*20%)+(COUNTIFS(Q26,"<="&$C$1)*10%)+(COUNTIFS(T26,"<="&$C$1)*20%) -> 1 | G26: =(COUNTIFS(L26,"<="&$C$1)*50%)+(COUNTIFS(O26,"<="&$C$1)*20%)+(COUNTIFS(R26,"<="&$C$1)*10%)+(COUNTIFS(U26,"<="&$C$1)*20%) -> 1 | H26: =G26-E26 -> 0 | I26: 0.5 | J26: 46206 | K26: =J26 -> 46206 | L26: 46211 | M26: =J26+42 -> 46248 | N26: =M26 -> 46248 | O26: 46223 | P26: =M26+42 -> 46290 | Q26: =P26 -> 46290 | R26: 46276 | S26: =P26+14 -> 46304 | T26: =S26 -> 46304 | U26: 46293 | X26: =IF(OR(L26<>""),"Completed", IF(K26="","",IF(K26<TODAY(),"Overdue", IF(AND(K26>=TODAY()-WEEKDAY(TODAY(),2)+1,K26<=TODAY()-WEEKDAY(TODAY(),2)+7),"Follow-This Week", IF(AND(K26>=TODAY()-WEEKDAY(TODAY(),2)+8,K26<=TODAY()-WEEKDAY(TODAY(),2)+14),"Follow-Next Week",""))))) -> Completed | Y26: =IF(OR(O26<>""),"Completed",IF(N26="","", IF(N26<TODAY(),"Overdue", IF(AND(N26>=TODAY()-WEEKDAY(TODAY(),2)+1,N26<=TODAY()-WEEKDAY(TODAY(),2)+7),"Follow-This Week", IF(AND(N26>=TODAY()-WEEKDAY(TODAY(),2)+8,N26<=TODAY()-WEEKDAY(TODAY(),2)+14),"Follow-Next Week",""))))) -> Completed | Z26: =IF(OR(R26<>""),"Completed",IF(Q26="","", IF(Q26<TODAY(),"Overdue", IF(AND(Q26>=TODAY()-WEEKDAY(TODAY(),2)+1,Q26<=TODAY()-WEEKDAY(TODAY(),2)+7),"Follow-This Week", IF(AND(Q26>=TODAY()-WEEKDAY(TODAY(),2)+8,Q26<=TODAY()-WEEKDAY(TODAY(),2)+14),"Follow-Next Week",""))))) -> Completed | AA26: =IF(OR(U26<>""),"Completed",IF(T26="","", IF(T26<TODAY(),"Overdue", IF(AND(T26>=TODAY()-WEEKDAY(TODAY(),2)+1,T26<=TODAY()-WEEKDAY(TODAY(),2)+7),"Follow-This Week", IF(AND(T26>=TODAY()-WEEKDAY(TODAY(),2)+8,T26<=TODAY()-WEEKDAY(TODAY(),2)+14),"Follow-Next Week",""))))) -> Completed
A27: ZWP-21 | B27: Report / Documents | C27: MM-ZTK-1F-ZWP21-STR-CAL-2021 | D27: ZWP21 JACKET PILE HANDLING AND STICK-UP ANALYSIS (SUPERSEDED) | E27: =(COUNTIFS(J27,"<="&$C$1)*50%)+(COUNTIFS(M27,"<="&$C$1)*20%)+(COUNTIFS(P27,"<="&$C$1)*10%)+(COUNTIFS(S27,"<="&$C$1)*20%) -> 1 | F27: =(COUNTIFS(K27,"<="&$C$1)*50%)+(COUNTIFS(N27,"<="&$C$1)*20%)+(COUNTIFS(Q27,"<="&$C$1)*10%)+(COUNTIFS(T27,"<="&$C$1)*20%) -> 1 | G27: =(COUNTIFS(L27,"<="&$C$1)*50%)+(COUNTIFS(O27,"<="&$C$1)*20%)+(COUNTIFS(R27,"<="&$C$1)*10%)+(COUNTIFS(U27,"<="&$C$1)*20%) -> 1 | H27: =G27-E27 -> 0 | I27: 0.25 | J27: 46150 | K27: =J27 -> 46150 | L27: 46206 | M27: =J27+42 -> 46192 | N27: =M27 -> 46192 | O27: 46212 | P27: =M27+42 -> 46234 | Q27: =P27 -> 46234 | R27: 46248 | S27: =P27+14 -> 46248 | T27: =S27 -> 46248 | U27: 46248 | X27: =IF(OR(L27<>""),"Completed", IF(K27="","",IF(K27<TODAY(),"Overdue", IF(AND(K27>=TODAY()-WEEKDAY(TODAY(),2)+1,K27<=TODAY()-WEEKDAY(TODAY(),2)+7),"Follow-This Week", IF(AND(K27>=TODAY()-WEEKDAY(TODAY(),2)+8,K27<=TODAY()-WEEKDAY(TODAY(),2)+14),"Follow-Next Week",""))))) -> Completed | Y27: =IF(OR(O27<>""),"Completed",IF(N27="","", IF(N27<TODAY(),"Overdue", IF(AND(N27>=TODAY()-WEEKDAY(TODAY(),2)+1,N27<=TODAY()-WEEKDAY(TODAY(),2)+7),"Follow-This Week", IF(AND(N27>=TODAY()-WEEKDAY(TODAY(),2)+8,N27<=TODAY()-WEEKDAY(TODAY(),2)+14),"Follow-Next Week",""))))) -> Completed | Z27: =IF(OR(R27<>""),"Completed",IF(Q27="","", IF(Q27<TODAY(),"Overdue", IF(AND(Q27>=TODAY()-WEEKDAY(TODAY(),2)+1,Q27<=TODAY()-WEEKDAY(TODAY(),2)+7),"Follow-This Week", IF(AND(Q27>=TODAY()-WEEKDAY(TODAY(),2)+8,Q27<=TODAY()-WEEKDAY(TODAY(),2)+14),"Follow-Next Week",""))))) -> Completed | AA27: =IF(OR(U27<>""),"Completed",IF(T27="","", IF(T27<TODAY(),"Overdue", IF(AND(T27>=TODAY()-WEEKDAY(TODAY(),2)+1,T27<=TODAY()-WEEKDAY(TODAY(),2)+7),"Follow-This Week", IF(AND(T27>=TODAY()-WEEKDAY(TODAY(),2)+8,T27<=TODAY()-WEEKDAY(TODAY(),2)+14),"Follow-Next Week",""))))) -> Completed
A28: ZWP-21 | B28: Report / Documents | C28: MM-ZTK-1F-ZWP21-STR-CAL-2021 | D28: ZWP21 JACKET PILE HANDLING AND STICK-UP ANALYSIS (OPTIMISATION) | E28: =(COUNTIFS(J28,"<="&$C$1)*50%)+(COUNTIFS(M28,"<="&$C$1)*20%)+(COUNTIFS(P28,"<="&$C$1)*10%)+(COUNTIFS(S28,"<="&$C$1)*20%) -> 1 | F28: =(COUNTIFS(K28,"<="&$C$1)*50%)+(COUNTIFS(N28,"<="&$C$1)*20%)+(COUNTIFS(Q28,"<="&$C$1)*10%)+(COUNTIFS(T28,"<="&$C$1)*20%) -> 1 | G28: =(COUNTIFS(L28,"<="&$C$1)*50%)+(COUNTIFS(O28,"<="&$C$1)*20%)+(COUNTIFS(R28,"<="&$C$1)*10%)+(COUNTIFS(U28,"<="&$C$1)*20%) -> 0.8 | H28: =G28-E28 -> -0.2 | I28: 0.25 | J28: 46150 | K28: =J28 -> 46150 | L28: 46206 | M28: =J28+42 -> 46192 | N28: =M28 -> 46192 | O28: 46212 | P28: 46265 | Q28: =P28 -> 46265 | R28: 46293 | S28: =P28+14 -> 46279 | T28: =S28 -> 46279 | X28: =IF(OR(L28<>""),"Completed", IF(K28="","",IF(K28<TODAY(),"Overdue", IF(AND(K28>=TODAY()-WEEKDAY(TODAY(),2)+1,K28<=TODAY()-WEEKDAY(TODAY(),2)+7),"Follow-This Week", IF(AND(K28>=TODAY()-WEEKDAY(TODAY(),2)+8,K28<=TODAY()-WEEKDAY(TODAY(),2)+14),"Follow-Next Week",""))))) -> Completed | Y28: =IF(OR(O28<>""),"Completed",IF(N28="","", IF(N28<TODAY(),"Overdue", IF(AND(N28>=TODAY()-WEEKDAY(TODAY(),2)+1,N28<=TODAY()-WEEKDAY(TODAY(),2)+7),"Follow-This Week", IF(AND(N28>=TODAY()-WEEKDAY(TODAY(),2)+8,N28<=TODAY()-WEEKDAY(TODAY(),2)+14),"Follow-Next Week",""))))) -> Completed | Z28: =IF(OR(R28<>""),"Completed",IF(Q28="","", IF(Q28<TODAY(),"Overdue", IF(AND(Q28>=TODAY()-WEEKDAY(TODAY(),2)+1,Q28<=TODAY()-WEEKDAY(TODAY(),2)+7),"Follow-This Week", IF(AND(Q28>=TODAY()-WEEKDAY(TODAY(),2)+8,Q28<=TODAY()-WEEKDAY(TODAY(),2)+14),"Follow-Next Week",""))))) -> Completed | AA28: =IF(OR(U28<>""),"Completed",IF(T28="","", IF(T28<TODAY(),"Overdue", IF(AND(T28>=TODAY()-WEEKDAY(TODAY(),2)+1,T28<=TODAY()-WEEKDAY(TODAY(),2)+7),"Follow-This Week", IF(AND(T28>=TODAY()-WEEKDAY(TODAY(),2)+8,T28<=TODAY()-WEEKDAY(TODAY(),2)+14),"Follow-Next Week",""))))) -> Overdue
A29: ZWP-21 | B29: Report / Documents | C29: MM-ZTK-1F-ZWP21-STR-CAL-2022 | D29: ZWP21 PILE DRIVEABILITY AND PILE FATIGUE ANALYSIS (SUPERSEDED) | E29: =(COUNTIFS(J29,"<="&$C$1)*50%)+(COUNTIFS(M29,"<="&$C$1)*20%)+(COUNTIFS(P29,"<="&$C$1)*10%)+(COUNTIFS(S29,"<="&$C$1)*20%) -> 1 | F29: =(COUNTIFS(K29,"<="&$C$1)*50%)+(COUNTIFS(N29,"<="&$C$1)*20%)+(COUNTIFS(Q29,"<="&$C$1)*10%)+(COUNTIFS(T29,"<="&$C$1)*20%) -> 1 | G29: =(COUNTIFS(L29,"<="&$C$1)*50%)+(COUNTIFS(O29,"<="&$C$1)*20%)+(COUNTIFS(R29,"<="&$C$1)*10%)+(COUNTIFS(U29,"<="&$C$1)*20%) -> 1 | H29: =G29-E29 -> 0 | I29: 0.25 | J29: 46157 | K29: =J29 -> 46157 | L29: 46161 | M29: =J29+42 -> 46199 | N29: =M29 -> 46199 | O29: 46218 | P29: =M29+42 -> 46241 | Q29: =P29 -> 46241 | R29: 46248 | S29: =P29+14 -> 46255 | T29: =S29 -> 46255 | U29: 46248 | X29: =IF(OR(L29<>""),"Completed", IF(K29="","",IF(K29<TODAY(),"Overdue", IF(AND(K29>=TODAY()-WEEKDAY(TODAY(),2)+1,K29<=TODAY()-WEEKDAY(TODAY(),2)+7),"Follow-This Week", IF(AND(K29>=TODAY()-WEEKDAY(TODAY(),2)+8,K29<=TODAY()-WEEKDAY(TODAY(),2)+14),"Follow-Next Week",""))))) -> Completed | Y29: =IF(OR(O29<>""),"Completed",IF(N29="","", IF(N29<TODAY(),"Overdue", IF(AND(N29>=TODAY()-WEEKDAY(TODAY(),2)+1,N29<=TODAY()-WEEKDAY(TODAY(),2)+7),"Follow-This Week", IF(AND(N29>=TODAY()-WEEKDAY(TODAY(),2)+8,N29<=TODAY()-WEEKDAY(TODAY(),2)+14),"Follow-Next Week",""))))) -> Completed | Z29: =IF(OR(R29<>""),"Completed",IF(Q29="","", IF(Q29<TODAY(),"Overdue", IF(AND(Q29>=TODAY()-WEEKDAY(TODAY(),2)+1,Q29<=TODAY()-WEEKDAY(TODAY(),2)+7),"Follow-This Week", IF(AND(Q29>=TODAY()-WEEKDAY(TODAY(),2)+8,Q29<=TODAY()-WEEKDAY(TODAY(),2)+14),"Follow-Next Week",""))))) -> Completed | AA29: =IF(OR(U29<>""),"Completed",IF(T29="","", IF(T29<TODAY(),"Overdue", IF(AND(T29>=TODAY()-WEEKDAY(TODAY(),2)+1,T29<=TODAY()-WEEKDAY(TODAY(),2)+7),"Follow-This Week", IF(AND(T29>=TODAY()-WEEKDAY(TODAY(),2)+8,T29<=TODAY()-WEEKDAY(TODAY(),2)+14),"Follow-Next Week",""))))) -> Completed
A30: ZWP-21 | B30: Report / Documents | C30: MM-ZTK-1F-ZWP21-STR-CAL-2022 | D30: ZWP21 PILE DRIVEABILITY AND PILE FATIGUE ANALYSIS (OPTIMISATION) | E30: =(COUNTIFS(J30,"<="&$C$1)*50%)+(COUNTIFS(M30,"<="&$C$1)*20%)+(COUNTIFS(P30,"<="&$C$1)*10%)+(COUNTIFS(S30,"<="&$C$1)*20%) -> 1 | F30: =(COUNTIFS(K30,"<="&$C$1)*50%)+(COUNTIFS(N30,"<="&$C$1)*20%)+(COUNTIFS(Q30,"<="&$C$1)*10%)+(COUNTIFS(T30,"<="&$C$1)*20%) -> 1 | G30: =(COUNTIFS(L30,"<="&$C$1)*50%)+(COUNTIFS(O30,"<="&$C$1)*20%)+(COUNTIFS(R30,"<="&$C$1)*10%)+(COUNTIFS(U30,"<="&$C$1)*20%) -> 0.8 | H30: =G30-E30 -> -0.2 | I30: 0.25 | J30: 46157 | K30: =J30 -> 46157 | L30: 46161 | M30: =J30+42 -> 46199 | N30: =M30 -> 46199 | O30: 46218 | P30: 46265 | Q30: =P30 -> 46265 | R30: 46295 | S30: =P30+14 -> 46279 | T30: =S30 -> 46279 | X30: =IF(OR(L30<>""),"Completed", IF(K30="","",IF(K30<TODAY(),"Overdue", IF(AND(K30>=TODAY()-WEEKDAY(TODAY(),2)+1,K30<=TODAY()-WEEKDAY(TODAY(),2)+7),"Follow-This Week", IF(AND(K30>=TODAY()-WEEKDAY(TODAY(),2)+8,K30<=TODAY()-WEEKDAY(TODAY(),2)+14),"Follow-Next Week",""))))) -> Completed | Y30: =IF(OR(O30<>""),"Completed",IF(N30="","", IF(N30<TODAY(),"Overdue", IF(AND(N30>=TODAY()-WEEKDAY(TODAY(),2)+1,N30<=TODAY()-WEEKDAY(TODAY(),2)+7),"Follow-This Week", IF(AND(N30>=TODAY()-WEEKDAY(TODAY(),2)+8,N30<=TODAY()-WEEKDAY(TODAY(),2)+14),"Follow-Next Week",""))))) -> Completed | Z30: =IF(OR(R30<>""),"Completed",IF(Q30="","", IF(Q30<TODAY(),"Overdue", IF(AND(Q30>=TODAY()-WEEKDAY(TODAY(),2)+1,Q30<=TODAY()-WEEKDAY(TODAY(),2)+7),"Follow-This Week", IF(AND(Q30>=TODAY()-WEEKDAY(TODAY(),2)+8,Q30<=TODAY()-WEEKDAY(TODAY(),2)+14),"Follow-Next Week",""))))) -> Completed | AA30: =IF(OR(U30<>""),"Completed",IF(T30="","", IF(T30<TODAY(),"Overdue", IF(AND(T30>=TODAY()-WEEKDAY(TODAY(),2)+1,T30<=TODAY()-WEEKDAY(TODAY(),2)+7),"Follow-This Week", IF(AND(T30>=TODAY()-WEEKDAY(TODAY(),2)+8,T30<=TODAY()-WEEKDAY(TODAY(),2)+14),"Follow-Next Week",""))))) -> Overdue
A31: ZWP-21 | B31: Report / Documents | C31: MM-ZTK-1F-ZWP21-STR-CAL-2023 | D31: ZWP21 JACKET PILE CLUSTER AND SKIRT PILE SLEEVE DESIGN WITH FEA - SUPERSEDED | E31: =(COUNTIFS(J31,"<="&$C$1)*50%)+(COUNTIFS(M31,"<="&$C$1)*20%)+(COUNTIFS(P31,"<="&$C$1)*10%)+(COUNTIFS(S31,"<="&$C$1)*20%) -> 0.7 | F31: =(COUNTIFS(K31,"<="&$C$1)*50%)+(COUNTIFS(N31,"<="&$C$1)*20%)+(COUNTIFS(Q31,"<="&$C$1)*10%)+(COUNTIFS(T31,"<="&$C$1)*20%) -> 0.7 | G31: =(COUNTIFS(L31,"<="&$C$1)*50%)+(COUNTIFS(O31,"<="&$C$1)*20%)+(COUNTIFS(R31,"<="&$C$1)*10%)+(COUNTIFS(U31,"<="&$C$1)*20%) -> 1 | H31: =G31-E31 -> 0.3 | I31: 0.4 | J31: 46227 | K31: =J31 -> 46227 | L31: 46234 | M31: =J31+42 -> 46269 | N31: =M31 -> 46269 | O31: 46234 | P31: =M31+42 -> 46311 | Q31: =P31 -> 46311 | R31: 46234 | S31: =P31+14 -> 46325 | T31: =S31 -> 46325 | U31: 46234 | X31: =IF(OR(L31<>""),"Completed", IF(K31="","",IF(K31<TODAY(),"Overdue", IF(AND(K31>=TODAY()-WEEKDAY(TODAY(),2)+1,K31<=TODAY()-WEEKDAY(TODAY(),2)+7),"Follow-This Week", IF(AND(K31>=TODAY()-WEEKDAY(TODAY(),2)+8,K31<=TODAY()-WEEKDAY(TODAY(),2)+14),"Follow-Next Week",""))))) -> Completed
A32: ZWP-21 | B32: Report / Documents | C32: MM-ZTK-1F-ZWP21-STR-CAL-2023 | D32: ZWP21 JACKET PILE CLUSTER AND SKIRT PILE SLEEVE DESIGN WITH FEA - NEW WATER DEPTH | E32: =(COUNTIFS(J32,"<="&$C$1)*50%)+(COUNTIFS(M32,"<="&$C$1)*20%)+(COUNTIFS(P32,"<="&$C$1)*10%)+(COUNTIFS(S32,"<="&$C$1)*20%) -> 0.7 | F32: =(COUNTIFS(K32,"<="&$C$1)*50%)+(COUNTIFS(N32,"<="&$C$1)*20%)+(COUNTIFS(Q32,"<="&$C$1)*10%)+(COUNTIFS(T32,"<="&$C$1)*20%) -> 0.7 | G32: =(COUNTIFS(L32,"<="&$C$1)*50%)+(COUNTIFS(O32,"<="&$C$1)*20%)+(COUNTIFS(R32,"<="&$C$1)*10%)+(COUNTIFS(U32,"<="&$C$1)*20%) -> 0.7 | H32: =G32-E32 -> 0 | I32: 0.4 | J32: 46227 | K32: =J32 -> 46227 | L32: 46234 | M32: =J32+42 -> 46269 | N32: =M32 -> 46269 | O32: 46248 | P32: =M32+42 -> 46311 | Q32: =P32 -> 46311 | S32: =P32+14 -> 46325 | T32: =S32 -> 46325 | X32: =IF(OR(L32<>""),"Completed", IF(K32="","",IF(K32<TODAY(),"Overdue", IF(AND(K32>=TODAY()-WEEKDAY(TODAY(),2)+1,K32<=TODAY()-WEEKDAY(TODAY(),2)+7),"Follow-This Week", IF(AND(K32>=TODAY()-WEEKDAY(TODAY(),2)+8,K32<=TODAY()-WEEKDAY(TODAY(),2)+14),"Follow-Next Week",""))))) -> Completed | Y32: =IF(OR(O32<>""),"Completed",IF(N32="","", IF(N32<TODAY(),"Overdue", IF(AND(N32>=TODAY()-WEEKDAY(TODAY(),2)+1,N32<=TODAY()-WEEKDAY(TODAY(),2)+7),"Follow-This Week", IF(AND(N32>=TODAY()-WEEKDAY(TODAY(),2)+8,N32<=TODAY()-WEEKDAY(TODAY(),2)+14),"Follow-Next Week",""))))) -> Completed | Z32: =IF(OR(R32<>""),"Completed",IF(Q32="","", IF(Q32<TODAY(),"Overdue", IF(AND(Q32>=TODAY()-WEEKDAY(TODAY(),2)+1,Q32<=TODAY()-WEEKDAY(TODAY(),2)+7),"Follow-This Week", IF(AND(Q32>=TODAY()-WEEKDAY(TODAY(),2)+8,Q32<=TODAY()-WEEKDAY(TODAY(),2)+14),"Follow-Next Week",""))))) -> Follow-Next Week | AA32: =IF(OR(U32<>""),"Completed",IF(T32="","", IF(T32<TODAY(),"Overdue", IF(AND(T32>=TODAY()-WEEKDAY(TODAY(),2)+1,T32<=TODAY()-WEEKDAY(TODAY(),2)+7),"Follow-This Week", IF(AND(T32>=TODAY()-WEEKDAY(TODAY(),2)+8,T32<=TODAY()-WEEKDAY(TODAY(),2)+14),"Follow-Next Week","")))))
A33: ZWP-21 | B33: Report / Documents | C33: MM-ZTK-1F-ZWP21-STR-CAL-2024 | D33: ZWP21 PILE GROUP EFFECT ANALYSIS - SUPERSEDED | E33: =(COUNTIFS(J33,"<="&$C$1)*50%)+(COUNTIFS(M33,"<="&$C$1)*20%)+(COUNTIFS(P33,"<="&$C$1)*10%)+(COUNTIFS(S33,"<="&$C$1)*20%) -> 0.7 | F33: =(COUNTIFS(K33,"<="&$C$1)*50%)+(COUNTIFS(N33,"<="&$C$1)*20%)+(COUNTIFS(Q33,"<="&$C$1)*10%)+(COUNTIFS(T33,"<="&$C$1)*20%) -> 0.7 | G33: =(COUNTIFS(L33,"<="&$C$1)*50%)+(COUNTIFS(O33,"<="&$C$1)*20%)+(COUNTIFS(R33,"<="&$C$1)*10%)+(COUNTIFS(U33,"<="&$C$1)*20%) -> 1 | H33: =G33-E33 -> 0.3 | I33: 0.4 | J33: 46241 | K33: =J33 -> 46241 | L33: 46178 | M33: =J33+42 -> 46283 | N33: =M33 -> 46283 | O33: 46192 | P33: =M33+42 -> 46325 | Q33: =P33 -> 46325 | R33: 46297 | S33: =P33+14 -> 46339 | T33: =S33 -> 46339 | U33: 46297 | X33: =IF(OR(L33<>""),"Completed", IF(K33="","",IF(K33<TODAY(),"Overdue", IF(AND(K33>=TODAY()-WEEKDAY(TODAY(),2)+1,K33<=TODAY()-WEEKDAY(TODAY(),2)+7),"Follow-This Week", IF(AND(K33>=TODAY()-WEEKDAY(TODAY(),2)+8,K33<=TODAY()-WEEKDAY(TODAY(),2)+14),"Follow-Next Week",""))))) -> Completed | Y33: =IF(OR(O33<>""),"Completed",IF(N33="","", IF(N33<TODAY(),"Overdue", IF(AND(N33>=TODAY()-WEEKDAY(TODAY(),2)+1,N33<=TODAY()-WEEKDAY(TODAY(),2)+7),"Follow-This Week", IF(AND(N33>=TODAY()-WEEKDAY(TODAY(),2)+8,N33<=TODAY()-WEEKDAY(TODAY(),2)+14),"Follow-Next Week",""))))) -> Completed | Z33: =IF(OR(R33<>""),"Completed",IF(Q33="","", IF(Q33<TODAY(),"Overdue", IF(AND(Q33>=TODAY()-WEEKDAY(TODAY(),2)+1,Q33<=TODAY()-WEEKDAY(TODAY(),2)+7),"Follow-This Week", IF(AND(Q33>=TODAY()-WEEKDAY(TODAY(),2)+8,Q33<=TODAY()-WEEKDAY(TODAY(),2)+14),"Follow-Next Week",""))))) -> Completed | AA33: =IF(OR(U33<>""),"Completed",IF(T33="","", IF(T33<TODAY(),"Overdue", IF(AND(T33>=TODAY()-WEEKDAY(TODAY(),2)+1,T33<=TODAY()-WEEKDAY(TODAY(),2)+7),"Follow-This Week", IF(AND(T33>=TODAY()-WEEKDAY(TODAY(),2)+8,T33<=TODAY()-WEEKDAY(TODAY(),2)+14),"Follow-Next Week",""))))) -> Completed
A34: ZWP-21 | B34: Report / Documents | C34: MM-ZTK-1F-ZWP21-STR-CAL-2024 | D34: ZWP21 PILE GROUP EFFECT ANALYSIS - UPDATE WATER DEPTH | E34: =(COUNTIFS(J34,"<="&$C$1)*50%)+(COUNTIFS(M34,"<="&$C$1)*20%)+(COUNTIFS(P34,"<="&$C$1)*10%)+(COUNTIFS(S34,"<="&$C$1)*20%) -> 0.7 | F34: =(COUNTIFS(K34,"<="&$C$1)*50%)+(COUNTIFS(N34,"<="&$C$1)*20%)+(COUNTIFS(Q34,"<="&$C$1)*10%)+(COUNTIFS(T34,"<="&$C$1)*20%) -> 0.7 | G34: =(COUNTIFS(L34,"<="&$C$1)*50%)+(COUNTIFS(O34,"<="&$C$1)*20%)+(COUNTIFS(R34,"<="&$C$1)*10%)+(COUNTIFS(U34,"<="&$C$1)*20%) -> 0.7 | H34: =G34-E34 -> 0 | I34: 0.4 | J34: 46241 | K34: =J34 -> 46241 | L34: 46178 | M34: =J34+42 -> 46283 | N34: =M34 -> 46283 | O34: 46192 | P34: =M34+42 -> 46325 | Q34: =P34 -> 46325 | S34: =P34+14 -> 46339 | T34: =S34 -> 46339 | X34: =IF(OR(L34<>""),"Completed", IF(K34="","",IF(K34<TODAY(),"Overdue", IF(AND(K34>=TODAY()-WEEKDAY(TODAY(),2)+1,K34<=TODAY()-WEEKDAY(TODAY(),2)+7),"Follow-This Week", IF(AND(K34>=TODAY()-WEEKDAY(TODAY(),2)+8,K34<=TODAY()-WEEKDAY(TODAY(),2)+14),"Follow-Next Week",""))))) -> Completed | Y34: =IF(OR(O34<>""),"Completed",IF(N34="","", IF(N34<TODAY(),"Overdue", IF(AND(N34>=TODAY()-WEEKDAY(TODAY(),2)+1,N34<=TODAY()-WEEKDAY(TODAY(),2)+7),"Follow-This Week", IF(AND(N34>=TODAY()-WEEKDAY(TODAY(),2)+8,N34<=TODAY()-WEEKDAY(TODAY(),2)+14),"Follow-Next Week",""))))) -> Completed | Z34: =IF(OR(R34<>""),"Completed",IF(Q34="","", IF(Q34<TODAY(),"Overdue", IF(AND(Q34>=TODAY()-WEEKDAY(TODAY(),2)+1,Q34<=TODAY()-WEEKDAY(TODAY(),2)+7),"Follow-This Week", IF(AND(Q34>=TODAY()-WEEKDAY(TODAY(),2)+8,Q34<=TODAY()-WEEKDAY(TODAY(),2)+14),"Follow-Next Week",""))))) | AA34: =IF(OR(U34<>""),"Completed",IF(T34="","", IF(T34<TODAY(),"Overdue", IF(AND(T34>=TODAY()-WEEKDAY(TODAY(),2)+1,T34<=TODAY()-WEEKDAY(TODAY(),2)+7),"Follow-This Week", IF(AND(T34>=TODAY()-WEEKDAY(TODAY(),2)+8,T34<=TODAY()-WEEKDAY(TODAY(),2)+14),"Follow-Next Week","")))))
A35: ZWP-21 | B35: Report / Documents | C35: MM-ZTK-1F-ZWP21-STR-CAL-2025 | D35: ZWP21 MUDMAT FEA ANALYSIS | E35: =(COUNTIFS(J35,"<="&$C$1)*50%)+(COUNTIFS(M35,"<="&$C$1)*20%)+(COUNTIFS(P35,"<="&$C$1)*10%)+(COUNTIFS(S35,"<="&$C$1)*20%) -> 0.7 | F35: =(COUNTIFS(K35,"<="&$C$1)*50%)+(COUNTIFS(N35,"<="&$C$1)*20%)+(COUNTIFS(Q35,"<="&$C$1)*10%)+(COUNTIFS(T35,"<="&$C$1)*20%) -> 0.7 | G35: =(COUNTIFS(L35,"<="&$C$1)*50%)+(COUNTIFS(O35,"<="&$C$1)*20%)+(COUNTIFS(R35,"<="&$C$1)*10%)+(COUNTIFS(U35,"<="&$C$1)*20%) -> 0.7 | H35: =G35-E35 -> 0 | I35: 0.8 | J35: 46249 | K35: =J35 -> 46249 | L35: 46241 | M35: =J35+42 -> 46291 | N35: =M35 -> 46291 | O35: 46248 | P35: =M35+42 -> 46333 | Q35: =P35 -> 46333 | S35: =P35+14 -> 46347 | T35: =S35 -> 46347 | X35: =IF(OR(L35<>""),"Completed", IF(K35="","",IF(K35<TODAY(),"Overdue", IF(AND(K35>=TODAY()-WEEKDAY(TODAY(),2)+1,K35<=TODAY()-WEEKDAY(TODAY(),2)+7),"Follow-This Week", IF(AND(K35>=TODAY()-WEEKDAY(TODAY(),2)+8,K35<=TODAY()-WEEKDAY(TODAY(),2)+14),"Follow-Next Week",""))))) -> Completed | Y35: =IF(OR(O35<>""),"Completed",IF(N35="","", IF(N35<TODAY(),"Overdue", IF(AND(N35>=TODAY()-WEEKDAY(TODAY(),2)+1,N35<=TODAY()-WEEKDAY(TODAY(),2)+7),"Follow-This Week", IF(AND(N35>=TODAY()-WEEKDAY(TODAY(),2)+8,N35<=TODAY()-WEEKDAY(TODAY(),2)+14),"Follow-Next Week",""))))) -> Completed | Z35: =IF(OR(R35<>""),"Completed",IF(Q35="","", IF(Q35<TODAY(),"Overdue", IF(AND(Q35>=TODAY()-WEEKDAY(TODAY(),2)+1,Q35<=TODAY()-WEEKDAY(TODAY(),2)+7),"Follow-This Week", IF(AND(Q35>=TODAY()-WEEKDAY(TODAY(),2)+8,Q35<=TODAY()-WEEKDAY(TODAY(),2)+14),"Follow-Next Week",""))))) | AA35: =IF(OR(U35<>""),"Completed",IF(T35="","", IF(T35<TODAY(),"Overdue", IF(AND(T35>=TODAY()-WEEKDAY(TODAY(),2)+1,T35<=TODAY()-WEEKDAY(TODAY(),2)+7),"Follow-This Week", IF(AND(T35>=TODAY()-WEEKDAY(TODAY(),2)+8,T35<=TODAY()-WEEKDAY(TODAY(),2)+14),"Follow-Next Week","")))))
A36: ZWP-21 | B36: Report / Documents | C36: MM-ZTK-1F-ZWP21-STR-CAL-2026 | D36: ZWP21 JACKET PILE TRANSPORTATION FATIGUE - SUPERSEDED | E36: =(COUNTIFS(J36,"<="&$C$1)*50%)+(COUNTIFS(M36,"<="&$C$1)*20%)+(COUNTIFS(P36,"<="&$C$1)*10%)+(COUNTIFS(S36,"<="&$C$1)*20%) -> 0.5 | F36: =(COUNTIFS(K36,"<="&$C$1)*50%)+(COUNTIFS(N36,"<="&$C$1)*20%)+(COUNTIFS(Q36,"<="&$C$1)*10%)+(COUNTIFS(T36,"<="&$C$1)*20%) -> 0.5 | G36: =(COUNTIFS(L36,"<="&$C$1)*50%)+(COUNTIFS(O36,"<="&$C$1)*20%)+(COUNTIFS(R36,"<="&$C$1)*10%)+(COUNTIFS(U36,"<="&$C$1)*20%) -> 1 | H36: =G36-E36 -> 0.5 | I36: 0.25 | J36: 46302 | K36: =J36 -> 46302 | L36: 46290 | M36: =J36+42 -> 46344 | N36: =M36 -> 46344 | O36: 46290 | P36: =M36+42 -> 46386 | Q36: =P36 -> 46386 | R36: 46290 | S36: =P36+14 -> 46400 | T36: =S36 -> 46400 | U36: 46290 | X36: =IF(OR(L36<>""),"Completed", IF(K36="","",IF(K36<TODAY(),"Overdue", IF(AND(K36>=TODAY()-WEEKDAY(TODAY(),2)+1,K36<=TODAY()-WEEKDAY(TODAY(),2)+7),"Follow-This Week", IF(AND(K36>=TODAY()-WEEKDAY(TODAY(),2)+8,K36<=TODAY()-WEEKDAY(TODAY(),2)+14),"Follow-Next Week",""))))) -> Completed | Y36: =IF(OR(O36<>""),"Completed",IF(N36="","", IF(N36<TODAY(),"Overdue", IF(AND(N36>=TODAY()-WEEKDAY(TODAY(),2)+1,N36<=TODAY()-WEEKDAY(TODAY(),2)+7),"Follow-This Week", IF(AND(N36>=TODAY()-WEEKDAY(TODAY(),2)+8,N36<=TODAY()-WEEKDAY(TODAY(),2)+14),"Follow-Next Week",""))))) -> Completed | Z36: =IF(OR(R36<>""),"Completed",IF(Q36="","", IF(Q36<TODAY(),"Overdue", IF(AND(Q36>=TODAY()-WEEKDAY(TODAY(),2)+1,Q36<=TODAY()-WEEKDAY(TODAY(),2)+7),"Follow-This Week", IF(AND(Q36>=TODAY()-WEEKDAY(TODAY(),2)+8,Q36<=TODAY()-WEEKDAY(TODAY(),2)+14),"Follow-Next Week",""))))) -> Completed | AA36: =IF(OR(U36<>""),"Completed",IF(T36="","", IF(T36<TODAY(),"Overdue", IF(AND(T36>=TODAY()-WEEKDAY(TODAY(),2)+1,T36<=TODAY()-WEEKDAY(TODAY(),2)+7),"Follow-This Week", IF(AND(T36>=TODAY()-WEEKDAY(TODAY(),2)+8,T36<=TODAY()-WEEKDAY(TODAY(),2)+14),"Follow-Next Week",""))))) -> Completed
A37: ZWP-21 | B37: Report / Documents | C37: MM-ZTK-1F-ZWP21-STR-CAL-2026 | D37: ZWP21 JACKET PILE TRANSPORTATION FATIGUE - UPDATED LOCATION | E37: =(COUNTIFS(J37,"<="&$C$1)*50%)+(COUNTIFS(M37,"<="&$C$1)*20%)+(COUNTIFS(P37,"<="&$C$1)*10%)+(COUNTIFS(S37,"<="&$C$1)*20%) -> 0.5 | F37: =(COUNTIFS(K37,"<="&$C$1)*50%)+(COUNTIFS(N37,"<="&$C$1)*20%)+(COUNTIFS(Q37,"<="&$C$1)*10%)+(COUNTIFS(T37,"<="&$C$1)*20%) -> 0.5 | G37: =(COUNTIFS(L37,"<="&$C$1)*50%)+(COUNTIFS(O37,"<="&$C$1)*20%)+(COUNTIFS(R37,"<="&$C$1)*10%)+(COUNTIFS(U37,"<="&$C$1)*20%) -> 0.5 | H37: =G37-E37 -> 0 | I37: 0.25 | J37: 46302 | K37: =J37 -> 46302 | L37: 46304 | M37: =J37+42 -> 46344 | N37: =M37 -> 46344 | P37: =M37+42 -> 46386 | Q37: =P37 -> 46386 | S37: =P37+14 -> 46400 | T37: =S37 -> 46400 | X37: =IF(OR(L37<>""),"Completed", IF(K37="","",IF(K37<TODAY(),"Overdue", IF(AND(K37>=TODAY()-WEEKDAY(TODAY(),2)+1,K37<=TODAY()-WEEKDAY(TODAY(),2)+7),"Follow-This Week", IF(AND(K37>=TODAY()-WEEKDAY(TODAY(),2)+8,K37<=TODAY()-WEEKDAY(TODAY(),2)+14),"Follow-Next Week",""))))) -> Completed | Y37: =IF(OR(O37<>""),"Completed",IF(N37="","", IF(N37<TODAY(),"Overdue", IF(AND(N37>=TODAY()-WEEKDAY(TODAY(),2)+1,N37<=TODAY()-WEEKDAY(TODAY(),2)+7),"Follow-This Week", IF(AND(N37>=TODAY()-WEEKDAY(TODAY(),2)+8,N37<=TODAY()-WEEKDAY(TODAY(),2)+14),"Follow-Next Week",""))))) | Z37: =IF(OR(R37<>""),"Completed",IF(Q37="","", IF(Q37<TODAY(),"Overdue", IF(AND(Q37>=TODAY()-WEEKDAY(TODAY(),2)+1,Q37<=TODAY()-WEEKDAY(TODAY(),2)+7),"Follow-This Week", IF(AND(Q37>=TODAY()-WEEKDAY(TODAY(),2)+8,Q37<=TODAY()-WEEKDAY(TODAY(),2)+14),"Follow-Next Week",""))))) | AA37: =IF(OR(U37<>""),"Completed",IF(T37="","", IF(T37<TODAY(),"Overdue", IF(AND(T37>=TODAY()-WEEKDAY(TODAY(),2)+1,T37<=TODAY()-WEEKDAY(TODAY(),2)+7),"Follow-This Week", IF(AND(T37>=TODAY()-WEEKDAY(TODAY(),2)+8,T37<=TODAY()-WEEKDAY(TODAY(),2)+14),"Follow-Next Week","")))))
A38: ZWP-21 | B38: Report / Documents | C38: MM-ZTK-1F-ZWP21-STR-CAL-2041 | D38: ZWP21 JACKET PUSHOVER ANALYSIS - SUPERSEDED | E38: =(COUNTIFS(J38,"<="&$C$1)*50%)+(COUNTIFS(M38,"<="&$C$1)*20%)+(COUNTIFS(P38,"<="&$C$1)*10%)+(COUNTIFS(S38,"<="&$C$1)*20%) -> 1 | F38: =(COUNTIFS(K38,"<="&$C$1)*50%)+(COUNTIFS(N38,"<="&$C$1)*20%)+(COUNTIFS(Q38,"<="&$C$1)*10%)+(COUNTIFS(T38,"<="&$C$1)*20%) -> 1 | G38: =(COUNTIFS(L38,"<="&$C$1)*50%)+(COUNTIFS(O38,"<="&$C$1)*20%)+(COUNTIFS(R38,"<="&$C$1)*10%)+(COUNTIFS(U38,"<="&$C$1)*20%) -> 1 | H38: =G38-E38 -> 0 | I38: 0.2 | J38: 46171 | K38: =J38 -> 46171 | L38: 46178 | M38: =J38+42 -> 46213 | N38: =M38 -> 46213 | O38: 46220 | P38: =M38+42 -> 46255 | Q38: =P38 -> 46255 | R38: 46255 | S38: =P38+14 -> 46269 | T38: =S38 -> 46269 | U38: 46255 | X38: =IF(OR(L38<>""),"Completed", IF(K38="","",IF(K38<TODAY(),"Overdue", IF(AND(K38>=TODAY()-WEEKDAY(TODAY(),2)+1,K38<=TODAY()-WEEKDAY(TODAY(),2)+7),"Follow-This Week", IF(AND(K38>=TODAY()-WEEKDAY(TODAY(),2)+8,K38<=TODAY()-WEEKDAY(TODAY(),2)+14),"Follow-Next Week",""))))) -> Completed | Y38: =IF(OR(O38<>""),"Completed",IF(N38="","", IF(N38<TODAY(),"Overdue", IF(AND(N38>=TODAY()-WEEKDAY(TODAY(),2)+1,N38<=TODAY()-WEEKDAY(TODAY(),2)+7),"Follow-This Week", IF(AND(N38>=TODAY()-WEEKDAY(TODAY(),2)+8,N38<=TODAY()-WEEKDAY(TODAY(),2)+14),"Follow-Next Week",""))))) -> Completed | Z38: =IF(OR(R38<>""),"Completed",IF(Q38="","", IF(Q38<TODAY(),"Overdue", IF(AND(Q38>=TODAY()-WEEKDAY(TODAY(),2)+1,Q38<=TODAY()-WEEKDAY(TODAY(),2)+7),"Follow-This Week", IF(AND(Q38>=TODAY()-WEEKDAY(TODAY(),2)+8,Q38<=TODAY()-WEEKDAY(TODAY(),2)+14),"Follow-Next Week",""))))) -> Completed | AA38: =IF(OR(U38<>""),"Completed",IF(T38="","", IF(T38<TODAY(),"Overdue", IF(AND(T38>=TODAY()-WEEKDAY(TODAY(),2)+1,T38<=TODAY()-WEEKDAY(TODAY(),2)+7),"Follow-This Week", IF(AND(T38>=TODAY()-WEEKDAY(TODAY(),2)+8,T38<=TODAY()-WEEKDAY(TODAY(),2)+14),"Follow-Next Week",""))))) -> Completed
A39: ZWP-21 | B39: Report / Documents | C39: MM-ZTK-1F-ZWP21-STR-CAL-2041 | D39: ZWP21 JACKET PUSHOVER ANALYSIS - PILE PENETRATION OPTIMISATION | E39: =(COUNTIFS(J39,"<="&$C$1)*50%)+(COUNTIFS(M39,"<="&$C$1)*20%)+(COUNTIFS(P39,"<="&$C$1)*10%)+(COUNTIFS(S39,"<="&$C$1)*20%) -> 1 | F39: =(COUNTIFS(K39,"<="&$C$1)*50%)+(COUNTIFS(N39,"<="&$C$1)*20%)+(COUNTIFS(Q39,"<="&$C$1)*10%)+(COUNTIFS(T39,"<="&$C$1)*20%) -> 1 | G39: =(COUNTIFS(L39,"<="&$C$1)*50%)+(COUNTIFS(O39,"<="&$C$1)*20%)+(COUNTIFS(R39,"<="&$C$1)*10%)+(COUNTIFS(U39,"<="&$C$1)*20%) -> 0.8 | H39: =G39-E39 -> -0.2 | I39: 0.3 | J39: 46171 | K39: =J39 -> 46171 | L39: 46178 | M39: =J39+42 -> 46213 | N39: =M39 -> 46213 | O39: 46220 | P39: =M39+42 -> 46255 | Q39: =P39 -> 46255 | R39: 46293 | S39: =P39+14 -> 46269 | T39: =S39 -> 46269 | X39: =IF(OR(L39<>""),"Completed", IF(K39="","",IF(K39<TODAY(),"Overdue", IF(AND(K39>=TODAY()-WEEKDAY(TODAY(),2)+1,K39<=TODAY()-WEEKDAY(TODAY(),2)+7),"Follow-This Week", IF(AND(K39>=TODAY()-WEEKDAY(TODAY(),2)+8,K39<=TODAY()-WEEKDAY(TODAY(),2)+14),"Follow-Next Week",""))))) -> Completed | Y39: =IF(OR(O39<>""),"Completed",IF(N39="","", IF(N39<TODAY(),"Overdue", IF(AND(N39>=TODAY()-WEEKDAY(TODAY(),2)+1,N39<=TODAY()-WEEKDAY(TODAY(),2)+7),"Follow-This Week", IF(AND(N39>=TODAY()-WEEKDAY(TODAY(),2)+8,N39<=TODAY()-WEEKDAY(TODAY(),2)+14),"Follow-Next Week",""))))) -> Completed | Z39: =IF(OR(R39<>""),"Completed",IF(Q39="","", IF(Q39<TODAY(),"Overdue", IF(AND(Q39>=TODAY()-WEEKDAY(TODAY(),2)+1,Q39<=TODAY()-WEEKDAY(TODAY(),2)+7),"Follow-This Week", IF(AND(Q39>=TODAY()-WEEKDAY(TODAY(),2)+8,Q39<=TODAY()-WEEKDAY(TODAY(),2)+14),"Follow-Next Week",""))))) -> Completed | AA39: =IF(OR(U39<>""),"Completed",IF(T39="","", IF(T39<TODAY(),"Overdue", IF(AND(T39>=TODAY()-WEEKDAY(TODAY(),2)+1,T39<=TODAY()-WEEKDAY(TODAY(),2)+7),"Follow-This Week", IF(AND(T39>=TODAY()-WEEKDAY(TODAY(),2)+8,T39<=TODAY()-WEEKDAY(TODAY(),2)+14),"Follow-Next Week",""))))) -> Overdue
A40: ZWP-21 | B40: Report / Documents | C40: MM-ZTK-1F-ZWP21-STR-CAL-2050 | D40: ZWP21 JACKET CONSTRUCTION MODEL REPORT | E40: =(COUNTIFS(J40,"<="&$C$1)*50%)+(COUNTIFS(M40,"<="&$C$1)*20%)+(COUNTIFS(P40,"<="&$C$1)*10%)+(COUNTIFS(S40,"<="&$C$1)*20%) -> 0.7 | F40: =(COUNTIFS(K40,"<="&$C$1)*50%)+(COUNTIFS(N40,"<="&$C$1)*20%)+(COUNTIFS(Q40,"<="&$C$1)*10%)+(COUNTIFS(T40,"<="&$C$1)*20%) -> 0.7 | G40: =(COUNTIFS(L40,"<="&$C$1)*50%)+(COUNTIFS(O40,"<="&$C$1)*20%)+(COUNTIFS(R40,"<="&$C$1)*10%)+(COUNTIFS(U40,"<="&$C$1)*20%) -> 0.8 | H40: =G40-E40 -> 0.1 | I40: 0.5 | J40: 46227 | K40: =J40 -> 46227 | L40: 46142 | M40: =J40+42 -> 46269 | N40: =M40 -> 46269 | O40: 46218 | P40: =M40+42 -> 46311 | Q40: =P40 -> 46311 | R40: 46290 | S40: =P40+14 -> 46325 | T40: =S40 -> 46325 | X40: =IF(OR(L40<>""),"Completed", IF(K40="","",IF(K40<TODAY(),"Overdue", IF(AND(K40>=TODAY()-WEEKDAY(TODAY(),2)+1,K40<=TODAY()-WEEKDAY(TODAY(),2)+7),"Follow-This Week", IF(AND(K40>=TODAY()-WEEKDAY(TODAY(),2)+8,K40<=TODAY()-WEEKDAY(TODAY(),2)+14),"Follow-Next Week",""))))) -> Completed | Y40: =IF(OR(O40<>""),"Completed",IF(N40="","", IF(N40<TODAY(),"Overdue", IF(AND(N40>=TODAY()-WEEKDAY(TODAY(),2)+1,N40<=TODAY()-WEEKDAY(TODAY(),2)+7),"Follow-This Week", IF(AND(N40>=TODAY()-WEEKDAY(TODAY(),2)+8,N40<=TODAY()-WEEKDAY(TODAY(),2)+14),"Follow-Next Week",""))))) -> Completed | Z40: =IF(OR(R40<>""),"Completed",IF(Q40="","", IF(Q40<TODAY(),"Overdue", IF(AND(Q40>=TODAY()-WEEKDAY(TODAY(),2)+1,Q40<=TODAY()-WEEKDAY(TODAY(),2)+7),"Follow-This Week", IF(AND(Q40>=TODAY()-WEEKDAY(TODAY(),2)+8,Q40<=TODAY()-WEEKDAY(TODAY(),2)+14),"Follow-Next Week",""))))) -> Completed | AA40: =IF(OR(U40<>""),"Completed",IF(T40="","", IF(T40<TODAY(),"Overdue", IF(AND(T40>=TODAY()-WEEKDAY(TODAY(),2)+1,T40<=TODAY()-WEEKDAY(TODAY(),2)+7),"Follow-This Week", IF(AND(T40>=TODAY()-WEEKDAY(TODAY(),2)+8,T40<=TODAY()-WEEKDAY(TODAY(),2)+14),"Follow-Next Week","")))))
A41: ZWP-21 | B41: Report / Documents | C41: MM-ZTK-1F-ZWP21-NVA-CAL-2011 | D41: ZWP21 JACKET BARGE MOTION ANALYSIS - SUPERSEDED | E41: =(COUNTIFS(J41,"<="&$C$1)*50%)+(COUNTIFS(M41,"<="&$C$1)*20%)+(COUNTIFS(P41,"<="&$C$1)*10%)+(COUNTIFS(S41,"<="&$C$1)*20%) -> 1 | F41: =(COUNTIFS(K41,"<="&$C$1)*50%)+(COUNTIFS(N41,"<="&$C$1)*20%)+(COUNTIFS(Q41,"<="&$C$1)*10%)+(COUNTIFS(T41,"<="&$C$1)*20%) -> 1 | G41: =(COUNTIFS(L41,"<="&$C$1)*50%)+(COUNTIFS(O41,"<="&$C$1)*20%)+(COUNTIFS(R41,"<="&$C$1)*10%)+(COUNTIFS(U41,"<="&$C$1)*20%) -> 1 | H41: =G41-E41 -> 0 | I41: 0.25 | J41: 46164 | K41: =J41 -> 46164 | L41: 46161 | M41: =J41+42 -> 46206 | N41: =M41 -> 46206 | O41: 46217 | P41: =M41+42 -> 46248 | Q41: =P41 -> 46248 | R41: 46255 | S41: =P41+14 -> 46262 | T41: =S41 -> 46262 | U41: 46255 | X41: =IF(OR(L41<>""),"Completed", IF(K41="","",IF(K41<TODAY(),"Overdue", IF(AND(K41>=TODAY()-WEEKDAY(TODAY(),2)+1,K41<=TODAY()-WEEKDAY(TODAY(),2)+7),"Follow-This Week", IF(AND(K41>=TODAY()-WEEKDAY(TODAY(),2)+8,K41<=TODAY()-WEEKDAY(TODAY(),2)+14),"Follow-Next Week",""))))) -> Completed | Y41: =IF(OR(O41<>""),"Completed",IF(N41="","", IF(N41<TODAY(),"Overdue", IF(AND(N41>=TODAY()-WEEKDAY(TODAY(),2)+1,N41<=TODAY()-WEEKDAY(TODAY(),2)+7),"Follow-This Week", IF(AND(N41>=TODAY()-WEEKDAY(TODAY(),2)+8,N41<=TODAY()-WEEKDAY(TODAY(),2)+14),"Follow-Next Week",""))))) -> Completed | Z41: =IF(OR(R41<>""),"Completed",IF(Q41="","", IF(Q41<TODAY(),"Overdue", IF(AND(Q41>=TODAY()-WEEKDAY(TODAY(),2)+1,Q41<=TODAY()-WEEKDAY(TODAY(),2)+7),"Follow-This Week", IF(AND(Q41>=TODAY()-WEEKDAY(TODAY(),2)+8,Q41<=TODAY()-WEEKDAY(TODAY(),2)+14),"Follow-Next Week",""))))) -> Completed | AA41: =IF(OR(U41<>""),"Completed",IF(T41="","", IF(T41<TODAY(),"Overdue", IF(AND(T41>=TODAY()-WEEKDAY(TODAY(),2)+1,T41<=TODAY()-WEEKDAY(TODAY(),2)+7),"Follow-This Week", IF(AND(T41>=TODAY()-WEEKDAY(TODAY(),2)+8,T41<=TODAY()-WEEKDAY(TODAY(),2)+14),"Follow-Next Week",""))))) -> Completed
A42: ZWP-21 | B42: Report / Documents | C42: MM-ZTK-1F-ZWP21-NVA-CAL-2011 | D42: ZWP21 JACKET BARGE MOTION ANALYSIS - NEW WATER DEPTH | E42: =(COUNTIFS(J42,"<="&$C$1)*50%)+(COUNTIFS(M42,"<="&$C$1)*20%)+(COUNTIFS(P42,"<="&$C$1)*10%)+(COUNTIFS(S42,"<="&$C$1)*20%) -> 1 | F42: =(COUNTIFS(K42,"<="&$C$1)*50%)+(COUNTIFS(N42,"<="&$C$1)*20%)+(COUNTIFS(Q42,"<="&$C$1)*10%)+(COUNTIFS(T42,"<="&$C$1)*20%) -> 1 | G42: =(COUNTIFS(L42,"<="&$C$1)*50%)+(COUNTIFS(O42,"<="&$C$1)*20%)+(COUNTIFS(R42,"<="&$C$1)*10%)+(COUNTIFS(U42,"<="&$C$1)*20%) -> 0.8 | H42: =G42-E42 -> -0.2 | I42: 0.3 | J42: 46164 | K42: =J42 -> 46164 | L42: 46161 | M42: =J42+42 -> 46206 | N42: =M42 -> 46206 | O42: 46217 | P42: =M42+42 -> 46248 | Q42: =P42 -> 46248 | R42: 46262 | S42: =P42+14 -> 46262 | T42: =S42 -> 46262 | V42: AWC | X42: =IF(OR(L42<>""),"Completed", IF(K42="","",IF(K42<TODAY(),"Overdue", IF(AND(K42>=TODAY()-WEEKDAY(TODAY(),2)+1,K42<=TODAY()-WEEKDAY(TODAY(),2)+7),"Follow-This Week", IF(AND(K42>=TODAY()-WEEKDAY(TODAY(),2)+8,K42<=TODAY()-WEEKDAY(TODAY(),2)+14),"Follow-Next Week",""))))) -> Completed | Y42: =IF(OR(O42<>""),"Completed",IF(N42="","", IF(N42<TODAY(),"Overdue", IF(AND(N42>=TODAY()-WEEKDAY(TODAY(),2)+1,N42<=TODAY()-WEEKDAY(TODAY(),2)+7),"Follow-This Week", IF(AND(N42>=TODAY()-WEEKDAY(TODAY(),2)+8,N42<=TODAY()-WEEKDAY(TODAY(),2)+14),"Follow-Next Week",""))))) -> Completed | Z42: =IF(OR(R42<>""),"Completed",IF(Q42="","", IF(Q42<TODAY(),"Overdue", IF(AND(Q42>=TODAY()-WEEKDAY(TODAY(),2)+1,Q42<=TODAY()-WEEKDAY(TODAY(),2)+7),"Follow-This Week", IF(AND(Q42>=TODAY()-WEEKDAY(TODAY(),2)+8,Q42<=TODAY()-WEEKDAY(TODAY(),2)+14),"Follow-Next Week",""))))) -> Completed | AA42: =IF(OR(U42<>""),"Completed",IF(T42="","", IF(T42<TODAY(),"Overdue", IF(AND(T42>=TODAY()-WEEKDAY(TODAY(),2)+1,T42<=TODAY()-WEEKDAY(TODAY(),2)+7),"Follow-This Week", IF(AND(T42>=TODAY()-WEEKDAY(TODAY(),2)+8,T42<=TODAY()-WEEKDAY(TODAY(),2)+14),"Follow-Next Week",""))))) -> Overdue
A43: ZWP-21 | B43: Report / Documents | C43: MM-ZTK-1F-ZWP21-NVA-CAL-2012 | D43: ZWP21 JACKET LAUNCH ANALYSIS REPORT | E43: =(COUNTIFS(J43,"<="&$C$1)*50%)+(COUNTIFS(M43,"<="&$C$1)*20%)+(COUNTIFS(P43,"<="&$C$1)*10%)+(COUNTIFS(S43,"<="&$C$1)*20%) -> 1 | F43: =(COUNTIFS(K43,"<="&$C$1)*50%)+(COUNTIFS(N43,"<="&$C$1)*20%)+(COUNTIFS(Q43,"<="&$C$1)*10%)+(COUNTIFS(T43,"<="&$C$1)*20%) -> 1 | G43: =(COUNTIFS(L43,"<="&$C$1)*50%)+(COUNTIFS(O43,"<="&$C$1)*20%)+(COUNTIFS(R43,"<="&$C$1)*10%)+(COUNTIFS(U43,"<="&$C$1)*20%) -> 1 | H43: =G43-E43 -> 0 | I43: 0.55 | J43: 46171 | K43: =J43 -> 46171 | L43: 46171 | M43: =J43+42 -> 46213 | N43: =M43 -> 46213 | O43: 46214 | P43: =M43+42 -> 46255 | Q43: =P43 -> 46255 | R43: 46276 | S43: =P43+14 -> 46269 | T43: =S43 -> 46269 | U43: 46295 | X43: =IF(OR(L43<>""),"Completed", IF(K43="","",IF(K43<TODAY(),"Overdue", IF(AND(K43>=TODAY()-WEEKDAY(TODAY(),2)+1,K43<=TODAY()-WEEKDAY(TODAY(),2)+7),"Follow-This Week", IF(AND(K43>=TODAY()-WEEKDAY(TODAY(),2)+8,K43<=TODAY()-WEEKDAY(TODAY(),2)+14),"Follow-Next Week",""))))) -> Completed | Y43: =IF(OR(O43<>""),"Completed",IF(N43="","", IF(N43<TODAY(),"Overdue", IF(AND(N43>=TODAY()-WEEKDAY(TODAY(),2)+1,N43<=TODAY()-WEEKDAY(TODAY(),2)+7),"Follow-This Week", IF(AND(N43>=TODAY()-WEEKDAY(TODAY(),2)+8,N43<=TODAY()-WEEKDAY(TODAY(),2)+14),"Follow-Next Week",""))))) -> Completed | Z43: =IF(OR(R43<>""),"Completed",IF(Q43="","", IF(Q43<TODAY(),"Overdue", IF(AND(Q43>=TODAY()-WEEKDAY(TODAY(),2)+1,Q43<=TODAY()-WEEKDAY(TODAY(),2)+7),"Follow-This Week", IF(AND(Q43>=TODAY()-WEEKDAY(TODAY(),2)+8,Q43<=TODAY()-WEEKDAY(TODAY(),2)+14),"Follow-Next Week",""))))) -> Completed | AA43: =IF(OR(U43<>""),"Completed",IF(T43="","", IF(T43<TODAY(),"Overdue", IF(AND(T43>=TODAY()-WEEKDAY(TODAY(),2)+1,T43<=TODAY()-WEEKDAY(TODAY(),2)+7),"Follow-This Week", IF(AND(T43>=TODAY()-WEEKDAY(TODAY(),2)+8,T43<=TODAY()-WEEKDAY(TODAY(),2)+14),"Follow-Next Week",""))))) -> Completed
A44: ZWP-21 | B44: Report / Documents | C44: MM-ZTK-1F-ZWP21-NVA-CAL-2013 | D44: ZWP21 JACKER FREE FLOATATION AND UPENDING ANALYSIS REPORT | E44: =(COUNTIFS(J44,"<="&$C$1)*50%)+(COUNTIFS(M44,"<="&$C$1)*20%)+(COUNTIFS(P44,"<="&$C$1)*10%)+(COUNTIFS(S44,"<="&$C$1)*20%) -> 1 | F44: =(COUNTIFS(K44,"<="&$C$1)*50%)+(COUNTIFS(N44,"<="&$C$1)*20%)+(COUNTIFS(Q44,"<="&$C$1)*10%)+(COUNTIFS(T44,"<="&$C$1)*20%) -> 1 | G44: =(COUNTIFS(L44,"<="&$C$1)*50%)+(COUNTIFS(O44,"<="&$C$1)*20%)+(COUNTIFS(R44,"<="&$C$1)*10%)+(COUNTIFS(U44,"<="&$C$1)*20%) -> 1 | H44: =G44-E44 -> 0 | I44: 0.75 | J44: 46192 | K44: =J44 -> 46192 | L44: 46192 | M44: =J44+42 -> 46234 | N44: =M44 -> 46234 | O44: 46220 | P44: =M44+42 -> 46276 | Q44: =P44 -> 46276 | R44: 46272 | S44: =P44+14 -> 46290 | T44: =S44 -> 46290 | U44: 46288 | X44: =IF(OR(L44<>""),"Completed", IF(K44="","",IF(K44<TODAY(),"Overdue", IF(AND(K44>=TODAY()-WEEKDAY(TODAY(),2)+1,K44<=TODAY()-WEEKDAY(TODAY(),2)+7),"Follow-This Week", IF(AND(K44>=TODAY()-WEEKDAY(TODAY(),2)+8,K44<=TODAY()-WEEKDAY(TODAY(),2)+14),"Follow-Next Week",""))))) -> Completed | Y44: =IF(OR(O44<>""),"Completed",IF(N44="","", IF(N44<TODAY(),"Overdue", IF(AND(N44>=TODAY()-WEEKDAY(TODAY(),2)+1,N44<=TODAY()-WEEKDAY(TODAY(),2)+7),"Follow-This Week", IF(AND(N44>=TODAY()-WEEKDAY(TODAY(),2)+8,N44<=TODAY()-WEEKDAY(TODAY(),2)+14),"Follow-Next Week",""))))) -> Completed | Z44: =IF(OR(R44<>""),"Completed",IF(Q44="","", IF(Q44<TODAY(),"Overdue", IF(AND(Q44>=TODAY()-WEEKDAY(TODAY(),2)+1,Q44<=TODAY()-WEEKDAY(TODAY(),2)+7),"Follow-This Week", IF(AND(Q44>=TODAY()-WEEKDAY(TODAY(),2)+8,Q44<=TODAY()-WEEKDAY(TODAY(),2)+14),"Follow-Next Week",""))))) -> Completed | AA44: =IF(OR(U44<>""),"Completed",IF(T44="","", IF(T44<TODAY(),"Overdue", IF(AND(T44>=TODAY()-WEEKDAY(TODAY(),2)+1,T44<=TODAY()-WEEKDAY(TODAY(),2)+7),"Follow-This Week", IF(AND(T44>=TODAY()-WEEKDAY(TODAY(),2)+8,T44<=TODAY()-WEEKDAY(TODAY(),2)+14),"Follow-Next Week",""))))) -> Completed
A45: ZWP-21 | B45: Report / Documents | C45: MM-ZTK-1F-ZWP21-STR-WCR-2001 | D45: ZWP21 JACKET WEIGHT CONTROL REPORT - SUPERSEDED | E45: =(COUNTIFS(J45,"<="&$C$1)*50%)+(COUNTIFS(M45,"<="&$C$1)*20%)+(COUNTIFS(P45,"<="&$C$1)*10%)+(COUNTIFS(S45,"<="&$C$1)*20%) -> 1 | F45: =(COUNTIFS(K45,"<="&$C$1)*50%)+(COUNTIFS(N45,"<="&$C$1)*20%)+(COUNTIFS(Q45,"<="&$C$1)*10%)+(COUNTIFS(T45,"<="&$C$1)*20%) -> 1 | G45: =(COUNTIFS(L45,"<="&$C$1)*50%)+(COUNTIFS(O45,"<="&$C$1)*20%)+(COUNTIFS(R45,"<="&$C$1)*10%)+(COUNTIFS(U45,"<="&$C$1)*20%) -> 1 | H45: =G45-E45 -> 0 | I45: 0.5 | J45: 46115 | K45: =J45 -> 46115 | L45: 46122 | M45: =J45+42 -> 46157 | N45: =M45 -> 46157 | O45: 46199 | P45: =M45+42 -> 46199 | Q45: =P45 -> 46199 | R45: 46227 | S45: =P45+14 -> 46213 | T45: =S45 -> 46213 | U45: 46227 | X45: =IF(OR(L45<>""),"Completed", IF(K45="","",IF(K45<TODAY(),"Overdue", IF(AND(K45>=TODAY()-WEEKDAY(TODAY(),2)+1,K45<=TODAY()-WEEKDAY(TODAY(),2)+7),"Follow-This Week", IF(AND(K45>=TODAY()-WEEKDAY(TODAY(),2)+8,K45<=TODAY()-WEEKDAY(TODAY(),2)+14),"Follow-Next Week",""))))) -> Completed | Y45: =IF(OR(O45<>""),"Completed",IF(N45="","", IF(N45<TODAY(),"Overdue", IF(AND(N45>=TODAY()-WEEKDAY(TODAY(),2)+1,N45<=TODAY()-WEEKDAY(TODAY(),2)+7),"Follow-This Week", IF(AND(N45>=TODAY()-WEEKDAY(TODAY(),2)+8,N45<=TODAY()-WEEKDAY(TODAY(),2)+14),"Follow-Next Week",""))))) -> Completed | Z45: =IF(OR(R45<>""),"Completed",IF(Q45="","", IF(Q45<TODAY(),"Overdue", IF(AND(Q45>=TODAY()-WEEKDAY(TODAY(),2)+1,Q45<=TODAY()-WEEKDAY(TODAY(),2)+7),"Follow-This Week", IF(AND(Q45>=TODAY()-WEEKDAY(TODAY(),2)+8,Q45<=TODAY()-WEEKDAY(TODAY(),2)+14),"Follow-Next Week",""))))) -> Completed | AA45: =IF(OR(U45<>""),"Completed",IF(T45="","", IF(T45<TODAY(),"Overdue", IF(AND(T45>=TODAY()-WEEKDAY(TODAY(),2)+1,T45<=TODAY()-WEEKDAY(TODAY(),2)+7),"Follow-This Week", IF(AND(T45>=TODAY()-WEEKDAY(TODAY(),2)+8,T45<=TODAY()-WEEKDAY(TODAY(),2)+14),"Follow-Next Week",""))))) -> Completed
A46: ZWP-21 | B46: Report / Documents | C46: MM-ZTK-1F-ZWP21-STR-WCR-2001 | D46: ZWP21 JACKET WEIGHT CONTROL REPORT - NEW WATER DEPTH | E46: =(COUNTIFS(J46,"<="&$C$1)*50%)+(COUNTIFS(M46,"<="&$C$1)*20%)+(COUNTIFS(P46,"<="&$C$1)*10%)+(COUNTIFS(S46,"<="&$C$1)*20%) -> 1 | F46: =(COUNTIFS(K46,"<="&$C$1)*50%)+(COUNTIFS(N46,"<="&$C$1)*20%)+(COUNTIFS(Q46,"<="&$C$1)*10%)+(COUNTIFS(T46,"<="&$C$1)*20%) -> 1 | G46: =(COUNTIFS(L46,"<="&$C$1)*50%)+(COUNTIFS(O46,"<="&$C$1)*20%)+(COUNTIFS(R46,"<="&$C$1)*10%)+(COUNTIFS(U46,"<="&$C$1)*20%) -> 0.8 | H46: =G46-E46 -> -0.2 | I46: 0.5 | J46: 46115 | K46: =J46 -> 46115 | L46: 46122 | M46: =J46+42 -> 46157 | N46: =M46 -> 46157 | O46: 46199 | P46: 46249 | Q46: =P46 -> 46249 | R46: 46249 | S46: =P46+14 -> 46263 | T46: =S46 -> 46263 | V46: AWC | X46: =IF(OR(L46<>""),"Completed", IF(K46="","",IF(K46<TODAY(),"Overdue", IF(AND(K46>=TODAY()-WEEKDAY(TODAY(),2)+1,K46<=TODAY()-WEEKDAY(TODAY(),2)+7),"Follow-This Week", IF(AND(K46>=TODAY()-WEEKDAY(TODAY(),2)+8,K46<=TODAY()-WEEKDAY(TODAY(),2)+14),"Follow-Next Week",""))))) -> Completed | Y46: =IF(OR(O46<>""),"Completed",IF(N46="","", IF(N46<TODAY(),"Overdue", IF(AND(N46>=TODAY()-WEEKDAY(TODAY(),2)+1,N46<=TODAY()-WEEKDAY(TODAY(),2)+7),"Follow-This Week", IF(AND(N46>=TODAY()-WEEKDAY(TODAY(),2)+8,N46<=TODAY()-WEEKDAY(TODAY(),2)+14),"Follow-Next Week",""))))) -> Completed | Z46: =IF(OR(R46<>""),"Completed",IF(Q46="","", IF(Q46<TODAY(),"Overdue", IF(AND(Q46>=TODAY()-WEEKDAY(TODAY(),2)+1,Q46<=TODAY()-WEEKDAY(TODAY(),2)+7),"Follow-This Week", IF(AND(Q46>=TODAY()-WEEKDAY(TODAY(),2)+8,Q46<=TODAY()-WEEKDAY(TODAY(),2)+14),"Follow-Next Week",""))))) -> Completed | AA46: =IF(OR(U46<>""),"Completed",IF(T46="","", IF(T46<TODAY(),"Overdue", IF(AND(T46>=TODAY()-WEEKDAY(TODAY(),2)+1,T46<=TODAY()-WEEKDAY(TODAY(),2)+7),"Follow-This Week", IF(AND(T46>=TODAY()-WEEKDAY(TODAY(),2)+8,T46<=TODAY()-WEEKDAY(TODAY(),2)+14),"Follow-Next Week",""))))) -> Overdue
A47: ZWP-21 | B47: Report / Documents | C47: MM-ZTK-1F-ZWP21-STR-MTO-2001 | D47: ZWP21 JACKET PRIMARY STEEL AND PILE MTO REPORT - SUPERSEDED | E47: =(COUNTIFS(J47,"<="&$C$1)*50%)+(COUNTIFS(M47,"<="&$C$1)*20%)+(COUNTIFS(P47,"<="&$C$1)*10%)+(COUNTIFS(S47,"<="&$C$1)*20%) -> 1 | F47: =(COUNTIFS(K47,"<="&$C$1)*50%)+(COUNTIFS(N47,"<="&$C$1)*20%)+(COUNTIFS(Q47,"<="&$C$1)*10%)+(COUNTIFS(T47,"<="&$C$1)*20%) -> 1 | G47: =(COUNTIFS(L47,"<="&$C$1)*50%)+(COUNTIFS(O47,"<="&$C$1)*20%)+(COUNTIFS(R47,"<="&$C$1)*10%)+(COUNTIFS(U47,"<="&$C$1)*20%) -> 1 | H47: =G47-E47 -> 0 | I47: 0.4 | J47: 46178 | K47: =J47 -> 46178 | L47: 46206 | M47: =J47+42 -> 46220 | N47: =M47 -> 46220 | O47: 46212 | P47: =M47+42 -> 46262 | Q47: =P47 -> 46262 | R47: 46262 | S47: =P47+14 -> 46276 | T47: =S47 -> 46276 | U47: 46262 | X47: =IF(OR(L47<>""),"Completed", IF(K47="","",IF(K47<TODAY(),"Overdue", IF(AND(K47>=TODAY()-WEEKDAY(TODAY(),2)+1,K47<=TODAY()-WEEKDAY(TODAY(),2)+7),"Follow-This Week", IF(AND(K47>=TODAY()-WEEKDAY(TODAY(),2)+8,K47<=TODAY()-WEEKDAY(TODAY(),2)+14),"Follow-Next Week",""))))) -> Completed | Y47: =IF(OR(O47<>""),"Completed",IF(N47="","", IF(N47<TODAY(),"Overdue", IF(AND(N47>=TODAY()-WEEKDAY(TODAY(),2)+1,N47<=TODAY()-WEEKDAY(TODAY(),2)+7),"Follow-This Week", IF(AND(N47>=TODAY()-WEEKDAY(TODAY(),2)+8,N47<=TODAY()-WEEKDAY(TODAY(),2)+14),"Follow-Next Week",""))))) -> Completed | Z47: =IF(OR(R47<>""),"Completed",IF(Q47="","", IF(Q47<TODAY(),"Overdue", IF(AND(Q47>=TODAY()-WEEKDAY(TODAY(),2)+1,Q47<=TODAY()-WEEKDAY(TODAY(),2)+7),"Follow-This Week", IF(AND(Q47>=TODAY()-WEEKDAY(TODAY(),2)+8,Q47<=TODAY()-WEEKDAY(TODAY(),2)+14),"Follow-Next Week",""))))) -> Completed | AA47: =IF(OR(U47<>""),"Completed",IF(T47="","", IF(T47<TODAY(),"Overdue", IF(AND(T47>=TODAY()-WEEKDAY(TODAY(),2)+1,T47<=TODAY()-WEEKDAY(TODAY(),2)+7),"Follow-This Week", IF(AND(T47>=TODAY()-WEEKDAY(TODAY(),2)+8,T47<=TODAY()-WEEKDAY(TODAY(),2)+14),"Follow-Next Week",""))))) -> Completed
A48: ZWP-21 | B48: Report / Documents | C48: MM-ZTK-1F-ZWP21-STR-MTO-2001 | D48: ZWP21 JACKET PRIMARY STEEL AND PILE MTO REPORT - UPDATE WATER DEPTH | E48: =(COUNTIFS(J48,"<="&$C$1)*50%)+(COUNTIFS(M48,"<="&$C$1)*20%)+(COUNTIFS(P48,"<="&$C$1)*10%)+(COUNTIFS(S48,"<="&$C$1)*20%) -> 1 | F48: =(COUNTIFS(K48,"<="&$C$1)*50%)+(COUNTIFS(N48,"<="&$C$1)*20%)+(COUNTIFS(Q48,"<="&$C$1)*10%)+(COUNTIFS(T48,"<="&$C$1)*20%) -> 1 | G48: =(COUNTIFS(L48,"<="&$C$1)*50%)+(COUNTIFS(O48,"<="&$C$1)*20%)+(COUNTIFS(R48,"<="&$C$1)*10%)+(COUNTIFS(U48,"<="&$C$1)*20%) -> 0.7 | H48: =G48-E48 -> -0.3 | I48: 0.1 | J48: 46178 | K48: =J48 -> 46178 | L48: 46206 | M48: =J48+42 -> 46220 | N48: =M48 -> 46220 | O48: 46212 | P48: =M48+42 -> 46262 | Q48: =P48 -> 46262 | S48: =P48+14 -> 46276 | T48: =S48 -> 46276 | X48: =IF(OR(L48<>""),"Completed", IF(K48="","",IF(K48<TODAY(),"Overdue", IF(AND(K48>=TODAY()-WEEKDAY(TODAY(),2)+1,K48<=TODAY()-WEEKDAY(TODAY(),2)+7),"Follow-This Week", IF(AND(K48>=TODAY()-WEEKDAY(TODAY(),2)+8,K48<=TODAY()-WEEKDAY(TODAY(),2)+14),"Follow-Next Week",""))))) -> Completed | Y48: =IF(OR(O48<>""),"Completed",IF(N48="","", IF(N48<TODAY(),"Overdue", IF(AND(N48>=TODAY()-WEEKDAY(TODAY(),2)+1,N48<=TODAY()-WEEKDAY(TODAY(),2)+7),"Follow-This Week", IF(AND(N48>=TODAY()-WEEKDAY(TODAY(),2)+8,N48<=TODAY()-WEEKDAY(TODAY(),2)+14),"Follow-Next Week",""))))) -> Completed | Z48: =IF(OR(R48<>""),"Completed",IF(Q48="","", IF(Q48<TODAY(),"Overdue", IF(AND(Q48>=TODAY()-WEEKDAY(TODAY(),2)+1,Q48<=TODAY()-WEEKDAY(TODAY(),2)+7),"Follow-This Week", IF(AND(Q48>=TODAY()-WEEKDAY(TODAY(),2)+8,Q48<=TODAY()-WEEKDAY(TODAY(),2)+14),"Follow-Next Week",""))))) -> Overdue | AA48: =IF(OR(U48<>""),"Completed",IF(T48="","", IF(T48<TODAY(),"Overdue", IF(AND(T48>=TODAY()-WEEKDAY(TODAY(),2)+1,T48<=TODAY()-WEEKDAY(TODAY(),2)+7),"Follow-This Week", IF(AND(T48>=TODAY()-WEEKDAY(TODAY(),2)+8,T48<=TODAY()-WEEKDAY(TODAY(),2)+14),"Follow-Next Week",""))))) -> Overdue
A49: ZWP-21 | B49: Report / Documents | C49: MM-ZTK-1F-ZWP21-STR-MTO-2002 | D49: ZWP21 JACKET SECONDARY AND TERTIARY STEEL MTO REPORT - SUPERSEDED | E49: =(COUNTIFS(J49,"<="&$C$1)*50%)+(COUNTIFS(M49,"<="&$C$1)*20%)+(COUNTIFS(P49,"<="&$C$1)*10%)+(COUNTIFS(S49,"<="&$C$1)*20%) -> 1 | F49: =(COUNTIFS(K49,"<="&$C$1)*50%)+(COUNTIFS(N49,"<="&$C$1)*20%)+(COUNTIFS(Q49,"<="&$C$1)*10%)+(COUNTIFS(T49,"<="&$C$1)*20%) -> 1 | G49: =(COUNTIFS(L49,"<="&$C$1)*50%)+(COUNTIFS(O49,"<="&$C$1)*20%)+(COUNTIFS(R49,"<="&$C$1)*10%)+(COUNTIFS(U49,"<="&$C$1)*20%) -> 1 | H49: =G49-E49 -> 0 | I49: 0.4 | J49: 46185 | K49: =J49 -> 46185 | L49: 46206 | M49: =J49+42 -> 46227 | N49: =M49 -> 46227 | O49: 46212 | P49: =M49+42 -> 46269 | Q49: =P49 -> 46269 | R49: 46276 | S49: =P49+14 -> 46283 | T49: =S49 -> 46283 | U49: 46276 | X49: =IF(OR(L49<>""),"Completed", IF(K49="","",IF(K49<TODAY(),"Overdue", IF(AND(K49>=TODAY()-WEEKDAY(TODAY(),2)+1,K49<=TODAY()-WEEKDAY(TODAY(),2)+7),"Follow-This Week", IF(AND(K49>=TODAY()-WEEKDAY(TODAY(),2)+8,K49<=TODAY()-WEEKDAY(TODAY(),2)+14),"Follow-Next Week",""))))) -> Completed | Y49: =IF(OR(O49<>""),"Completed",IF(N49="","", IF(N49<TODAY(),"Overdue", IF(AND(N49>=TODAY()-WEEKDAY(TODAY(),2)+1,N49<=TODAY()-WEEKDAY(TODAY(),2)+7),"Follow-This Week", IF(AND(N49>=TODAY()-WEEKDAY(TODAY(),2)+8,N49<=TODAY()-WEEKDAY(TODAY(),2)+14),"Follow-Next Week",""))))) -> Completed | Z49: =IF(OR(R49<>""),"Completed",IF(Q49="","", IF(Q49<TODAY(),"Overdue", IF(AND(Q49>=TODAY()-WEEKDAY(TODAY(),2)+1,Q49<=TODAY()-WEEKDAY(TODAY(),2)+7),"Follow-This Week", IF(AND(Q49>=TODAY()-WEEKDAY(TODAY(),2)+8,Q49<=TODAY()-WEEKDAY(TODAY(),2)+14),"Follow-Next Week",""))))) -> Completed | AA49: =IF(OR(U49<>""),"Completed",IF(T49="","", IF(T49<TODAY(),"Overdue", IF(AND(T49>=TODAY()-WEEKDAY(TODAY(),2)+1,T49<=TODAY()-WEEKDAY(TODAY(),2)+7),"Follow-This Week", IF(AND(T49>=TODAY()-WEEKDAY(TODAY(),2)+8,T49<=TODAY()-WEEKDAY(TODAY(),2)+14),"Follow-Next Week",""))))) -> Completed
A50: ZWP-21 | B50: Report / Documents | C50: MM-ZTK-1F-ZWP21-STR-MTO-2002 | D50: ZWP21 JACKET SECONDARY AND TERTIARY STEEL MTO REPORT - UPDATED WATER DEPTH | E50: =(COUNTIFS(J50,"<="&$C$1)*50%)+(COUNTIFS(M50,"<="&$C$1)*20%)+(COUNTIFS(P50,"<="&$C$1)*10%)+(COUNTIFS(S50,"<="&$C$1)*20%) -> 1 | F50: =(COUNTIFS(K50,"<="&$C$1)*50%)+(COUNTIFS(N50,"<="&$C$1)*20%)+(COUNTIFS(Q50,"<="&$C$1)*10%)+(COUNTIFS(T50,"<="&$C$1)*20%) -> 1 | G50: =(COUNTIFS(L50,"<="&$C$1)*50%)+(COUNTIFS(O50,"<="&$C$1)*20%)+(COUNTIFS(R50,"<="&$C$1)*10%)+(COUNTIFS(U50,"<="&$C$1)*20%) -> 0.7 | H50: =G50-E50 -> -0.3 | I50: 0.1 | J50: 46185 | K50: =J50 -> 46185 | L50: 46206 | M50: =J50+42 -> 46227 | N50: =M50 -> 46227 | O50: 46212 | P50: =M50+42 -> 46269 | Q50: =P50 -> 46269 | S50: =P50+14 -> 46283 | T50: =S50 -> 46283 | X50: =IF(OR(L50<>""),"Completed", IF(K50="","",IF(K50<TODAY(),"Overdue", IF(AND(K50>=TODAY()-WEEKDAY(TODAY(),2)+1,K50<=TODAY()-WEEKDAY(TODAY(),2)+7),"Follow-This Week", IF(AND(K50>=TODAY()-WEEKDAY(TODAY(),2)+8,K50<=TODAY()-WEEKDAY(TODAY(),2)+14),"Follow-Next Week",""))))) -> Completed | Y50: =IF(OR(O50<>""),"Completed",IF(N50="","", IF(N50<TODAY(),"Overdue", IF(AND(N50>=TODAY()-WEEKDAY(TODAY(),2)+1,N50<=TODAY()-WEEKDAY(TODAY(),2)+7),"Follow-This Week", IF(AND(N50>=TODAY()-WEEKDAY(TODAY(),2)+8,N50<=TODAY()-WEEKDAY(TODAY(),2)+14),"Follow-Next Week",""))))) -> Completed | Z50: =IF(OR(R50<>""),"Completed",IF(Q50="","", IF(Q50<TODAY(),"Overdue", IF(AND(Q50>=TODAY()-WEEKDAY(TODAY(),2)+1,Q50<=TODAY()-WEEKDAY(TODAY(),2)+7),"Follow-This Week", IF(AND(Q50>=TODAY()-WEEKDAY(TODAY(),2)+8,Q50<=TODAY()-WEEKDAY(TODAY(),2)+14),"Follow-Next Week",""))))) -> Overdue | AA50: =IF(OR(U50<>""),"Completed",IF(T50="","", IF(T50<TODAY(),"Overdue", IF(AND(T50>=TODAY()-WEEKDAY(TODAY(),2)+1,T50<=TODAY()-WEEKDAY(TODAY(),2)+7),"Follow-This Week", IF(AND(T50>=TODAY()-WEEKDAY(TODAY(),2)+8,T50<=TODAY()-WEEKDAY(TODAY(),2)+14),"Follow-Next Week",""))))) -> Overdue
A51: ZWP-21 | B51: Report / Documents | C51: MM-ZTK-1F-ZWP21-STR-MR-2001 | D51: MATERIAL REQUISITION FOR ZWP21 JACKET PRIMARY TUBULAR STEEL - CANCELLED, COMPLETED BY YARD ALREADY | E51: =(COUNTIFS(J51,"<="&$C$1)*50%)+(COUNTIFS(M51,"<="&$C$1)*20%)+(COUNTIFS(P51,"<="&$C$1)*10%)+(COUNTIFS(S51,"<="&$C$1)*20%) -> 1 | F51: =(COUNTIFS(K51,"<="&$C$1)*50%)+(COUNTIFS(N51,"<="&$C$1)*20%)+(COUNTIFS(Q51,"<="&$C$1)*10%)+(COUNTIFS(T51,"<="&$C$1)*20%) -> 1 | G51: =(COUNTIFS(L51,"<="&$C$1)*50%)+(COUNTIFS(O51,"<="&$C$1)*20%)+(COUNTIFS(R51,"<="&$C$1)*10%)+(COUNTIFS(U51,"<="&$C$1)*20%) -> 1 | H51: =G51-E51 -> 0 | I51: 0.3 | J51: 46122 | K51: =J51 -> 46122 | L51: 46115 | M51: =J51+42 -> 46164 | N51: =M51 -> 46164 | O51: 46191 | P51: =M51+42 -> 46206 | Q51: =P51 -> 46206 | R51: 46262 | S51: =P51+14 -> 46220 | T51: =S51 -> 46220 | U51: 46262 | X51: =IF(OR(L51<>""),"Completed", IF(K51="","",IF(K51<TODAY(),"Overdue", IF(AND(K51>=TODAY()-WEEKDAY(TODAY(),2)+1,K51<=TODAY()-WEEKDAY(TODAY(),2)+7),"Follow-This Week", IF(AND(K51>=TODAY()-WEEKDAY(TODAY(),2)+8,K51<=TODAY()-WEEKDAY(TODAY(),2)+14),"Follow-Next Week",""))))) -> Completed | Y51: =IF(OR(O51<>""),"Completed",IF(N51="","", IF(N51<TODAY(),"Overdue", IF(AND(N51>=TODAY()-WEEKDAY(TODAY(),2)+1,N51<=TODAY()-WEEKDAY(TODAY(),2)+7),"Follow-This Week", IF(AND(N51>=TODAY()-WEEKDAY(TODAY(),2)+8,N51<=TODAY()-WEEKDAY(TODAY(),2)+14),"Follow-Next Week",""))))) -> Completed | Z51: =IF(OR(R51<>""),"Completed",IF(Q51="","", IF(Q51<TODAY(),"Overdue", IF(AND(Q51>=TODAY()-WEEKDAY(TODAY(),2)+1,Q51<=TODAY()-WEEKDAY(TODAY(),2)+7),"Follow-This Week", IF(AND(Q51>=TODAY()-WEEKDAY(TODAY(),2)+8,Q51<=TODAY()-WEEKDAY(TODAY(),2)+14),"Follow-Next Week",""))))) -> Completed | AA51: =IF(OR(U51<>""),"Completed",IF(T51="","", IF(T51<TODAY(),"Overdue", IF(AND(T51>=TODAY()-WEEKDAY(TODAY(),2)+1,T51<=TODAY()-WEEKDAY(TODAY(),2)+7),"Follow-This Week", IF(AND(T51>=TODAY()-WEEKDAY(TODAY(),2)+8,T51<=TODAY()-WEEKDAY(TODAY(),2)+14),"Follow-Next Week",""))))) -> Completed
A52: ZWP-21 | B52: Report / Documents | C52: MM-ZTK-1F-ZWP21-STR-MR-2001 | D52: MATERIAL REQUISITION FOR ZWP21 JACKET PRIMARY TUBULAR STEEL - UPDATE WD - CANCELLED, COMPLETED BY YARD ALREADY | E52: =(COUNTIFS(J52,"<="&$C$1)*50%)+(COUNTIFS(M52,"<="&$C$1)*20%)+(COUNTIFS(P52,"<="&$C$1)*10%)+(COUNTIFS(S52,"<="&$C$1)*20%) -> 1 | F52: =(COUNTIFS(K52,"<="&$C$1)*50%)+(COUNTIFS(N52,"<="&$C$1)*20%)+(COUNTIFS(Q52,"<="&$C$1)*10%)+(COUNTIFS(T52,"<="&$C$1)*20%) -> 1 | G52: =(COUNTIFS(L52,"<="&$C$1)*50%)+(COUNTIFS(O52,"<="&$C$1)*20%)+(COUNTIFS(R52,"<="&$C$1)*10%)+(COUNTIFS(U52,"<="&$C$1)*20%) -> 1 | H52: =G52-E52 -> 0 | I52: 0.1 | J52: 46122 | K52: =J52 -> 46122 | L52: 46115 | M52: =J52+42 -> 46164 | N52: =M52 -> 46164 | O52: 46191 | P52: =M52+42 -> 46206 | Q52: =P52 -> 46206 | R52: 46276 | S52: =P52+14 -> 46220 | T52: =S52 -> 46220 | U52: 46276 | X52: =IF(OR(L52<>""),"Completed", IF(K52="","",IF(K52<TODAY(),"Overdue", IF(AND(K52>=TODAY()-WEEKDAY(TODAY(),2)+1,K52<=TODAY()-WEEKDAY(TODAY(),2)+7),"Follow-This Week", IF(AND(K52>=TODAY()-WEEKDAY(TODAY(),2)+8,K52<=TODAY()-WEEKDAY(TODAY(),2)+14),"Follow-Next Week",""))))) -> Completed | Y52: =IF(OR(O52<>""),"Completed",IF(N52="","", IF(N52<TODAY(),"Overdue", IF(AND(N52>=TODAY()-WEEKDAY(TODAY(),2)+1,N52<=TODAY()-WEEKDAY(TODAY(),2)+7),"Follow-This Week", IF(AND(N52>=TODAY()-WEEKDAY(TODAY(),2)+8,N52<=TODAY()-WEEKDAY(TODAY(),2)+14),"Follow-Next Week",""))))) -> Completed | Z52: =IF(OR(R52<>""),"Completed",IF(Q52="","", IF(Q52<TODAY(),"Overdue", IF(AND(Q52>=TODAY()-WEEKDAY(TODAY(),2)+1,Q52<=TODAY()-WEEKDAY(TODAY(),2)+7),"Follow-This Week", IF(AND(Q52>=TODAY()-WEEKDAY(TODAY(),2)+8,Q52<=TODAY()-WEEKDAY(TODAY(),2)+14),"Follow-Next Week",""))))) -> Completed | AA52: =IF(OR(U52<>""),"Completed",IF(T52="","", IF(T52<TODAY(),"Overdue", IF(AND(T52>=TODAY()-WEEKDAY(TODAY(),2)+1,T52<=TODAY()-WEEKDAY(TODAY(),2)+7),"Follow-This Week", IF(AND(T52>=TODAY()-WEEKDAY(TODAY(),2)+8,T52<=TODAY()-WEEKDAY(TODAY(),2)+14),"Follow-Next Week",""))))) -> Completed
A53: ZWP-21 | B53: Report / Documents | C53: MM-ZTK-1F-ZWP21-STR-MR-2002 | D53: MATERIAL REQUISITION FOR ZWP21 JACKET PRIMARY STEEL (PLATE) - CANCELLED, COMPLETED BY YARD ALREADY | E53: =(COUNTIFS(J53,"<="&$C$1)*50%)+(COUNTIFS(M53,"<="&$C$1)*20%)+(COUNTIFS(P53,"<="&$C$1)*10%)+(COUNTIFS(S53,"<="&$C$1)*20%) -> 1 | F53: =(COUNTIFS(K53,"<="&$C$1)*50%)+(COUNTIFS(N53,"<="&$C$1)*20%)+(COUNTIFS(Q53,"<="&$C$1)*10%)+(COUNTIFS(T53,"<="&$C$1)*20%) -> 1 | G53: =(COUNTIFS(L53,"<="&$C$1)*50%)+(COUNTIFS(O53,"<="&$C$1)*20%)+(COUNTIFS(R53,"<="&$C$1)*10%)+(COUNTIFS(U53,"<="&$C$1)*20%) -> 1 | H53: =G53-E53 -> 0 | I53: 0.3 | J53: 46129 | K53: =J53 -> 46129 | L53: 46142 | M53: =J53+42 -> 46171 | N53: =M53 -> 46171 | O53: 46191 | P53: =M53+42 -> 46213 | Q53: =P53 -> 46213 | R53: 46262 | S53: =P53+14 -> 46227 | T53: =S53 -> 46227 | U53: 46262 | X53: =IF(OR(L53<>""),"Completed", IF(K53="","",IF(K53<TODAY(),"Overdue", IF(AND(K53>=TODAY()-WEEKDAY(TODAY(),2)+1,K53<=TODAY()-WEEKDAY(TODAY(),2)+7),"Follow-This Week", IF(AND(K53>=TODAY()-WEEKDAY(TODAY(),2)+8,K53<=TODAY()-WEEKDAY(TODAY(),2)+14),"Follow-Next Week",""))))) -> Completed | Y53: =IF(OR(O53<>""),"Completed",IF(N53="","", IF(N53<TODAY(),"Overdue", IF(AND(N53>=TODAY()-WEEKDAY(TODAY(),2)+1,N53<=TODAY()-WEEKDAY(TODAY(),2)+7),"Follow-This Week", IF(AND(N53>=TODAY()-WEEKDAY(TODAY(),2)+8,N53<=TODAY()-WEEKDAY(TODAY(),2)+14),"Follow-Next Week",""))))) -> Completed | Z53: =IF(OR(R53<>""),"Completed",IF(Q53="","", IF(Q53<TODAY(),"Overdue", IF(AND(Q53>=TODAY()-WEEKDAY(TODAY(),2)+1,Q53<=TODAY()-WEEKDAY(TODAY(),2)+7),"Follow-This Week", IF(AND(Q53>=TODAY()-WEEKDAY(TODAY(),2)+8,Q53<=TODAY()-WEEKDAY(TODAY(),2)+14),"Follow-Next Week",""))))) -> Completed | AA53: =IF(OR(U53<>""),"Completed",IF(T53="","", IF(T53<TODAY(),"Overdue", IF(AND(T53>=TODAY()-WEEKDAY(TODAY(),2)+1,T53<=TODAY()-WEEKDAY(TODAY(),2)+7),"Follow-This Week", IF(AND(T53>=TODAY()-WEEKDAY(TODAY(),2)+8,T53<=TODAY()-WEEKDAY(TODAY(),2)+14),"Follow-Next Week",""))))) -> Completed
A54: ZWP-21 | B54: Report / Documents | C54: MM-ZTK-1F-ZWP21-STR-MR-2002 | D54: MATERIAL REQUISITION FOR ZWP21 JACKET PRIMARY STEEL (PLATE) - UPDATE WD - CENCELLED | E54: =(COUNTIFS(J54,"<="&$C$1)*50%)+(COUNTIFS(M54,"<="&$C$1)*20%)+(COUNTIFS(P54,"<="&$C$1)*10%)+(COUNTIFS(S54,"<="&$C$1)*20%) -> 1 | F54: =(COUNTIFS(K54,"<="&$C$1)*50%)+(COUNTIFS(N54,"<="&$C$1)*20%)+(COUNTIFS(Q54,"<="&$C$1)*10%)+(COUNTIFS(T54,"<="&$C$1)*20%) -> 1 | G54: =(COUNTIFS(L54,"<="&$C$1)*50%)+(COUNTIFS(O54,"<="&$C$1)*20%)+(COUNTIFS(R54,"<="&$C$1)*10%)+(COUNTIFS(U54,"<="&$C$1)*20%) -> 1 | H54: =G54-E54 -> 0 | I54: 0.1 | J54: 46129 | K54: =J54 -> 46129 | L54: 46142 | M54: =J54+42 -> 46171 | N54: =M54 -> 46171 | O54: 46191 | P54: =M54+42 -> 46213 | Q54: =P54 -> 46213 | R54: 46276 | S54: =P54+14 -> 46227 | T54: =S54 -> 46227 | U54: 46276 | X54: =IF(OR(L54<>""),"Completed", IF(K54="","",IF(K54<TODAY(),"Overdue", IF(AND(K54>=TODAY()-WEEKDAY(TODAY(),2)+1,K54<=TODAY()-WEEKDAY(TODAY(),2)+7),"Follow-This Week", IF(AND(K54>=TODAY()-WEEKDAY(TODAY(),2)+8,K54<=TODAY()-WEEKDAY(TODAY(),2)+14),"Follow-Next Week",""))))) -> Completed | Y54: =IF(OR(O54<>""),"Completed",IF(N54="","", IF(N54<TODAY(),"Overdue", IF(AND(N54>=TODAY()-WEEKDAY(TODAY(),2)+1,N54<=TODAY()-WEEKDAY(TODAY(),2)+7),"Follow-This Week", IF(AND(N54>=TODAY()-WEEKDAY(TODAY(),2)+8,N54<=TODAY()-WEEKDAY(TODAY(),2)+14),"Follow-Next Week",""))))) -> Completed | Z54: =IF(OR(R54<>""),"Completed",IF(Q54="","", IF(Q54<TODAY(),"Overdue", IF(AND(Q54>=TODAY()-WEEKDAY(TODAY(),2)+1,Q54<=TODAY()-WEEKDAY(TODAY(),2)+7),"Follow-This Week", IF(AND(Q54>=TODAY()-WEEKDAY(TODAY(),2)+8,Q54<=TODAY()-WEEKDAY(TODAY(),2)+14),"Follow-Next Week",""))))) -> Completed | AA54: =IF(OR(U54<>""),"Completed",IF(T54="","", IF(T54<TODAY(),"Overdue", IF(AND(T54>=TODAY()-WEEKDAY(TODAY(),2)+1,T54<=TODAY()-WEEKDAY(TODAY(),2)+7),"Follow-This Week", IF(AND(T54>=TODAY()-WEEKDAY(TODAY(),2)+8,T54<=TODAY()-WEEKDAY(TODAY(),2)+14),"Follow-Next Week",""))))) -> Completed
A55: ZWP-21 | B55: Report / Documents | C55: MM-ZTK-1F-ZWP21-STR-MR-2003 | D55: MATERIAL REQUISITION FOR ZWP21 JACKET SECONDARY AND TERTIARY STEEL - CANCELLED, COMPLETED BY YARD ALREADY | E55: =(COUNTIFS(J55,"<="&$C$1)*50%)+(COUNTIFS(M55,"<="&$C$1)*20%)+(COUNTIFS(P55,"<="&$C$1)*10%)+(COUNTIFS(S55,"<="&$C$1)*20%) -> 1 | F55: =(COUNTIFS(K55,"<="&$C$1)*50%)+(COUNTIFS(N55,"<="&$C$1)*20%)+(COUNTIFS(Q55,"<="&$C$1)*10%)+(COUNTIFS(T55,"<="&$C$1)*20%) -> 1 | G55: =(COUNTIFS(L55,"<="&$C$1)*50%)+(COUNTIFS(O55,"<="&$C$1)*20%)+(COUNTIFS(R55,"<="&$C$1)*10%)+(COUNTIFS(U55,"<="&$C$1)*20%) -> 1 | H55: =G55-E55 -> 0 | I55: 0.2 | J55: 46142 | K55: =J55 -> 46142 | L55: 46199 | M55: =J55+42 -> 46184 | N55: =M55 -> 46184 | O55: 46199 | P55: =M55+42 -> 46226 | Q55: =P55 -> 46226 | R55: 46213 | S55: =P55+14 -> 46240 | T55: =S55 -> 46240 | U55: 46240 | X55: =IF(OR(L55<>""),"Completed", IF(K55="","",IF(K55<TODAY(),"Overdue", IF(AND(K55>=TODAY()-WEEKDAY(TODAY(),2)+1,K55<=TODAY()-WEEKDAY(TODAY(),2)+7),"Follow-This Week", IF(AND(K55>=TODAY()-WEEKDAY(TODAY(),2)+8,K55<=TODAY()-WEEKDAY(TODAY(),2)+14),"Follow-Next Week",""))))) -> Completed | Y55: =IF(OR(O55<>""),"Completed",IF(N55="","", IF(N55<TODAY(),"Overdue", IF(AND(N55>=TODAY()-WEEKDAY(TODAY(),2)+1,N55<=TODAY()-WEEKDAY(TODAY(),2)+7),"Follow-This Week", IF(AND(N55>=TODAY()-WEEKDAY(TODAY(),2)+8,N55<=TODAY()-WEEKDAY(TODAY(),2)+14),"Follow-Next Week",""))))) -> Completed | Z55: =IF(OR(R55<>""),"Completed",IF(Q55="","", IF(Q55<TODAY(),"Overdue", IF(AND(Q55>=TODAY()-WEEKDAY(TODAY(),2)+1,Q55<=TODAY()-WEEKDAY(TODAY(),2)+7),"Follow-This Week", IF(AND(Q55>=TODAY()-WEEKDAY(TODAY(),2)+8,Q55<=TODAY()-WEEKDAY(TODAY(),2)+14),"Follow-Next Week",""))))) -> Completed | AA55: =IF(OR(U55<>""),"Completed",IF(T55="","", IF(T55<TODAY(),"Overdue", IF(AND(T55>=TODAY()-WEEKDAY(TODAY(),2)+1,T55<=TODAY()-WEEKDAY(TODAY(),2)+7),"Follow-This Week", IF(AND(T55>=TODAY()-WEEKDAY(TODAY(),2)+8,T55<=TODAY()-WEEKDAY(TODAY(),2)+14),"Follow-Next Week",""))))) -> Completed
A56: ZWP-21 | B56: Report / Documents | C56: MM-ZTK-1F-ZWP21-STR-MR-2003 | D56: MATERIAL REQUISITION FOR ZEP21 JACKET MISCELLANEOUS STEEL - CANCELLED, COMPLETED BY YARD ALREADY | E56: =(COUNTIFS(J56,"<="&$C$1)*50%)+(COUNTIFS(M56,"<="&$C$1)*20%)+(COUNTIFS(P56,"<="&$C$1)*10%)+(COUNTIFS(S56,"<="&$C$1)*20%) -> 1 | F56: =(COUNTIFS(K56,"<="&$C$1)*50%)+(COUNTIFS(N56,"<="&$C$1)*20%)+(COUNTIFS(Q56,"<="&$C$1)*10%)+(COUNTIFS(T56,"<="&$C$1)*20%) -> 1 | G56: =(COUNTIFS(L56,"<="&$C$1)*50%)+(COUNTIFS(O56,"<="&$C$1)*20%)+(COUNTIFS(R56,"<="&$C$1)*10%)+(COUNTIFS(U56,"<="&$C$1)*20%) -> 1 | H56: =G56-E56 -> 0 | J56: 46195 | K56: =J56 -> 46195 | L56: 46213 | M56: =J56+42 -> 46237 | N56: =M56 -> 46237 | O56: 46213 | P56: =M56+42 -> 46279 | Q56: =P56 -> 46279 | R56: 46213 | S56: =P56+14 -> 46293 | T56: =S56 -> 46293 | U56: 46276 | X56: =IF(OR(L56<>""),"Completed", IF(K56="","",IF(K56<TODAY(),"Overdue", IF(AND(K56>=TODAY()-WEEKDAY(TODAY(),2)+1,K56<=TODAY()-WEEKDAY(TODAY(),2)+7),"Follow-This Week", IF(AND(K56>=TODAY()-WEEKDAY(TODAY(),2)+8,K56<=TODAY()-WEEKDAY(TODAY(),2)+14),"Follow-Next Week",""))))) -> Completed | Y56: =IF(OR(O56<>""),"Completed",IF(N56="","", IF(N56<TODAY(),"Overdue", IF(AND(N56>=TODAY()-WEEKDAY(TODAY(),2)+1,N56<=TODAY()-WEEKDAY(TODAY(),2)+7),"Follow-This Week", IF(AND(N56>=TODAY()-WEEKDAY(TODAY(),2)+8,N56<=TODAY()-WEEKDAY(TODAY(),2)+14),"Follow-Next Week",""))))) -> Completed | Z56: =IF(OR(R56<>""),"Completed",IF(Q56="","", IF(Q56<TODAY(),"Overdue", IF(AND(Q56>=TODAY()-WEEKDAY(TODAY(),2)+1,Q56<=TODAY()-WEEKDAY(TODAY(),2)+7),"Follow-This Week", IF(AND(Q56>=TODAY()-WEEKDAY(TODAY(),2)+8,Q56<=TODAY()-WEEKDAY(TODAY(),2)+14),"Follow-Next Week",""))))) -> Completed | AA56: =IF(OR(U56<>""),"Completed",IF(T56="","", IF(T56<TODAY(),"Overdue", IF(AND(T56>=TODAY()-WEEKDAY(TODAY(),2)+1,T56<=TODAY()-WEEKDAY(TODAY(),2)+7),"Follow-This Week", IF(AND(T56>=TODAY()-WEEKDAY(TODAY(),2)+8,T56<=TODAY()-WEEKDAY(TODAY(),2)+14),"Follow-Next Week",""))))) -> Completed
A57: ZWP-21 | B57: Report / Documents | C57: MM-ZTK-1F-GEN-STR-MR-0001 | D57: MATERIAL REQUISITION FOR PILE GRIPPER WITH INTEGRAL DIAPHRAGM CLOSURE | E57: =(COUNTIFS(J57,"<="&$C$1)*50%)+(COUNTIFS(M57,"<="&$C$1)*20%)+(COUNTIFS(P57,"<="&$C$1)*10%)+(COUNTIFS(S57,"<="&$C$1)*20%) -> 1 | F57: =(COUNTIFS(K57,"<="&$C$1)*50%)+(COUNTIFS(N57,"<="&$C$1)*20%)+(COUNTIFS(Q57,"<="&$C$1)*10%)+(COUNTIFS(T57,"<="&$C$1)*20%) -> 1 | G57: =(COUNTIFS(L57,"<="&$C$1)*50%)+(COUNTIFS(O57,"<="&$C$1)*20%)+(COUNTIFS(R57,"<="&$C$1)*10%)+(COUNTIFS(U57,"<="&$C$1)*20%) -> 1 | H57: =G57-E57 -> 0 | I57: 0.2 | J57: 46157 | K57: =J57 -> 46157 | L57: 46150 | M57: =J57+42 -> 46199 | N57: =M57 -> 46199 | O57: 46191 | P57: =M57+42 -> 46241 | Q57: =P57 -> 46241 | R57: 46227 | S57: =P57+14 -> 46255 | T57: =S57 -> 46255 | U57: 46239 | X57: =IF(OR(L57<>""),"Completed", IF(K57="","",IF(K57<TODAY(),"Overdue", IF(AND(K57>=TODAY()-WEEKDAY(TODAY(),2)+1,K57<=TODAY()-WEEKDAY(TODAY(),2)+7),"Follow-This Week", IF(AND(K57>=TODAY()-WEEKDAY(TODAY(),2)+8,K57<=TODAY()-WEEKDAY(TODAY(),2)+14),"Follow-Next Week",""))))) -> Completed | Y57: =IF(OR(O57<>""),"Completed",IF(N57="","", IF(N57<TODAY(),"Overdue", IF(AND(N57>=TODAY()-WEEKDAY(TODAY(),2)+1,N57<=TODAY()-WEEKDAY(TODAY(),2)+7),"Follow-This Week", IF(AND(N57>=TODAY()-WEEKDAY(TODAY(),2)+8,N57<=TODAY()-WEEKDAY(TODAY(),2)+14),"Follow-Next Week",""))))) -> Completed | Z57: =IF(OR(R57<>""),"Completed",IF(Q57="","", IF(Q57<TODAY(),"Overdue", IF(AND(Q57>=TODAY()-WEEKDAY(TODAY(),2)+1,Q57<=TODAY()-WEEKDAY(TODAY(),2)+7),"Follow-This Week", IF(AND(Q57>=TODAY()-WEEKDAY(TODAY(),2)+8,Q57<=TODAY()-WEEKDAY(TODAY(),2)+14),"Follow-Next Week",""))))) -> Completed | AA57: =IF(OR(U57<>""),"Completed",IF(T57="","", IF(T57<TODAY(),"Overdue", IF(AND(T57>=TODAY()-WEEKDAY(TODAY(),2)+1,T57<=TODAY()-WEEKDAY(TODAY(),2)+7),"Follow-This Week", IF(AND(T57>=TODAY()-WEEKDAY(TODAY(),2)+8,T57<=TODAY()-WEEKDAY(TODAY(),2)+14),"Follow-Next Week",""))))) -> Completed
A58: ZWP-21 | B58: Report / Documents | C58: MM-ZTK-1F-GEN-STR-MR-0002 | D58: MATERIAL REQUISITION FOR GROUT SEALS AND DIAPHRAGM CLOSURE | E58: =(COUNTIFS(J58,"<="&$C$1)*50%)+(COUNTIFS(M58,"<="&$C$1)*20%)+(COUNTIFS(P58,"<="&$C$1)*10%)+(COUNTIFS(S58,"<="&$C$1)*20%) -> 1 | F58: =(COUNTIFS(K58,"<="&$C$1)*50%)+(COUNTIFS(N58,"<="&$C$1)*20%)+(COUNTIFS(Q58,"<="&$C$1)*10%)+(COUNTIFS(T58,"<="&$C$1)*20%) -> 1 | G58: =(COUNTIFS(L58,"<="&$C$1)*50%)+(COUNTIFS(O58,"<="&$C$1)*20%)+(COUNTIFS(R58,"<="&$C$1)*10%)+(COUNTIFS(U58,"<="&$C$1)*20%) -> 1 | H58: =G58-E58 -> 0 | I58: 0.2 | J58: 46157 | K58: =J58 -> 46157 | L58: 46150 | M58: =J58+42 -> 46199 | N58: =M58 -> 46199 | O58: 46191 | P58: =M58+42 -> 46241 | Q58: =P58 -> 46241 | R58: 46227 | S58: =P58+14 -> 46255 | T58: =S58 -> 46255 | U58: 46239 | X58: =IF(OR(L58<>""),"Completed", IF(K58="","",IF(K58<TODAY(),"Overdue", IF(AND(K58>=TODAY()-WEEKDAY(TODAY(),2)+1,K58<=TODAY()-WEEKDAY(TODAY(),2)+7),"Follow-This Week", IF(AND(K58>=TODAY()-WEEKDAY(TODAY(),2)+8,K58<=TODAY()-WEEKDAY(TODAY(),2)+14),"Follow-Next Week",""))))) -> Completed | Y58: =IF(OR(O58<>""),"Completed",IF(N58="","", IF(N58<TODAY(),"Overdue", IF(AND(N58>=TODAY()-WEEKDAY(TODAY(),2)+1,N58<=TODAY()-WEEKDAY(TODAY(),2)+7),"Follow-This Week", IF(AND(N58>=TODAY()-WEEKDAY(TODAY(),2)+8,N58<=TODAY()-WEEKDAY(TODAY(),2)+14),"Follow-Next Week",""))))) -> Completed | Z58: =IF(OR(R58<>""),"Completed",IF(Q58="","", IF(Q58<TODAY(),"Overdue", IF(AND(Q58>=TODAY()-WEEKDAY(TODAY(),2)+1,Q58<=TODAY()-WEEKDAY(TODAY(),2)+7),"Follow-This Week", IF(AND(Q58>=TODAY()-WEEKDAY(TODAY(),2)+8,Q58<=TODAY()-WEEKDAY(TODAY(),2)+14),"Follow-Next Week",""))))) -> Completed | AA58: =IF(OR(U58<>""),"Completed",IF(T58="","", IF(T58<TODAY(),"Overdue", IF(AND(T58>=TODAY()-WEEKDAY(TODAY(),2)+1,T58<=TODAY()-WEEKDAY(TODAY(),2)+7),"Follow-This Week", IF(AND(T58>=TODAY()-WEEKDAY(TODAY(),2)+8,T58<=TODAY()-WEEKDAY(TODAY(),2)+14),"Follow-Next Week",""))))) -> Completed
A59: ZWP-21 | B59: Report / Documents | C59: MM-ZTK-1F-GEN-STR-MR-0003 | D59: MATERIAL REQUISITION FOR BARGE BUMPER | E59: =(COUNTIFS(J59,"<="&$C$1)*50%)+(COUNTIFS(M59,"<="&$C$1)*20%)+(COUNTIFS(P59,"<="&$C$1)*10%)+(COUNTIFS(S59,"<="&$C$1)*20%) -> 1 | F59: =(COUNTIFS(K59,"<="&$C$1)*50%)+(COUNTIFS(N59,"<="&$C$1)*20%)+(COUNTIFS(Q59,"<="&$C$1)*10%)+(COUNTIFS(T59,"<="&$C$1)*20%) -> 1 | G59: =(COUNTIFS(L59,"<="&$C$1)*50%)+(COUNTIFS(O59,"<="&$C$1)*20%)+(COUNTIFS(R59,"<="&$C$1)*10%)+(COUNTIFS(U59,"<="&$C$1)*20%) -> 1 | H59: =G59-E59 -> 0 | I59: 0.2 | J59: 46143 | K59: =J59 -> 46143 | L59: 46142 | M59: =J59+42 -> 46185 | N59: =M59 -> 46185 | O59: 46191 | P59: =M59+42 -> 46227 | Q59: =P59 -> 46227 | R59: 46202 | S59: =P59+14 -> 46241 | T59: =S59 -> 46241 | U59: 46209 | X59: =IF(OR(L59<>""),"Completed", IF(K59="","",IF(K59<TODAY(),"Overdue", IF(AND(K59>=TODAY()-WEEKDAY(TODAY(),2)+1,K59<=TODAY()-WEEKDAY(TODAY(),2)+7),"Follow-This Week", IF(AND(K59>=TODAY()-WEEKDAY(TODAY(),2)+8,K59<=TODAY()-WEEKDAY(TODAY(),2)+14),"Follow-Next Week",""))))) -> Completed | Y59: =IF(OR(O59<>""),"Completed",IF(N59="","", IF(N59<TODAY(),"Overdue", IF(AND(N59>=TODAY()-WEEKDAY(TODAY(),2)+1,N59<=TODAY()-WEEKDAY(TODAY(),2)+7),"Follow-This Week", IF(AND(N59>=TODAY()-WEEKDAY(TODAY(),2)+8,N59<=TODAY()-WEEKDAY(TODAY(),2)+14),"Follow-Next Week",""))))) -> Completed | Z59: =IF(OR(R59<>""),"Completed",IF(Q59="","", IF(Q59<TODAY(),"Overdue", IF(AND(Q59>=TODAY()-WEEKDAY(TODAY(),2)+1,Q59<=TODAY()-WEEKDAY(TODAY(),2)+7),"Follow-This Week", IF(AND(Q59>=TODAY()-WEEKDAY(TODAY(),2)+8,Q59<=TODAY()-WEEKDAY(TODAY(),2)+14),"Follow-Next Week",""))))) -> Completed | AA59: =IF(OR(U59<>""),"Completed",IF(T59="","", IF(T59<TODAY(),"Overdue", IF(AND(T59>=TODAY()-WEEKDAY(TODAY(),2)+1,T59<=TODAY()-WEEKDAY(TODAY(),2)+7),"Follow-This Week", IF(AND(T59>=TODAY()-WEEKDAY(TODAY(),2)+8,T59<=TODAY()-WEEKDAY(TODAY(),2)+14),"Follow-Next Week",""))))) -> Completed
A60: ZWP-21 | B60: Report / Documents | C60: MM-ZTK-1F-GEN-STR-MR-0004 | D60: MATERIAL REQUISITION FOR ANODE | E60: =(COUNTIFS(J60,"<="&$C$1)*50%)+(COUNTIFS(M60,"<="&$C$1)*20%)+(COUNTIFS(P60,"<="&$C$1)*10%)+(COUNTIFS(S60,"<="&$C$1)*20%) -> 1 | F60: =(COUNTIFS(K60,"<="&$C$1)*50%)+(COUNTIFS(N60,"<="&$C$1)*20%)+(COUNTIFS(Q60,"<="&$C$1)*10%)+(COUNTIFS(T60,"<="&$C$1)*20%) -> 1 | G60: =(COUNTIFS(L60,"<="&$C$1)*50%)+(COUNTIFS(O60,"<="&$C$1)*20%)+(COUNTIFS(R60,"<="&$C$1)*10%)+(COUNTIFS(U60,"<="&$C$1)*20%) -> 1 | H60: =G60-E60 -> 0 | I60: 0.2 | J60: 46143 | K60: =J60 -> 46143 | L60: 46142 | M60: =J60+42 -> 46185 | N60: =M60 -> 46185 | O60: 46191 | P60: =M60+42 -> 46227 | Q60: =P60 -> 46227 | R60: 46254 | S60: =P60+14 -> 46241 | T60: =S60 -> 46241 | U60: 46269 | X60: =IF(OR(L60<>""),"Completed", IF(K60="","",IF(K60<TODAY(),"Overdue", IF(AND(K60>=TODAY()-WEEKDAY(TODAY(),2)+1,K60<=TODAY()-WEEKDAY(TODAY(),2)+7),"Follow-This Week", IF(AND(K60>=TODAY()-WEEKDAY(TODAY(),2)+8,K60<=TODAY()-WEEKDAY(TODAY(),2)+14),"Follow-Next Week",""))))) -> Completed | Y60: =IF(OR(O60<>""),"Completed",IF(N60="","", IF(N60<TODAY(),"Overdue", IF(AND(N60>=TODAY()-WEEKDAY(TODAY(),2)+1,N60<=TODAY()-WEEKDAY(TODAY(),2)+7),"Follow-This Week", IF(AND(N60>=TODAY()-WEEKDAY(TODAY(),2)+8,N60<=TODAY()-WEEKDAY(TODAY(),2)+14),"Follow-Next Week",""))))) -> Completed | Z60: =IF(OR(R60<>""),"Completed",IF(Q60="","", IF(Q60<TODAY(),"Overdue", IF(AND(Q60>=TODAY()-WEEKDAY(TODAY(),2)+1,Q60<=TODAY()-WEEKDAY(TODAY(),2)+7),"Follow-This Week", IF(AND(Q60>=TODAY()-WEEKDAY(TODAY(),2)+8,Q60<=TODAY()-WEEKDAY(TODAY(),2)+14),"Follow-Next Week",""))))) -> Completed | AA60: =IF(OR(U60<>""),"Completed",IF(T60="","", IF(T60<TODAY(),"Overdue", IF(AND(T60>=TODAY()-WEEKDAY(TODAY(),2)+1,T60<=TODAY()-WEEKDAY(TODAY(),2)+7),"Follow-This Week", IF(AND(T60>=TODAY()-WEEKDAY(TODAY(),2)+8,T60<=TODAY()-WEEKDAY(TODAY(),2)+14),"Follow-Next Week",""))))) -> Completed
A61: ZWP-21 | B61: Report / Documents | C61: MM-ZTK-1F-GEN-STR-MR-0005 | D61: MATERIAL REQUISITION FOR LAUNCH TIMBER | E61: =(COUNTIFS(J61,"<="&$C$1)*50%)+(COUNTIFS(M61,"<="&$C$1)*20%)+(COUNTIFS(P61,"<="&$C$1)*10%)+(COUNTIFS(S61,"<="&$C$1)*20%) -> 1 | F61: =(COUNTIFS(K61,"<="&$C$1)*50%)+(COUNTIFS(N61,"<="&$C$1)*20%)+(COUNTIFS(Q61,"<="&$C$1)*10%)+(COUNTIFS(T61,"<="&$C$1)*20%) -> 1 | G61: =(COUNTIFS(L61,"<="&$C$1)*50%)+(COUNTIFS(O61,"<="&$C$1)*20%)+(COUNTIFS(R61,"<="&$C$1)*10%)+(COUNTIFS(U61,"<="&$C$1)*20%) -> 1 | H61: =G61-E61 -> 0 | I61: 0.2 | J61: 46157 | K61: =J61 -> 46157 | L61: 46150 | M61: =J61+42 -> 46199 | N61: =M61 -> 46199 | O61: 46191 | P61: =M61+42 -> 46241 | Q61: =P61 -> 46241 | R61: 46204 | S61: =P61+14 -> 46255 | T61: =S61 -> 46255 | U61: 46223 | X61: =IF(OR(L61<>""),"Completed", IF(K61="","",IF(K61<TODAY(),"Overdue", IF(AND(K61>=TODAY()-WEEKDAY(TODAY(),2)+1,K61<=TODAY()-WEEKDAY(TODAY(),2)+7),"Follow-This Week", IF(AND(K61>=TODAY()-WEEKDAY(TODAY(),2)+8,K61<=TODAY()-WEEKDAY(TODAY(),2)+14),"Follow-Next Week",""))))) -> Completed | Y61: =IF(OR(O61<>""),"Completed",IF(N61="","", IF(N61<TODAY(),"Overdue", IF(AND(N61>=TODAY()-WEEKDAY(TODAY(),2)+1,N61<=TODAY()-WEEKDAY(TODAY(),2)+7),"Follow-This Week", IF(AND(N61>=TODAY()-WEEKDAY(TODAY(),2)+8,N61<=TODAY()-WEEKDAY(TODAY(),2)+14),"Follow-Next Week",""))))) -> Completed | Z61: =IF(OR(R61<>""),"Completed",IF(Q61="","", IF(Q61<TODAY(),"Overdue", IF(AND(Q61>=TODAY()-WEEKDAY(TODAY(),2)+1,Q61<=TODAY()-WEEKDAY(TODAY(),2)+7),"Follow-This Week", IF(AND(Q61>=TODAY()-WEEKDAY(TODAY(),2)+8,Q61<=TODAY()-WEEKDAY(TODAY(),2)+14),"Follow-Next Week",""))))) -> Completed | AA61: =IF(OR(U61<>""),"Completed",IF(T61="","", IF(T61<TODAY(),"Overdue", IF(AND(T61>=TODAY()-WEEKDAY(TODAY(),2)+1,T61<=TODAY()-WEEKDAY(TODAY(),2)+7),"Follow-This Week", IF(AND(T61>=TODAY()-WEEKDAY(TODAY(),2)+8,T61<=TODAY()-WEEKDAY(TODAY(),2)+14),"Follow-Next Week",""))))) -> Completed
A62: ZWP-21 | B62: Report / Documents | C62: MM-ZTK-1F-ZWP21-COR-CAL-0001 | D62: ZWP21 CATHODIC PROTECTION DESIGN REPORT - SUPERSEDED | E62: =(COUNTIFS(J62,"<="&$C$1)*50%)+(COUNTIFS(M62,"<="&$C$1)*20%)+(COUNTIFS(P62,"<="&$C$1)*10%)+(COUNTIFS(S62,"<="&$C$1)*20%) -> 1 | F62: =(COUNTIFS(K62,"<="&$C$1)*50%)+(COUNTIFS(N62,"<="&$C$1)*20%)+(COUNTIFS(Q62,"<="&$C$1)*10%)+(COUNTIFS(T62,"<="&$C$1)*20%) -> 1 | G62: =(COUNTIFS(L62,"<="&$C$1)*50%)+(COUNTIFS(O62,"<="&$C$1)*20%)+(COUNTIFS(R62,"<="&$C$1)*10%)+(COUNTIFS(U62,"<="&$C$1)*20%) -> 1 | H62: =G62-E62 -> 0 | I62: 0.3 | J62: 46185 | K62: =J62 -> 46185 | L62: 46171 | M62: =J62+42 -> 46227 | N62: =K62+42 -> 46227 | O62: 46240 | P62: =M62+42 -> 46269 | Q62: =N62+42 -> 46269 | R62: 46283 | S62: =P62+14 -> 46283 | T62: =S62 -> 46283 | U62: 46283 | X62: =IF(OR(L62<>""),"Completed", IF(K62="","",IF(K62<TODAY(),"Overdue", IF(AND(K62>=TODAY()-WEEKDAY(TODAY(),2)+1,K62<=TODAY()-WEEKDAY(TODAY(),2)+7),"Follow-This Week", IF(AND(K62>=TODAY()-WEEKDAY(TODAY(),2)+8,K62<=TODAY()-WEEKDAY(TODAY(),2)+14),"Follow-Next Week",""))))) -> Completed | Y62: =IF(OR(O62<>""),"Completed",IF(N62="","", IF(N62<TODAY(),"Overdue", IF(AND(N62>=TODAY()-WEEKDAY(TODAY(),2)+1,N62<=TODAY()-WEEKDAY(TODAY(),2)+7),"Follow-This Week", IF(AND(N62>=TODAY()-WEEKDAY(TODAY(),2)+8,N62<=TODAY()-WEEKDAY(TODAY(),2)+14),"Follow-Next Week",""))))) -> Completed | Z62: =IF(OR(R62<>""),"Completed",IF(Q62="","", IF(Q62<TODAY(),"Overdue", IF(AND(Q62>=TODAY()-WEEKDAY(TODAY(),2)+1,Q62<=TODAY()-WEEKDAY(TODAY(),2)+7),"Follow-This Week", IF(AND(Q62>=TODAY()-WEEKDAY(TODAY(),2)+8,Q62<=TODAY()-WEEKDAY(TODAY(),2)+14),"Follow-Next Week",""))))) -> Completed | AA62: =IF(OR(U62<>""),"Completed",IF(T62="","", IF(T62<TODAY(),"Overdue", IF(AND(T62>=TODAY()-WEEKDAY(TODAY(),2)+1,T62<=TODAY()-WEEKDAY(TODAY(),2)+7),"Follow-This Week", IF(AND(T62>=TODAY()-WEEKDAY(TODAY(),2)+8,T62<=TODAY()-WEEKDAY(TODAY(),2)+14),"Follow-Next Week",""))))) -> Completed
A63: ZWP-21 | B63: Report / Documents | C63: MM-ZTK-1F-ZWP21-COR-CAL-0001 | D63: ZWP21 CATHODIC PROTECTION DESIGN REPORT - UPDATED WATER DEPTH | E63: =(COUNTIFS(J63,"<="&$C$1)*50%)+(COUNTIFS(M63,"<="&$C$1)*20%)+(COUNTIFS(P63,"<="&$C$1)*10%)+(COUNTIFS(S63,"<="&$C$1)*20%) -> 1 | F63: =(COUNTIFS(K63,"<="&$C$1)*50%)+(COUNTIFS(N63,"<="&$C$1)*20%)+(COUNTIFS(Q63,"<="&$C$1)*10%)+(COUNTIFS(T63,"<="&$C$1)*20%) -> 1 | G63: =(COUNTIFS(L63,"<="&$C$1)*50%)+(COUNTIFS(O63,"<="&$C$1)*20%)+(COUNTIFS(R63,"<="&$C$1)*10%)+(COUNTIFS(U63,"<="&$C$1)*20%) -> 0.7 | H63: =G63-E63 -> -0.3 | I63: 0.2 | J63: 46185 | K63: =J63 -> 46185 | L63: 46171 | M63: =J63+42 -> 46227 | N63: =K63+42 -> 46227 | O63: 46240 | P63: =M63+42 -> 46269 | Q63: =N63+42 -> 46269 | S63: =P63+14 -> 46283 | T63: =S63 -> 46283 | X63: =IF(OR(L63<>""),"Completed", IF(K63="","",IF(K63<TODAY(),"Overdue", IF(AND(K63>=TODAY()-WEEKDAY(TODAY(),2)+1,K63<=TODAY()-WEEKDAY(TODAY(),2)+7),"Follow-This Week", IF(AND(K63>=TODAY()-WEEKDAY(TODAY(),2)+8,K63<=TODAY()-WEEKDAY(TODAY(),2)+14),"Follow-Next Week",""))))) -> Completed | Y63: =IF(OR(O63<>""),"Completed",IF(N63="","", IF(N63<TODAY(),"Overdue", IF(AND(N63>=TODAY()-WEEKDAY(TODAY(),2)+1,N63<=TODAY()-WEEKDAY(TODAY(),2)+7),"Follow-This Week", IF(AND(N63>=TODAY()-WEEKDAY(TODAY(),2)+8,N63<=TODAY()-WEEKDAY(TODAY(),2)+14),"Follow-Next Week",""))))) -> Completed | Z63: =IF(OR(R63<>""),"Completed",IF(Q63="","", IF(Q63<TODAY(),"Overdue", IF(AND(Q63>=TODAY()-WEEKDAY(TODAY(),2)+1,Q63<=TODAY()-WEEKDAY(TODAY(),2)+7),"Follow-This Week", IF(AND(Q63>=TODAY()-WEEKDAY(TODAY(),2)+8,Q63<=TODAY()-WEEKDAY(TODAY(),2)+14),"Follow-Next Week",""))))) -> Overdue | AA63: =IF(OR(U63<>""),"Completed",IF(T63="","", IF(T63<TODAY(),"Overdue", IF(AND(T63>=TODAY()-WEEKDAY(TODAY(),2)+1,T63<=TODAY()-WEEKDAY(TODAY(),2)+7),"Follow-This Week", IF(AND(T63>=TODAY()-WEEKDAY(TODAY(),2)+8,T63<=TODAY()-WEEKDAY(TODAY(),2)+14),"Follow-Next Week",""))))) -> Overdue
A64: ZWP-21 | B64: Report / Documents | C64: MM-ZTK-1F-ZWP21-STR-CAL-2801 | D64: ZWP21 JACKET RISER CLAMP DESIGN | E64: =(COUNTIFS(J64,"<="&$C$1)*50%)+(COUNTIFS(M64,"<="&$C$1)*20%)+(COUNTIFS(P64,"<="&$C$1)*10%)+(COUNTIFS(S64,"<="&$C$1)*20%) -> 0.5 | F64: =(COUNTIFS(K64,"<="&$C$1)*50%)+(COUNTIFS(N64,"<="&$C$1)*20%)+(COUNTIFS(Q64,"<="&$C$1)*10%)+(COUNTIFS(T64,"<="&$C$1)*20%) -> 0.5 | G64: =(COUNTIFS(L64,"<="&$C$1)*50%)+(COUNTIFS(O64,"<="&$C$1)*20%)+(COUNTIFS(R64,"<="&$C$1)*10%)+(COUNTIFS(U64,"<="&$C$1)*20%) -> 0.5 | H64: =G64-E64 -> 0 | J64: 46302 | K64: =J64 -> 46302 | L64: 46289 | M64: =J64+42 -> 46344 | N64: =M64 -> 46344 | P64: =M64+42 -> 46386 | Q64: =N64+42 -> 46386 | S64: =P64+14 -> 46400 | T64: =Q64+14 -> 46400 | X64: =IF(OR(L64<>""),"Completed", IF(K64="","",IF(K64<TODAY(),"Overdue", IF(AND(K64>=TODAY()-WEEKDAY(TODAY(),2)+1,K64<=TODAY()-WEEKDAY(TODAY(),2)+7),"Follow-This Week", IF(AND(K64>=TODAY()-WEEKDAY(TODAY(),2)+8,K64<=TODAY()-WEEKDAY(TODAY(),2)+14),"Follow-Next Week",""))))) -> Completed | Y64: =IF(OR(O64<>""),"Completed",IF(N64="","", IF(N64<TODAY(),"Overdue", IF(AND(N64>=TODAY()-WEEKDAY(TODAY(),2)+1,N64<=TODAY()-WEEKDAY(TODAY(),2)+7),"Follow-This Week", IF(AND(N64>=TODAY()-WEEKDAY(TODAY(),2)+8,N64<=TODAY()-WEEKDAY(TODAY(),2)+14),"Follow-Next Week",""))))) | Z64: =IF(OR(R64<>""),"Completed",IF(Q64="","", IF(Q64<TODAY(),"Overdue", IF(AND(Q64>=TODAY()-WEEKDAY(TODAY(),2)+1,Q64<=TODAY()-WEEKDAY(TODAY(),2)+7),"Follow-This Week", IF(AND(Q64>=TODAY()-WEEKDAY(TODAY(),2)+8,Q64<=TODAY()-WEEKDAY(TODAY(),2)+14),"Follow-Next Week",""))))) | AA64: =IF(OR(U64<>""),"Completed",IF(T64="","", IF(T64<TODAY(),"Overdue", IF(AND(T64>=TODAY()-WEEKDAY(TODAY(),2)+1,T64<=TODAY()-WEEKDAY(TODAY(),2)+7),"Follow-This Week", IF(AND(T64>=TODAY()-WEEKDAY(TODAY(),2)+8,T64<=TODAY()-WEEKDAY(TODAY(),2)+14),"Follow-Next Week","")))))
A65: ZWP-21 | B65: Report / Documents | C65: MM-ZTK-1F-ZWP21-WCR-CAL-2101 | D65: ZWP21 WEIGHT CONTROL REPORT (AS-BUILT) | E65: =(COUNTIFS(J65,"<="&$C$1)*50%)+(COUNTIFS(M65,"<="&$C$1)*20%)+(COUNTIFS(P65,"<="&$C$1)*10%)+(COUNTIFS(S65,"<="&$C$1)*20%) -> 0 | F65: =(COUNTIFS(K65,"<="&$C$1)*50%)+(COUNTIFS(N65,"<="&$C$1)*20%)+(COUNTIFS(Q65,"<="&$C$1)*10%)+(COUNTIFS(T65,"<="&$C$1)*20%) -> 0 | G65: =(COUNTIFS(L65,"<="&$C$1)*50%)+(COUNTIFS(O65,"<="&$C$1)*20%)+(COUNTIFS(R65,"<="&$C$1)*10%)+(COUNTIFS(U65,"<="&$C$1)*20%) -> 0 | H65: =G65-E65 -> 0 | I65: 0.2 | X65: =IF(OR(L65<>""),"Completed", IF(K65="","",IF(K65<TODAY(),"Overdue", IF(AND(K65>=TODAY()-WEEKDAY(TODAY(),2)+1,K65<=TODAY()-WEEKDAY(TODAY(),2)+7),"Follow-This Week", IF(AND(K65>=TODAY()-WEEKDAY(TODAY(),2)+8,K65<=TODAY()-WEEKDAY(TODAY(),2)+14),"Follow-Next Week",""))))) | Y65: =IF(OR(O65<>""),"Completed",IF(N65="","", IF(N65<TODAY(),"Overdue", IF(AND(N65>=TODAY()-WEEKDAY(TODAY(),2)+1,N65<=TODAY()-WEEKDAY(TODAY(),2)+7),"Follow-This Week", IF(AND(N65>=TODAY()-WEEKDAY(TODAY(),2)+8,N65<=TODAY()-WEEKDAY(TODAY(),2)+14),"Follow-Next Week",""))))) | Z65: =IF(OR(R65<>""),"Completed",IF(Q65="","", IF(Q65<TODAY(),"Overdue", IF(AND(Q65>=TODAY()-WEEKDAY(TODAY(),2)+1,Q65<=TODAY()-WEEKDAY(TODAY(),2)+7),"Follow-This Week", IF(AND(Q65>=TODAY()-WEEKDAY(TODAY(),2)+8,Q65<=TODAY()-WEEKDAY(TODAY(),2)+14),"Follow-Next Week",""))))) | AA65: =IF(OR(U65<>""),"Completed",IF(T65="","", IF(T65<TODAY(),"Overdue", IF(AND(T65>=TODAY()-WEEKDAY(TODAY(),2)+1,T65<=TODAY()-WEEKDAY(TODAY(),2)+7),"Follow-This Week", IF(AND(T65>=TODAY()-WEEKDAY(TODAY(),2)+8,T65<=TODAY()-WEEKDAY(TODAY(),2)+14),"Follow-Next Week","")))))
A66: ZWP-21 | B66: Report / Documents | C66: MM-ZTK-1F-ZWP21-STR-CAL-2101 | D66: ZWP21 COMPUTER MODELLING AND LOAD FORMULATION REPORT (AS-BUILT) | E66: =(COUNTIFS(J66,"<="&$C$1)*50%)+(COUNTIFS(M66,"<="&$C$1)*20%)+(COUNTIFS(P66,"<="&$C$1)*10%)+(COUNTIFS(S66,"<="&$C$1)*20%) -> 0 | F66: =(COUNTIFS(K66,"<="&$C$1)*50%)+(COUNTIFS(N66,"<="&$C$1)*20%)+(COUNTIFS(Q66,"<="&$C$1)*10%)+(COUNTIFS(T66,"<="&$C$1)*20%) -> 0 | G66: =(COUNTIFS(L66,"<="&$C$1)*50%)+(COUNTIFS(O66,"<="&$C$1)*20%)+(COUNTIFS(R66,"<="&$C$1)*10%)+(COUNTIFS(U66,"<="&$C$1)*20%) -> 0 | H66: =G66-E66 -> 0 | I66: 0.4 | X66: =IF(OR(L66<>""),"Completed", IF(K66="","",IF(K66<TODAY(),"Overdue", IF(AND(K66>=TODAY()-WEEKDAY(TODAY(),2)+1,K66<=TODAY()-WEEKDAY(TODAY(),2)+7),"Follow-This Week", IF(AND(K66>=TODAY()-WEEKDAY(TODAY(),2)+8,K66<=TODAY()-WEEKDAY(TODAY(),2)+14),"Follow-Next Week",""))))) | Y66: =IF(OR(O66<>""),"Completed",IF(N66="","", IF(N66<TODAY(),"Overdue", IF(AND(N66>=TODAY()-WEEKDAY(TODAY(),2)+1,N66<=TODAY()-WEEKDAY(TODAY(),2)+7),"Follow-This Week", IF(AND(N66>=TODAY()-WEEKDAY(TODAY(),2)+8,N66<=TODAY()-WEEKDAY(TODAY(),2)+14),"Follow-Next Week",""))))) | Z66: =IF(OR(R66<>""),"Completed",IF(Q66="","", IF(Q66<TODAY(),"Overdue", IF(AND(Q66>=TODAY()-WEEKDAY(TODAY(),2)+1,Q66<=TODAY()-WEEKDAY(TODAY(),2)+7),"Follow-This Week", IF(AND(Q66>=TODAY()-WEEKDAY(TODAY(),2)+8,Q66<=TODAY()-WEEKDAY(TODAY(),2)+14),"Follow-Next Week",""))))) | AA66: =IF(OR(U66<>""),"Completed",IF(T66="","", IF(T66<TODAY(),"Overdue", IF(AND(T66>=TODAY()-WEEKDAY(TODAY(),2)+1,T66<=TODAY()-WEEKDAY(TODAY(),2)+7),"Follow-This Week", IF(AND(T66>=TODAY()-WEEKDAY(TODAY(),2)+8,T66<=TODAY()-WEEKDAY(TODAY(),2)+14),"Follow-Next Week","")))))
A67: ZWP-21 | B67: Report / Documents | C67: MM-ZTK-1F-ZWP21-STR-CAL-2150 | D67: ZWP21 CONSTRUCTION MODEL REPORT (AS-BUILT) | E67: =(COUNTIFS(J67,"<="&$C$1)*50%)+(COUNTIFS(M67,"<="&$C$1)*20%)+(COUNTIFS(P67,"<="&$C$1)*10%)+(COUNTIFS(S67,"<="&$C$1)*20%) -> 0 | F67: =(COUNTIFS(K67,"<="&$C$1)*50%)+(COUNTIFS(N67,"<="&$C$1)*20%)+(COUNTIFS(Q67,"<="&$C$1)*10%)+(COUNTIFS(T67,"<="&$C$1)*20%) -> 0 | G67: =(COUNTIFS(L67,"<="&$C$1)*50%)+(COUNTIFS(O67,"<="&$C$1)*20%)+(COUNTIFS(R67,"<="&$C$1)*10%)+(COUNTIFS(U67,"<="&$C$1)*20%) -> 0 | H67: =G67-E67 -> 0 | I67: 0.4 | X67: =IF(OR(L67<>""),"Completed", IF(K67="","",IF(K67<TODAY(),"Overdue", IF(AND(K67>=TODAY()-WEEKDAY(TODAY(),2)+1,K67<=TODAY()-WEEKDAY(TODAY(),2)+7),"Follow-This Week", IF(AND(K67>=TODAY()-WEEKDAY(TODAY(),2)+8,K67<=TODAY()-WEEKDAY(TODAY(),2)+14),"Follow-Next Week",""))))) | Y67: =IF(OR(O67<>""),"Completed",IF(N67="","", IF(N67<TODAY(),"Overdue", IF(AND(N67>=TODAY()-WEEKDAY(TODAY(),2)+1,N67<=TODAY()-WEEKDAY(TODAY(),2)+7),"Follow-This Week", IF(AND(N67>=TODAY()-WEEKDAY(TODAY(),2)+8,N67<=TODAY()-WEEKDAY(TODAY(),2)+14),"Follow-Next Week",""))))) | Z67: =IF(OR(R67<>""),"Completed",IF(Q67="","", IF(Q67<TODAY(),"Overdue", IF(AND(Q67>=TODAY()-WEEKDAY(TODAY(),2)+1,Q67<=TODAY()-WEEKDAY(TODAY(),2)+7),"Follow-This Week", IF(AND(Q67>=TODAY()-WEEKDAY(TODAY(),2)+8,Q67<=TODAY()-WEEKDAY(TODAY(),2)+14),"Follow-Next Week",""))))) | AA67: =IF(OR(U67<>""),"Completed",IF(T67="","", IF(T67<TODAY(),"Overdue", IF(AND(T67>=TODAY()-WEEKDAY(TODAY(),2)+1,T67<=TODAY()-WEEKDAY(TODAY(),2)+7),"Follow-This Week", IF(AND(T67>=TODAY()-WEEKDAY(TODAY(),2)+8,T67<=TODAY()-WEEKDAY(TODAY(),2)+14),"Follow-Next Week","")))))
X68: =IF(OR(L68<>""),"Completed", IF(K68="","",IF(K68<TODAY(),"Overdue", IF(AND(K68>=TODAY()-WEEKDAY(TODAY(),2)+1,K68<=TODAY()-WEEKDAY(TODAY(),2)+7),"Follow-This Week", IF(AND(K68>=TODAY()-WEEKDAY(TODAY(),2)+8,K68<=TODAY()-WEEKDAY(TODAY(),2)+14),"Follow-Next Week",""))))) | Y68: =IF(OR(O68<>""),"Completed",IF(N68="","", IF(N68<TODAY(),"Overdue", IF(AND(N68>=TODAY()-WEEKDAY(TODAY(),2)+1,N68<=TODAY()-WEEKDAY(TODAY(),2)+7),"Follow-This Week", IF(AND(N68>=TODAY()-WEEKDAY(TODAY(),2)+8,N68<=TODAY()-WEEKDAY(TODAY(),2)+14),"Follow-Next Week",""))))) | Z68: =IF(OR(R68<>""),"Completed",IF(Q68="","", IF(Q68<TODAY(),"Overdue", IF(AND(Q68>=TODAY()-WEEKDAY(TODAY(),2)+1,Q68<=TODAY()-WEEKDAY(TODAY(),2)+7),"Follow-This Week", IF(AND(Q68>=TODAY()-WEEKDAY(TODAY(),2)+8,Q68<=TODAY()-WEEKDAY(TODAY(),2)+14),"Follow-Next Week",""))))) | AA68: =IF(OR(U68<>""),"Completed",IF(T68="","", IF(T68<TODAY(),"Overdue", IF(AND(T68>=TODAY()-WEEKDAY(TODAY(),2)+1,T68<=TODAY()-WEEKDAY(TODAY(),2)+7),"Follow-This Week", IF(AND(T68>=TODAY()-WEEKDAY(TODAY(),2)+8,T68<=TODAY()-WEEKDAY(TODAY(),2)+14),"Follow-Next Week","")))))
A69: ZWP-23 | B69: Report / Documents | C69: MM-ZTK-1F-GEN-ZTR-SPE-2001 | D69: SPECIFICATION FOR GROUT SEALS AND DIAPHRAGM | E69: =(COUNTIFS(J69,"<="&$C$1)*50%)+(COUNTIFS(M69,"<="&$C$1)*20%)+(COUNTIFS(P69,"<="&$C$1)*10%)+(COUNTIFS(S69,"<="&$C$1)*20%) -> 1 | F69: =(COUNTIFS(K69,"<="&$C$1)*50%)+(COUNTIFS(N69,"<="&$C$1)*20%)+(COUNTIFS(Q69,"<="&$C$1)*10%)+(COUNTIFS(T69,"<="&$C$1)*20%) -> 1 | G69: =(COUNTIFS(L69,"<="&$C$1)*50%)+(COUNTIFS(O69,"<="&$C$1)*20%)+(COUNTIFS(R69,"<="&$C$1)*10%)+(COUNTIFS(U69,"<="&$C$1)*20%) -> 1 | H69: =G69-E69 -> 0 | I69: 0.2 | J69: 46115 | K69: =J69 -> 46115 | L69: 46115 | M69: =J69+42 -> 46157 | N69: =M69 -> 46157 | O69: 46191 | P69: =M69+42 -> 46199 | Q69: =P69 -> 46199 | R69: 46219 | S69: =P69+14 -> 46213 | T69: =S69 -> 46213 | U69: 46262 | X69: =IF(OR(L69<>""),"Completed", IF(K69="","",IF(K69<TODAY(),"Overdue", IF(AND(K69>=TODAY()-WEEKDAY(TODAY(),2)+1,K69<=TODAY()-WEEKDAY(TODAY(),2)+7),"Follow-This Week", IF(AND(K69>=TODAY()-WEEKDAY(TODAY(),2)+8,K69<=TODAY()-WEEKDAY(TODAY(),2)+14),"Follow-Next Week",""))))) -> Completed | Y69: =IF(OR(O69<>""),"Completed",IF(N69="","", IF(N69<TODAY(),"Overdue", IF(AND(N69>=TODAY()-WEEKDAY(TODAY(),2)+1,N69<=TODAY()-WEEKDAY(TODAY(),2)+7),"Follow-This Week", IF(AND(N69>=TODAY()-WEEKDAY(TODAY(),2)+8,N69<=TODAY()-WEEKDAY(TODAY(),2)+14),"Follow-Next Week",""))))) -> Completed | Z69: =IF(OR(R69<>""),"Completed",IF(Q69="","", IF(Q69<TODAY(),"Overdue", IF(AND(Q69>=TODAY()-WEEKDAY(TODAY(),2)+1,Q69<=TODAY()-WEEKDAY(TODAY(),2)+7),"Follow-This Week", IF(AND(Q69>=TODAY()-WEEKDAY(TODAY(),2)+8,Q69<=TODAY()-WEEKDAY(TODAY(),2)+14),"Follow-Next Week",""))))) -> Completed | AA69: =IF(OR(U69<>""),"Completed",IF(T69="","", IF(T69<TODAY(),"Overdue", IF(AND(T69>=TODAY()-WEEKDAY(TODAY(),2)+1,T69<=TODAY()-WEEKDAY(TODAY(),2)+7),"Follow-This Week", IF(AND(T69>=TODAY()-WEEKDAY(TODAY(),2)+8,T69<=TODAY()-WEEKDAY(TODAY(),2)+14),"Follow-Next Week",""))))) -> Completed
A70: ZWP-23 | B70: Report / Documents | C70: MM-ZTK-1F-GEN-ZTR-SPE-2002 | D70: SPECIFICATION FOR STAINLESS STEEL BUNDLES | E70: =(COUNTIFS(J70,"<="&$C$1)*50%)+(COUNTIFS(M70,"<="&$C$1)*20%)+(COUNTIFS(P70,"<="&$C$1)*10%)+(COUNTIFS(S70,"<="&$C$1)*20%) -> 1 | F70: =(COUNTIFS(K70,"<="&$C$1)*50%)+(COUNTIFS(N70,"<="&$C$1)*20%)+(COUNTIFS(Q70,"<="&$C$1)*10%)+(COUNTIFS(T70,"<="&$C$1)*20%) -> 1 | G70: =(COUNTIFS(L70,"<="&$C$1)*50%)+(COUNTIFS(O70,"<="&$C$1)*20%)+(COUNTIFS(R70,"<="&$C$1)*10%)+(COUNTIFS(U70,"<="&$C$1)*20%) -> 1 | H70: =G70-E70 -> 0 | I70: 0.2 | J70: 46115 | K70: =J70 -> 46115 | L70: 46115 | M70: =J70+42 -> 46157 | N70: =M70 -> 46157 | O70: 46171 | P70: =M70+42 -> 46199 | Q70: =P70 -> 46199 | R70: 46199 | S70: =P70+14 -> 46213 | T70: =S70 -> 46213 | U70: 46204 | X70: =IF(OR(L70<>""),"Completed", IF(K70="","",IF(K70<TODAY(),"Overdue", IF(AND(K70>=TODAY()-WEEKDAY(TODAY(),2)+1,K70<=TODAY()-WEEKDAY(TODAY(),2)+7),"Follow-This Week", IF(AND(K70>=TODAY()-WEEKDAY(TODAY(),2)+8,K70<=TODAY()-WEEKDAY(TODAY(),2)+14),"Follow-Next Week",""))))) -> Completed | Y70: =IF(OR(O70<>""),"Completed",IF(N70="","", IF(N70<TODAY(),"Overdue", IF(AND(N70>=TODAY()-WEEKDAY(TODAY(),2)+1,N70<=TODAY()-WEEKDAY(TODAY(),2)+7),"Follow-This Week", IF(AND(N70>=TODAY()-WEEKDAY(TODAY(),2)+8,N70<=TODAY()-WEEKDAY(TODAY(),2)+14),"Follow-Next Week",""))))) -> Completed | Z70: =IF(OR(R70<>""),"Completed",IF(Q70="","", IF(Q70<TODAY(),"Overdue", IF(AND(Q70>=TODAY()-WEEKDAY(TODAY(),2)+1,Q70<=TODAY()-WEEKDAY(TODAY(),2)+7),"Follow-This Week", IF(AND(Q70>=TODAY()-WEEKDAY(TODAY(),2)+8,Q70<=TODAY()-WEEKDAY(TODAY(),2)+14),"Follow-Next Week",""))))) -> Completed | AA70: =IF(OR(U70<>""),"Completed",IF(T70="","", IF(T70<TODAY(),"Overdue", IF(AND(T70>=TODAY()-WEEKDAY(TODAY(),2)+1,T70<=TODAY()-WEEKDAY(TODAY(),2)+7),"Follow-This Week", IF(AND(T70>=TODAY()-WEEKDAY(TODAY(),2)+8,T70<=TODAY()-WEEKDAY(TODAY(),2)+14),"Follow-Next Week",""))))) -> Completed
A71: ZWP-23 | B71: Report / Documents | C71: MM-ZTK-1F-GEN-ZTR-SPE-2003 | D71: SPECIFICATIONS FOR GRIPPER PERFORMANCE | E71: =(COUNTIFS(J71,"<="&$C$1)*50%)+(COUNTIFS(M71,"<="&$C$1)*20%)+(COUNTIFS(P71,"<="&$C$1)*10%)+(COUNTIFS(S71,"<="&$C$1)*20%) -> 1 | F71: =(COUNTIFS(K71,"<="&$C$1)*50%)+(COUNTIFS(N71,"<="&$C$1)*20%)+(COUNTIFS(Q71,"<="&$C$1)*10%)+(COUNTIFS(T71,"<="&$C$1)*20%) -> 1 | G71: =(COUNTIFS(L71,"<="&$C$1)*50%)+(COUNTIFS(O71,"<="&$C$1)*20%)+(COUNTIFS(R71,"<="&$C$1)*10%)+(COUNTIFS(U71,"<="&$C$1)*20%) -> 1 | H71: =G71-E71 -> 0 | I71: 0.2 | J71: 46115 | K71: =J71 -> 46115 | L71: 46115 | M71: =J71+42 -> 46157 | N71: =M71 -> 46157 | O71: 46171 | P71: =M71+42 -> 46199 | Q71: =P71 -> 46199 | R71: 46219 | S71: =P71+14 -> 46213 | T71: =S71 -> 46213 | U71: 46233 | X71: =IF(OR(L71<>""),"Completed", IF(K71="","",IF(K71<TODAY(),"Overdue", IF(AND(K71>=TODAY()-WEEKDAY(TODAY(),2)+1,K71<=TODAY()-WEEKDAY(TODAY(),2)+7),"Follow-This Week", IF(AND(K71>=TODAY()-WEEKDAY(TODAY(),2)+8,K71<=TODAY()-WEEKDAY(TODAY(),2)+14),"Follow-Next Week",""))))) -> Completed | Y71: =IF(OR(O71<>""),"Completed",IF(N71="","", IF(N71<TODAY(),"Overdue", IF(AND(N71>=TODAY()-WEEKDAY(TODAY(),2)+1,N71<=TODAY()-WEEKDAY(TODAY(),2)+7),"Follow-This Week", IF(AND(N71>=TODAY()-WEEKDAY(TODAY(),2)+8,N71<=TODAY()-WEEKDAY(TODAY(),2)+14),"Follow-Next Week",""))))) -> Completed | Z71: =IF(OR(R71<>""),"Completed",IF(Q71="","", IF(Q71<TODAY(),"Overdue", IF(AND(Q71>=TODAY()-WEEKDAY(TODAY(),2)+1,Q71<=TODAY()-WEEKDAY(TODAY(),2)+7),"Follow-This Week", IF(AND(Q71>=TODAY()-WEEKDAY(TODAY(),2)+8,Q71<=TODAY()-WEEKDAY(TODAY(),2)+14),"Follow-Next Week",""))))) -> Completed | AA71: =IF(OR(U71<>""),"Completed",IF(T71="","", IF(T71<TODAY(),"Overdue", IF(AND(T71>=TODAY()-WEEKDAY(TODAY(),2)+1,T71<=TODAY()-WEEKDAY(TODAY(),2)+7),"Follow-This Week", IF(AND(T71>=TODAY()-WEEKDAY(TODAY(),2)+8,T71<=TODAY()-WEEKDAY(TODAY(),2)+14),"Follow-Next Week",""))))) -> Completed
A72: ZWP-23 | B72: Report / Documents | C72: MM-ZTK-1F-GEN-ZTR-SPE-2004 | D72: SPECIFICATION FOR GROUTING AND INSTALLATION | E72: =(COUNTIFS(J72,"<="&$C$1)*50%)+(COUNTIFS(M72,"<="&$C$1)*20%)+(COUNTIFS(P72,"<="&$C$1)*10%)+(COUNTIFS(S72,"<="&$C$1)*20%) -> 1 | F72: =(COUNTIFS(K72,"<="&$C$1)*50%)+(COUNTIFS(N72,"<="&$C$1)*20%)+(COUNTIFS(Q72,"<="&$C$1)*10%)+(COUNTIFS(T72,"<="&$C$1)*20%) -> 1 | G72: =(COUNTIFS(L72,"<="&$C$1)*50%)+(COUNTIFS(O72,"<="&$C$1)*20%)+(COUNTIFS(R72,"<="&$C$1)*10%)+(COUNTIFS(U72,"<="&$C$1)*20%) -> 1 | H72: =G72-E72 -> 0 | I72: 0.2 | J72: 46115 | K72: =J72 -> 46115 | L72: 46115 | M72: =J72+42 -> 46157 | N72: =M72 -> 46157 | O72: 46171 | P72: =M72+42 -> 46199 | Q72: =P72 -> 46199 | R72: 46274 | S72: =P72+14 -> 46213 | T72: =S72 -> 46213 | U72: 46288 | X72: =IF(OR(L72<>""),"Completed", IF(K72="","",IF(K72<TODAY(),"Overdue", IF(AND(K72>=TODAY()-WEEKDAY(TODAY(),2)+1,K72<=TODAY()-WEEKDAY(TODAY(),2)+7),"Follow-This Week", IF(AND(K72>=TODAY()-WEEKDAY(TODAY(),2)+8,K72<=TODAY()-WEEKDAY(TODAY(),2)+14),"Follow-Next Week",""))))) -> Completed | Y72: =IF(OR(O72<>""),"Completed",IF(N72="","", IF(N72<TODAY(),"Overdue", IF(AND(N72>=TODAY()-WEEKDAY(TODAY(),2)+1,N72<=TODAY()-WEEKDAY(TODAY(),2)+7),"Follow-This Week", IF(AND(N72>=TODAY()-WEEKDAY(TODAY(),2)+8,N72<=TODAY()-WEEKDAY(TODAY(),2)+14),"Follow-Next Week",""))))) -> Completed | Z72: =IF(OR(R72<>""),"Completed",IF(Q72="","", IF(Q72<TODAY(),"Overdue", IF(AND(Q72>=TODAY()-WEEKDAY(TODAY(),2)+1,Q72<=TODAY()-WEEKDAY(TODAY(),2)+7),"Follow-This Week", IF(AND(Q72>=TODAY()-WEEKDAY(TODAY(),2)+8,Q72<=TODAY()-WEEKDAY(TODAY(),2)+14),"Follow-Next Week",""))))) -> Completed | AA72: =IF(OR(U72<>""),"Completed",IF(T72="","", IF(T72<TODAY(),"Overdue", IF(AND(T72>=TODAY()-WEEKDAY(TODAY(),2)+1,T72<=TODAY()-WEEKDAY(TODAY(),2)+7),"Follow-This Week", IF(AND(T72>=TODAY()-WEEKDAY(TODAY(),2)+8,T72<=TODAY()-WEEKDAY(TODAY(),2)+14),"Follow-Next Week",""))))) -> Completed
A73: ZWP-23 | B73: Report / Documents | C73: MM-ZTK-1F-GEN-ZTK-SPE-2005 | D73: SPECIFICATION FOR HYDRAULIC DRIVEN FLOODING SYSTEMS | E73: =(COUNTIFS(J73,"<="&$C$1)*50%)+(COUNTIFS(M73,"<="&$C$1)*20%)+(COUNTIFS(P73,"<="&$C$1)*10%)+(COUNTIFS(S73,"<="&$C$1)*20%) -> 1 | F73: =(COUNTIFS(K73,"<="&$C$1)*50%)+(COUNTIFS(N73,"<="&$C$1)*20%)+(COUNTIFS(Q73,"<="&$C$1)*10%)+(COUNTIFS(T73,"<="&$C$1)*20%) -> 1 | G73: =(COUNTIFS(L73,"<="&$C$1)*50%)+(COUNTIFS(O73,"<="&$C$1)*20%)+(COUNTIFS(R73,"<="&$C$1)*10%)+(COUNTIFS(U73,"<="&$C$1)*20%) -> 1 | H73: =G73-E73 -> 0 | I73: 0.2 | J73: 46115 | K73: =J73 -> 46115 | L73: 46115 | M73: =J73+42 -> 46157 | N73: =M73 -> 46157 | O73: 46199 | P73: =M73+42 -> 46199 | Q73: =P73 -> 46199 | R73: 46204 | S73: =P73+14 -> 46213 | T73: =S73 -> 46213 | U73: 46213 | X73: =IF(OR(L73<>""),"Completed", IF(K73="","",IF(K73<TODAY(),"Overdue", IF(AND(K73>=TODAY()-WEEKDAY(TODAY(),2)+1,K73<=TODAY()-WEEKDAY(TODAY(),2)+7),"Follow-This Week", IF(AND(K73>=TODAY()-WEEKDAY(TODAY(),2)+8,K73<=TODAY()-WEEKDAY(TODAY(),2)+14),"Follow-Next Week",""))))) -> Completed | Y73: =IF(OR(O73<>""),"Completed",IF(N73="","", IF(N73<TODAY(),"Overdue", IF(AND(N73>=TODAY()-WEEKDAY(TODAY(),2)+1,N73<=TODAY()-WEEKDAY(TODAY(),2)+7),"Follow-This Week", IF(AND(N73>=TODAY()-WEEKDAY(TODAY(),2)+8,N73<=TODAY()-WEEKDAY(TODAY(),2)+14),"Follow-Next Week",""))))) -> Completed | Z73: =IF(OR(R73<>""),"Completed",IF(Q73="","", IF(Q73<TODAY(),"Overdue", IF(AND(Q73>=TODAY()-WEEKDAY(TODAY(),2)+1,Q73<=TODAY()-WEEKDAY(TODAY(),2)+7),"Follow-This Week", IF(AND(Q73>=TODAY()-WEEKDAY(TODAY(),2)+8,Q73<=TODAY()-WEEKDAY(TODAY(),2)+14),"Follow-Next Week",""))))) -> Completed | AA73: =IF(OR(U73<>""),"Completed",IF(T73="","", IF(T73<TODAY(),"Overdue", IF(AND(T73>=TODAY()-WEEKDAY(TODAY(),2)+1,T73<=TODAY()-WEEKDAY(TODAY(),2)+7),"Follow-This Week", IF(AND(T73>=TODAY()-WEEKDAY(TODAY(),2)+8,T73<=TODAY()-WEEKDAY(TODAY(),2)+14),"Follow-Next Week",""))))) -> Completed
A74: ZWP-23 | B74: Report / Documents | C74: MM-ZTK-1F-ZWP23-STR-CAL-2001 | D74: ZWP23 JACKET COMPUTER MODELING AND LOAD FORMULATION - SUPERSEDED | E74: =(COUNTIFS(J74,"<="&$C$1)*50%)+(COUNTIFS(M74,"<="&$C$1)*20%)+(COUNTIFS(P74,"<="&$C$1)*10%)+(COUNTIFS(S74,"<="&$C$1)*20%) -> 1 | F74: =(COUNTIFS(K74,"<="&$C$1)*50%)+(COUNTIFS(N74,"<="&$C$1)*20%)+(COUNTIFS(Q74,"<="&$C$1)*10%)+(COUNTIFS(T74,"<="&$C$1)*20%) -> 1 | G74: =(COUNTIFS(L74,"<="&$C$1)*50%)+(COUNTIFS(O74,"<="&$C$1)*20%)+(COUNTIFS(R74,"<="&$C$1)*10%)+(COUNTIFS(U74,"<="&$C$1)*20%) -> 1 | H74: =G74-E74 -> 0 | I74: 0.25 | J74: =J9+28 -> 46150 | K74: =J74 -> 46150 | L74: 46150 | M74: =J74+42 -> 46192 | N74: =M74 -> 46192 | O74: 46220 | P74: =M74+42 -> 46234 | Q74: =P74 -> 46234 | R74: 46241 | S74: =P74+14 -> 46248 | T74: =S74 -> 46248 | U74: 46241 | X74: =IF(OR(L74<>""),"Completed", IF(K74="","",IF(K74<TODAY(),"Overdue", IF(AND(K74>=TODAY()-WEEKDAY(TODAY(),2)+1,K74<=TODAY()-WEEKDAY(TODAY(),2)+7),"Follow-This Week", IF(AND(K74>=TODAY()-WEEKDAY(TODAY(),2)+8,K74<=TODAY()-WEEKDAY(TODAY(),2)+14),"Follow-Next Week",""))))) -> Completed | Y74: =IF(OR(O74<>""),"Completed",IF(N74="","", IF(N74<TODAY(),"Overdue", IF(AND(N74>=TODAY()-WEEKDAY(TODAY(),2)+1,N74<=TODAY()-WEEKDAY(TODAY(),2)+7),"Follow-This Week", IF(AND(N74>=TODAY()-WEEKDAY(TODAY(),2)+8,N74<=TODAY()-WEEKDAY(TODAY(),2)+14),"Follow-Next Week",""))))) -> Completed | Z74: =IF(OR(R74<>""),"Completed",IF(Q74="","", IF(Q74<TODAY(),"Overdue", IF(AND(Q74>=TODAY()-WEEKDAY(TODAY(),2)+1,Q74<=TODAY()-WEEKDAY(TODAY(),2)+7),"Follow-This Week", IF(AND(Q74>=TODAY()-WEEKDAY(TODAY(),2)+8,Q74<=TODAY()-WEEKDAY(TODAY(),2)+14),"Follow-Next Week",""))))) -> Completed | AA74: =IF(OR(U74<>""),"Completed",IF(T74="","", IF(T74<TODAY(),"Overdue", IF(AND(T74>=TODAY()-WEEKDAY(TODAY(),2)+1,T74<=TODAY()-WEEKDAY(TODAY(),2)+7),"Follow-This Week", IF(AND(T74>=TODAY()-WEEKDAY(TODAY(),2)+8,T74<=TODAY()-WEEKDAY(TODAY(),2)+14),"Follow-Next Week",""))))) -> Completed
A75: ZWP-23 | B75: Report / Documents | C75: MM-ZTK-1F-ZWP23-STR-CAL-2001 | D75: ZWP23 JACKET COMPUTER MODELING AND LOAD FORMULATION - NEW WATER DEPTH | E75: =(COUNTIFS(J75,"<="&$C$1)*50%)+(COUNTIFS(M75,"<="&$C$1)*20%)+(COUNTIFS(P75,"<="&$C$1)*10%)+(COUNTIFS(S75,"<="&$C$1)*20%) -> 1 | F75: =(COUNTIFS(K75,"<="&$C$1)*50%)+(COUNTIFS(N75,"<="&$C$1)*20%)+(COUNTIFS(Q75,"<="&$C$1)*10%)+(COUNTIFS(T75,"<="&$C$1)*20%) -> 1 | G75: =(COUNTIFS(L75,"<="&$C$1)*50%)+(COUNTIFS(O75,"<="&$C$1)*20%)+(COUNTIFS(R75,"<="&$C$1)*10%)+(COUNTIFS(U75,"<="&$C$1)*20%) -> 0.8 | H75: =G75-E75 -> -0.2 | I75: 0.25 | J75: =J10+28 -> 46150 | K75: =J75 -> 46150 | L75: 46150 | M75: =J75+42 -> 46192 | N75: =M75 -> 46192 | O75: 46220 | P75: 46277 | Q75: =P75 -> 46277 | R75: 46290 | S75: =P75+14 -> 46291 | T75: =S75 -> 46291 | X75: =IF(OR(L75<>""),"Completed", IF(K75="","",IF(K75<TODAY(),"Overdue", IF(AND(K75>=TODAY()-WEEKDAY(TODAY(),2)+1,K75<=TODAY()-WEEKDAY(TODAY(),2)+7),"Follow-This Week", IF(AND(K75>=TODAY()-WEEKDAY(TODAY(),2)+8,K75<=TODAY()-WEEKDAY(TODAY(),2)+14),"Follow-Next Week",""))))) -> Completed | Y75: =IF(OR(O75<>""),"Completed",IF(N75="","", IF(N75<TODAY(),"Overdue", IF(AND(N75>=TODAY()-WEEKDAY(TODAY(),2)+1,N75<=TODAY()-WEEKDAY(TODAY(),2)+7),"Follow-This Week", IF(AND(N75>=TODAY()-WEEKDAY(TODAY(),2)+8,N75<=TODAY()-WEEKDAY(TODAY(),2)+14),"Follow-Next Week",""))))) -> Completed | Z75: =IF(OR(R75<>""),"Completed",IF(Q75="","", IF(Q75<TODAY(),"Overdue", IF(AND(Q75>=TODAY()-WEEKDAY(TODAY(),2)+1,Q75<=TODAY()-WEEKDAY(TODAY(),2)+7),"Follow-This Week", IF(AND(Q75>=TODAY()-WEEKDAY(TODAY(),2)+8,Q75<=TODAY()-WEEKDAY(TODAY(),2)+14),"Follow-Next Week",""))))) -> Completed | AA75: =IF(OR(U75<>""),"Completed",IF(T75="","", IF(T75<TODAY(),"Overdue", IF(AND(T75>=TODAY()-WEEKDAY(TODAY(),2)+1,T75<=TODAY()-WEEKDAY(TODAY(),2)+7),"Follow-This Week", IF(AND(T75>=TODAY()-WEEKDAY(TODAY(),2)+8,T75<=TODAY()-WEEKDAY(TODAY(),2)+14),"Follow-Next Week",""))))) -> Overdue
A76: ZWP-23 | B76: Report / Documents | C76: MM-ZTK-1F-ZWP23-STR-CAL-2011 | D76: ZWP23 JACKET IN-PLACE ANALYSIS - SUPERSEDED | E76: =(COUNTIFS(J76,"<="&$C$1)*50%)+(COUNTIFS(M76,"<="&$C$1)*20%)+(COUNTIFS(P76,"<="&$C$1)*10%)+(COUNTIFS(S76,"<="&$C$1)*20%) -> 1 | F76: =(COUNTIFS(K76,"<="&$C$1)*50%)+(COUNTIFS(N76,"<="&$C$1)*20%)+(COUNTIFS(Q76,"<="&$C$1)*10%)+(COUNTIFS(T76,"<="&$C$1)*20%) -> 1 | G76: =(COUNTIFS(L76,"<="&$C$1)*50%)+(COUNTIFS(O76,"<="&$C$1)*20%)+(COUNTIFS(R76,"<="&$C$1)*10%)+(COUNTIFS(U76,"<="&$C$1)*20%) -> 1 | H76: =G76-E76 -> 0 | I76: 0.25 | J76: =J11+28 -> 46164 | K76: =J76 -> 46164 | L76: 46178 | M76: =J76+42 -> 46206 | N76: =M76 -> 46206 | O76: 46227 | P76: =M76+42 -> 46248 | Q76: =P76 -> 46248 | R76: 46276 | S76: =P76+14 -> 46262 | T76: =S76 -> 46262 | U76: 46276 | X76: =IF(OR(L76<>""),"Completed", IF(K76="","",IF(K76<TODAY(),"Overdue", IF(AND(K76>=TODAY()-WEEKDAY(TODAY(),2)+1,K76<=TODAY()-WEEKDAY(TODAY(),2)+7),"Follow-This Week", IF(AND(K76>=TODAY()-WEEKDAY(TODAY(),2)+8,K76<=TODAY()-WEEKDAY(TODAY(),2)+14),"Follow-Next Week",""))))) -> Completed | Y76: =IF(OR(O76<>""),"Completed",IF(N76="","", IF(N76<TODAY(),"Overdue", IF(AND(N76>=TODAY()-WEEKDAY(TODAY(),2)+1,N76<=TODAY()-WEEKDAY(TODAY(),2)+7),"Follow-This Week", IF(AND(N76>=TODAY()-WEEKDAY(TODAY(),2)+8,N76<=TODAY()-WEEKDAY(TODAY(),2)+14),"Follow-Next Week",""))))) -> Completed | Z76: =IF(OR(R76<>""),"Completed",IF(Q76="","", IF(Q76<TODAY(),"Overdue", IF(AND(Q76>=TODAY()-WEEKDAY(TODAY(),2)+1,Q76<=TODAY()-WEEKDAY(TODAY(),2)+7),"Follow-This Week", IF(AND(Q76>=TODAY()-WEEKDAY(TODAY(),2)+8,Q76<=TODAY()-WEEKDAY(TODAY(),2)+14),"Follow-Next Week",""))))) -> Completed | AA76: =IF(OR(U76<>""),"Completed",IF(T76="","", IF(T76<TODAY(),"Overdue", IF(AND(T76>=TODAY()-WEEKDAY(TODAY(),2)+1,T76<=TODAY()-WEEKDAY(TODAY(),2)+7),"Follow-This Week", IF(AND(T76>=TODAY()-WEEKDAY(TODAY(),2)+8,T76<=TODAY()-WEEKDAY(TODAY(),2)+14),"Follow-Next Week",""))))) -> Completed
A77: ZWP-23 | B77: Report / Documents | C77: MM-ZTK-1F-ZWP23-STR-CAL-2011 | D77: ZWP23 JACKET IN-PLACE ANALYSIS - UPDATED WATER DEPTH | E77: =(COUNTIFS(J77,"<="&$C$1)*50%)+(COUNTIFS(M77,"<="&$C$1)*20%)+(COUNTIFS(P77,"<="&$C$1)*10%)+(COUNTIFS(S77,"<="&$C$1)*20%) -> 1 | F77: =(COUNTIFS(K77,"<="&$C$1)*50%)+(COUNTIFS(N77,"<="&$C$1)*20%)+(COUNTIFS(Q77,"<="&$C$1)*10%)+(COUNTIFS(T77,"<="&$C$1)*20%) -> 1 | G77: =(COUNTIFS(L77,"<="&$C$1)*50%)+(COUNTIFS(O77,"<="&$C$1)*20%)+(COUNTIFS(R77,"<="&$C$1)*10%)+(COUNTIFS(U77,"<="&$C$1)*20%) -> 0.7 | H77: =G77-E77 -> -0.3 | I77: 0.25 | J77: =J11+28 -> 46164 | K77: =J77 -> 46164 | L77: 46178 | M77: =J77+42 -> 46206 | N77: =M77 -> 46206 | O77: 46227 | P77: =M77+42 -> 46248 | Q77: =P77 -> 46248 | S77: =P77+14 -> 46262 | T77: =S77 -> 46262 | X77: =IF(OR(L77<>""),"Completed", IF(K77="","",IF(K77<TODAY(),"Overdue", IF(AND(K77>=TODAY()-WEEKDAY(TODAY(),2)+1,K77<=TODAY()-WEEKDAY(TODAY(),2)+7),"Follow-This Week", IF(AND(K77>=TODAY()-WEEKDAY(TODAY(),2)+8,K77<=TODAY()-WEEKDAY(TODAY(),2)+14),"Follow-Next Week",""))))) -> Completed | Y77: =IF(OR(O77<>""),"Completed",IF(N77="","", IF(N77<TODAY(),"Overdue", IF(AND(N77>=TODAY()-WEEKDAY(TODAY(),2)+1,N77<=TODAY()-WEEKDAY(TODAY(),2)+7),"Follow-This Week", IF(AND(N77>=TODAY()-WEEKDAY(TODAY(),2)+8,N77<=TODAY()-WEEKDAY(TODAY(),2)+14),"Follow-Next Week",""))))) -> Completed | Z77: =IF(OR(R77<>""),"Completed",IF(Q77="","", IF(Q77<TODAY(),"Overdue", IF(AND(Q77>=TODAY()-WEEKDAY(TODAY(),2)+1,Q77<=TODAY()-WEEKDAY(TODAY(),2)+7),"Follow-This Week", IF(AND(Q77>=TODAY()-WEEKDAY(TODAY(),2)+8,Q77<=TODAY()-WEEKDAY(TODAY(),2)+14),"Follow-Next Week",""))))) -> Overdue | AA77: =IF(OR(U77<>""),"Completed",IF(T77="","", IF(T77<TODAY(),"Overdue", IF(AND(T77>=TODAY()-WEEKDAY(TODAY(),2)+1,T77<=TODAY()-WEEKDAY(TODAY(),2)+7),"Follow-This Week", IF(AND(T77>=TODAY()-WEEKDAY(TODAY(),2)+8,T77<=TODAY()-WEEKDAY(TODAY(),2)+14),"Follow-Next Week",""))))) -> Overdue
A78: ZWP-23 | B78: Report / Documents | C78: MM-ZTK-1F-ZWP23-STR-CAL-2012 | D78: ZWP23 JACKET DYNAMIC ANALYSIS - SUPERSEDED | E78: =(COUNTIFS(J78,"<="&$C$1)*50%)+(COUNTIFS(M78,"<="&$C$1)*20%)+(COUNTIFS(P78,"<="&$C$1)*10%)+(COUNTIFS(S78,"<="&$C$1)*20%) -> 1 | F78: =(COUNTIFS(K78,"<="&$C$1)*50%)+(COUNTIFS(N78,"<="&$C$1)*20%)+(COUNTIFS(Q78,"<="&$C$1)*10%)+(COUNTIFS(T78,"<="&$C$1)*20%) -> 1 | G78: =(COUNTIFS(L78,"<="&$C$1)*50%)+(COUNTIFS(O78,"<="&$C$1)*20%)+(COUNTIFS(R78,"<="&$C$1)*10%)+(COUNTIFS(U78,"<="&$C$1)*20%) -> 1 | H78: =G78-E78 -> 0 | I78: 0.25 | J78: =J13+28 -> 46171 | K78: =J78 -> 46171 | L78: 46161 | M78: =J78+42 -> 46213 | N78: =M78 -> 46213 | O78: 46223 | P78: =M78+42 -> 46255 | Q78: =P78 -> 46255 | R78: 46276 | S78: =P78+14 -> 46269 | T78: =S78 -> 46269 | U78: 46276 | X78: =IF(OR(L78<>""),"Completed", IF(K78="","",IF(K78<TODAY(),"Overdue", IF(AND(K78>=TODAY()-WEEKDAY(TODAY(),2)+1,K78<=TODAY()-WEEKDAY(TODAY(),2)+7),"Follow-This Week", IF(AND(K78>=TODAY()-WEEKDAY(TODAY(),2)+8,K78<=TODAY()-WEEKDAY(TODAY(),2)+14),"Follow-Next Week",""))))) -> Completed | Y78: =IF(OR(O78<>""),"Completed",IF(N78="","", IF(N78<TODAY(),"Overdue", IF(AND(N78>=TODAY()-WEEKDAY(TODAY(),2)+1,N78<=TODAY()-WEEKDAY(TODAY(),2)+7),"Follow-This Week", IF(AND(N78>=TODAY()-WEEKDAY(TODAY(),2)+8,N78<=TODAY()-WEEKDAY(TODAY(),2)+14),"Follow-Next Week",""))))) -> Completed | Z78: =IF(OR(R78<>""),"Completed",IF(Q78="","", IF(Q78<TODAY(),"Overdue", IF(AND(Q78>=TODAY()-WEEKDAY(TODAY(),2)+1,Q78<=TODAY()-WEEKDAY(TODAY(),2)+7),"Follow-This Week", IF(AND(Q78>=TODAY()-WEEKDAY(TODAY(),2)+8,Q78<=TODAY()-WEEKDAY(TODAY(),2)+14),"Follow-Next Week",""))))) -> Completed | AA78: =IF(OR(U78<>""),"Completed",IF(T78="","", IF(T78<TODAY(),"Overdue", IF(AND(T78>=TODAY()-WEEKDAY(TODAY(),2)+1,T78<=TODAY()-WEEKDAY(TODAY(),2)+7),"Follow-This Week", IF(AND(T78>=TODAY()-WEEKDAY(TODAY(),2)+8,T78<=TODAY()-WEEKDAY(TODAY(),2)+14),"Follow-Next Week",""))))) -> Completed
A79: ZWP-23 | B79: Report / Documents | C79: MM-ZTK-1F-ZWP23-STR-CAL-2012 | D79: ZWP23 JACKET DYNAMIC ANALYSIS - UPDATED WATER DEPTH | E79: =(COUNTIFS(J79,"<="&$C$1)*50%)+(COUNTIFS(M79,"<="&$C$1)*20%)+(COUNTIFS(P79,"<="&$C$1)*10%)+(COUNTIFS(S79,"<="&$C$1)*20%) -> 1 | F79: =(COUNTIFS(K79,"<="&$C$1)*50%)+(COUNTIFS(N79,"<="&$C$1)*20%)+(COUNTIFS(Q79,"<="&$C$1)*10%)+(COUNTIFS(T79,"<="&$C$1)*20%) -> 1 | G79: =(COUNTIFS(L79,"<="&$C$1)*50%)+(COUNTIFS(O79,"<="&$C$1)*20%)+(COUNTIFS(R79,"<="&$C$1)*10%)+(COUNTIFS(U79,"<="&$C$1)*20%) -> 1 | H79: =G79-E79 -> 0 | I79: 0.25 | J79: =J13+28 -> 46171 | K79: =J79 -> 46171 | L79: 46161 | M79: =J79+42 -> 46213 | N79: =M79 -> 46213 | O79: 46223 | P79: =M79+42 -> 46255 | Q79: =P79 -> 46255 | R79: 46283 | S79: =P79+14 -> 46269 | T79: =S79 -> 46269 | U79: 46300 | X79: =IF(OR(L79<>""),"Completed", IF(K79="","",IF(K79<TODAY(),"Overdue", IF(AND(K79>=TODAY()-WEEKDAY(TODAY(),2)+1,K79<=TODAY()-WEEKDAY(TODAY(),2)+7),"Follow-This Week", IF(AND(K79>=TODAY()-WEEKDAY(TODAY(),2)+8,K79<=TODAY()-WEEKDAY(TODAY(),2)+14),"Follow-Next Week",""))))) -> Completed | Y79: =IF(OR(O79<>""),"Completed",IF(N79="","", IF(N79<TODAY(),"Overdue", IF(AND(N79>=TODAY()-WEEKDAY(TODAY(),2)+1,N79<=TODAY()-WEEKDAY(TODAY(),2)+7),"Follow-This Week", IF(AND(N79>=TODAY()-WEEKDAY(TODAY(),2)+8,N79<=TODAY()-WEEKDAY(TODAY(),2)+14),"Follow-Next Week",""))))) -> Completed | Z79: =IF(OR(R79<>""),"Completed",IF(Q79="","", IF(Q79<TODAY(),"Overdue", IF(AND(Q79>=TODAY()-WEEKDAY(TODAY(),2)+1,Q79<=TODAY()-WEEKDAY(TODAY(),2)+7),"Follow-This Week", IF(AND(Q79>=TODAY()-WEEKDAY(TODAY(),2)+8,Q79<=TODAY()-WEEKDAY(TODAY(),2)+14),"Follow-Next Week",""))))) -> Completed | AA79: =IF(OR(U79<>""),"Completed",IF(T79="","", IF(T79<TODAY(),"Overdue", IF(AND(T79>=TODAY()-WEEKDAY(TODAY(),2)+1,T79<=TODAY()-WEEKDAY(TODAY(),2)+7),"Follow-This Week", IF(AND(T79>=TODAY()-WEEKDAY(TODAY(),2)+8,T79<=TODAY()-WEEKDAY(TODAY(),2)+14),"Follow-Next Week",""))))) -> Completed
A80: ZWP-23 | B80: Report / Documents | C80: MM-ZTK-1F-ZWP23-STR-CAL-2014 | D80: ZWP23 JACKET LOADOUT ANALYSIS - SUPERSEDED | E80: =(COUNTIFS(J80,"<="&$C$1)*50%)+(COUNTIFS(M80,"<="&$C$1)*20%)+(COUNTIFS(P80,"<="&$C$1)*10%)+(COUNTIFS(S80,"<="&$C$1)*20%) -> 1 | F80: =(COUNTIFS(K80,"<="&$C$1)*50%)+(COUNTIFS(N80,"<="&$C$1)*20%)+(COUNTIFS(Q80,"<="&$C$1)*10%)+(COUNTIFS(T80,"<="&$C$1)*20%) -> 1 | G80: =(COUNTIFS(L80,"<="&$C$1)*50%)+(COUNTIFS(O80,"<="&$C$1)*20%)+(COUNTIFS(R80,"<="&$C$1)*10%)+(COUNTIFS(U80,"<="&$C$1)*20%) -> 1 | H80: =G80-E80 -> 0 | I80: 0.25 | J80: =J15+28 -> 46178 | K80: =J80 -> 46178 | L80: 46150 | M80: =J80+42 -> 46220 | N80: =M80 -> 46220 | O80: 46230 | P80: =M80+42 -> 46262 | Q80: =P80 -> 46262 | R80: 46276 | S80: =P80+14 -> 46276 | T80: =S80 -> 46276 | U80: 46276 | X80: =IF(OR(L80<>""),"Completed", IF(K80="","",IF(K80<TODAY(),"Overdue", IF(AND(K80>=TODAY()-WEEKDAY(TODAY(),2)+1,K80<=TODAY()-WEEKDAY(TODAY(),2)+7),"Follow-This Week", IF(AND(K80>=TODAY()-WEEKDAY(TODAY(),2)+8,K80<=TODAY()-WEEKDAY(TODAY(),2)+14),"Follow-Next Week",""))))) -> Completed | Y80: =IF(OR(O80<>""),"Completed",IF(N80="","", IF(N80<TODAY(),"Overdue", IF(AND(N80>=TODAY()-WEEKDAY(TODAY(),2)+1,N80<=TODAY()-WEEKDAY(TODAY(),2)+7),"Follow-This Week", IF(AND(N80>=TODAY()-WEEKDAY(TODAY(),2)+8,N80<=TODAY()-WEEKDAY(TODAY(),2)+14),"Follow-Next Week",""))))) -> Completed | Z80: =IF(OR(R80<>""),"Completed",IF(Q80="","", IF(Q80<TODAY(),"Overdue", IF(AND(Q80>=TODAY()-WEEKDAY(TODAY(),2)+1,Q80<=TODAY()-WEEKDAY(TODAY(),2)+7),"Follow-This Week", IF(AND(Q80>=TODAY()-WEEKDAY(TODAY(),2)+8,Q80<=TODAY()-WEEKDAY(TODAY(),2)+14),"Follow-Next Week",""))))) -> Completed | AA80: =IF(OR(U80<>""),"Completed",IF(T80="","", IF(T80<TODAY(),"Overdue", IF(AND(T80>=TODAY()-WEEKDAY(TODAY(),2)+1,T80<=TODAY()-WEEKDAY(TODAY(),2)+7),"Follow-This Week", IF(AND(T80>=TODAY()-WEEKDAY(TODAY(),2)+8,T80<=TODAY()-WEEKDAY(TODAY(),2)+14),"Follow-Next Week",""))))) -> Completed
